Workbook

Sheet Introduction
D8: RESULT PROCESSING SYSTEM Developed by ALI HOSSAIN
C10: Lecturer in Information & Communication Technology, Bamni Degree College, Companiganj, Noakhali
D11: BSc. in Computer Science & Enginnering, University of Chittagong

Sheet Inputs
A2: Title of Exam | C2: First Year - Term Exam 2024
A4: Number of Science Students
A6: Number of Commerce Students
A8: Number of Arts Students
A10: Total Number of Students | C10: =C4+C6+C8 -> 0
A12: MCQ Mark | C12: 25
A14: CQ Mark | C14: 50
A16: Practical Mark | C16: 25
A18: Total Marks | C18: =C12+C14+C16 -> 100

Sheet Sheet1
A1: Group | B1: Roll | C1: Subject1 | D1: Subject2 | E1: Subject3 | F1: Subject4
A2: Science | B2: 701
A3: Science | B3: 702
A4: Science | B4: 703
A5: Science | B5: 704
A6: Science | B6: 705
A7: Science | B7: 706
A8: Science | B8: 707
A9: Science | B9: 708
A10: Science | B10: 709
A11: Science | B11: 710
A12: Commerce
A13: Commerce
A14: Commerce
A15: Commerce
A16: Commerce
A17: Arts
A18: Arts
A19: Arts
A20: Arts
A21: Arts

Sheet Student Basic Info
A1: ID | B1: Group | C1: Name | D1: Father | E1: Mother | F1: Gender | G1: Religion | H1: Address | I1: Contact | J1: Session | K1: Name in Bengali | L1: Father in Bengali | M1: Mother in Bengali | N1: Remarks
A2: 701 | B2: Science | C2: Tanjila Mostafa Tasnim | D2: Golam Mostafa | E2: Farjana Mostafa | F2: Female | G2: Islam | H2: Rampur, Companiganj, Noakhali | I2: 01884-168997 | J2: 2023-2024
A3: 702 | B3: Science | C3: Foyez Ahmed | D3: Hafim Ahmed | E3: Amena Aktar | F3: Male | G3: Islam | H3: Rampur, Companiganj, Noakhali | I3: 01821-044223 | J3: 2023-2024
A4: 703 | B4: Science | C4: Zannatul Nayem | D4: Nur Islam | E4: Bibi kulsum | F4: Female | G4: Islam | H4: Rampur, Companiganj, Noakhali | I4: 01826-008578 | J4: 2023-2024
A5: 704 | B5: Science | C5: Farmana Nusrat Chowdhury | D5: Neyamot Ullah Chowdhury | E5: Khaleda Akter | F5: Female | G5: Islam | H5: Rampur, Companiganj, Noakhali | I5: 1824826416 | J5: 2023-2024
A6: 705 | B6: Science | C6: Zannatul Ferdaus | D6: Ruhul Amin | E6: Fahima Akter | F6: Female | G6: Islam | H6: Rampur, Companiganj, Noakhali | I6: 01815502619 / 01892028139 | J6: 2023-2024
A7: 706 | B7: Science | C7: Abdul Alim Shawon | D7: Abdul Hadith | E7: Rowshona Ara Begum | F7: Male | G7: Islam | H7: Rampur, Companiganj, Noakhali | I7: 01827-220450 | J7: 2023-2024
A8: 707 | B8: Science | C8: Sharmin Aktar | D8: Zakar Hosain Faruk | E8: Nur Nahar Nayon | F8: Female | G8: Islam | H8: Rampur, Companiganj, Noakhali | I8: 01811-284099 | J8: 2023-2024
A9: 708 | B9: Science | C9: Nafisa Aktar Prova | D9: Nur Uddin | E9: Bibi Fatema Aktar | F9: Female | G9: Islam | H9: Rampur, Companiganj, Noakhali | I9: 01715-913980 | J9: 2023-2024
A10: 709 | B10: Science | C10: Nafisa Anjum Prena | D10: Nur Uddin | E10: Bibi Fatema Akter | F10: Female | G10: Islam | H10: Rampur, Companiganj, Noakhali | I10: 01854-017519 | J10: 2023-2024
A11: 710 | B11: Science | C11: Umme Tabassum Maisha | D11: Md. Shelim Ullah | E11: Shahanaj Aktar | F11: Female | G11: Islam | H11: Rampur, Companiganj, Noakhali | J11: 2023-2024
A12: 711 | B12: Science | C12: Rakhi Ahasan | D12: Asan Ullah | E12: Amena Begum | F12: Female | G12: Islam | H12: Rampur, Companiganj, Noakhali | I12: 01815-960966 | J12: 2023-2024
A13: 712 | B13: Science | C13: Nadiyatul Nayem | D13: Kamal Uddin | E13: Kohinur Aktar | F13: Female | G13: Islam | H13: Rampur, Companiganj, Noakhali | I13: 01318-816818 | J13: 2023-2024
A14: 713 | B14: Science | C14: Zannatul Ferdaus Fariha | D14: Muhammad Sofi Ullah | E14: Zoynob Aktar | F14: Female | G14: Islam | H14: Rampur, Companiganj, Noakhali | I14: 01817-412851 | J14: 2023-2024
A15: 714 | B15: Science | C15: Khadijatul Kubra | D15: Golam Sorwar | E15: Bibi Kulsum | F15: Female | G15: Islam | H15: Rampur, Companiganj, Noakhali | I15: 01815-536524 | J15: 2023-2024
A16: 715 | B16: Science | C16: Tanjila Islam | D16: Nur Islam | E16: Zannatul Ferdaus | F16: Female | G16: Islam | H16: Rampur, Companiganj, Noakhali | I16: 01601-365237 | J16: 2023-2024
A17: 716 | B17: Science | C17: Nazmun Nahar Rikha | D17: Md. Alamgir Hosain | E17: Shamsun Nahar | F17: Female | G17: Islam | H17: Rampur, Companiganj, Noakhali | I17: 01824-105005 | J17: 2023-2024
A18: 717 | B18: Science | C18: Umme Rojina | D18: Nozrul Islam | E18: Rahela Aktar | F18: Female | G18: Islam | H18: Rampur, Companiganj, Noakhali | I18: 1715829255 | J18: 2023-2024
A19: 718 | B19: Science | C19: Zannatul Ferdaus | D19: Shahab Uddin | E19: Marjahan | F19: Female | G19: Islam | H19: Rampur, Companiganj, Noakhali | I19: 01875-096313 | J19: 2023-2024
A20: 719 | B20: Science | C20: Shazeda Amin Shuchi | D20: Amir Hosain | E20: Fatema Aktar | F20: Female | G20: Islam | H20: Rampur, Companiganj, Noakhali | I20: 01820-942992 | J20: 2023-2024
A21: 720 | B21: Science | C21: Farzana Aktar | D21: Atik Ullah | E21: Nazman Nahar | F21: Female | G21: Islam | H21: Rampur, Companiganj, Noakhali | I21: 01881-334735 | J21: 2023-2024
A22: 721 | B22: Science | C22: Nowrin Faiza Niduwa | D22: Zashim Uddin | E22: Sultana Razia | F22: Female | G22: Islam | H22: Rampur, Companiganj, Noakhali | I22: 01818-383576 | J22: 2023-2024
A23: 722 | B23: Science | C23: Mahmudau Rahman Munna | D23: Msotafizur Rahman | E23: Ferdaus Ara | F23: Male | G23: Islam | H23: Rampur, Companiganj, Noakhali | I23: 0185-9460020 | J23: 2023-2024
A24: 723 | B24: Science | C24: Shamsuzzaman | D24: Ruhal Amin | E24: Shamsun Nahar | F24: Male | G24: Islam | H24: Rampur, Companiganj, Noakhali | I24: 01609-756268 | J24: 2023-2024
A25: 724 | B25: Science | C25: Dipto Chandra Das | D25: Nirmon Chandra Das | E25: Anjona Bala Das | F25: Male | G25: Hindu | H25: Rampur, Companiganj, Noakhali | I25: 01840-637020 | J25: 2023-2024
A26: 725 | B26: Science | C26: Shorfuddin Nayem | D26: Dalowar Hosain | E26: Razia Sultana | F26: Male | G26: Islam | H26: Rampur, Companiganj, Noakhali | I26: 01885-048969 | J26: 2023-2024
A27: 726 | B27: Science | C27: Mosaddek Ali | D27: Korban Ali | E27: Bibi Kulsum | F27: Male | G27: Islam | H27: Rampur, Companiganj, Noakhali | I27: 01787-254740 | J27: 2023-2024
A28: 727 | B28: Science | C28: Fahmida Sultana | D28: Md. Zajam Hosain | E28: Bibi Fatema Khatun | F28: Female | G28: Islam | H28: Rampur, Companiganj, Noakhali | I28: 01823-710538 | J28: 2023-2024
A29: 728 | B29: Science | C29: Aditya Chandra Das (Akash) | D29: Dilip Chandra Das | E29: Archana Bala Das | F29: Male | G29: Hindu | H29: Rampur, Companiganj, Noakhali | I29: 01818-887179 | J29: 2023-2024
A30: 729 | B30: Science | C30: Golam Kibriya | D30: Zakir Hosain | E30: Late Rabeya Bosri | F30: Male | G30: Islam | H30: Rampur, Companiganj, Noakhali | I30: 01867-810051 | J30: 2023-2024
... A39: 738 | B39: Science | C39: Arpita Rani Bhoumik | D39: Kiriti Kumar Nath | E39: Rani Bhowmil | F39: Female | G39: Hindu | H39: Rampur, Companiganj, Noakhali | I39: 01763-826298 | J39: 2023-2024
A40: 739 | B40: Science | C40: Israt Zahan Shrabonti | D40: Abul Hosain | E40: Shaleha Begum | F40: Female | G40: Islam | H40: Rampur, Companiganj, Noakhali | J40: 2023-2024
A41: 740 | B41: Science | C41: Fatema Zannat | D41: Motahar Hossain | E41: Saleha Begum | F41: Female | G41: Islam | H41: Rampur, Companiganj, Noakhali | I41: 01861-661157 | J41: 2023-2024
A42: 741 | B42: Science | C42: Rezmin Aktar | D42: Kamal Uddin | E42: Bibi Zulekha | F42: Female | G42: Islam | H42: Rampur, Companiganj, Noakhali | J42: 2023-2024
A43: 742 | B43: Science | C43: Md. Shohrab Hosain | D43: Feroz Alom | E43: Rokeya Begum | F43: Male | G43: Islam | H43: Rampur, Companiganj, Noakhali | I43: 01825-278479 | J43: 2023-2024
A44: 743 | B44: Science | C44: Umme Habiba | D44: Md. Nur Nobi | E44: Fatema Begum | F44: Female | G44: Islam | H44: Rampur, Companiganj, Noakhali | I44: 01815-425492 | J44: 2023-2024
A45: 744 | B45: Science | C45: Tarek Rahman Tamin | D45: Mozubur Rahman | E45: Kawsar Khanom Alo | F45: Male | G45: Islam | H45: Rampur, Companiganj, Noakhali | I45: 01860-644620 | J45: 2023-2024
A46: 745 | B46: Science | C46: Nabiha Nusrat | D46: Md. Moin Uddin | E46: Nasima Aktar | F46: Female | G46: Islam | H46: Rampur, Companiganj, Noakhali | I46: 01828-777699 | J46: 2023-2024
A47: 746 | B47: Science | C47: Sharika Mahzabin | D47: Md. Nurul Amin | E47: Sufiya Khatun | F47: Female | G47: Islam | H47: Rampur, Companiganj, Noakhali | I47: 01821-993838 | J47: 2023-2024
A48: 747 | B48: Science | C48: Jahedul Islam | D48: Md. Shohidul Islam | E48: Fatema Khatun | F48: Male | G48: Islam | H48: Rampur, Companiganj, Noakhali | I48: 01894-009841 | J48: 2023-2024
A49: 748 | B49: Science | C49: Merina Parshi | D49: Abdur Rahman | E49: Nur Nahar Bizli | F49: Female | G49: Islam | H49: Rampur, Companiganj, Noakhali | I49: 01881-335502 | J49: 2023-2024
A50: 749 | B50: Science | C50: Shekh Shohrab Hosain | D50: Md. Haris Ahmmed | E50: Ferdousra Begum | F50: Male | G50: Islam | H50: Rampur, Companiganj, Noakhali | I50: 01810-617584 | J50: 2023-2024
A51: 750 | B51: Science | C51: Purnima Aktar | D51: Md. Humayon Kabir | E51: Momtaz Begum | F51: Female | G51: Islam | H51: Rampur, Companiganj, Noakhali | I51: 01837-895748 | J51: 2023-2024
A52: 751 | B52: Science | C52: Hridwal Al Mahmul | D52: Mofasser Hosain | E52: Zannatul Ferdaus | F52: Male | G52: Islam | H52: Rampur, Companiganj, Noakhali | I52: 01861-122989 | J52: 2023-2024
A53: 752 | B53: Science | C53: Sabbir Hosain | D53: Mizanaur Rahman | E53: Ayesha Aktar | F53: Male | G53: Islam | H53: Rampur, Companiganj, Noakhali | I53: 1839156837 | J53: 2023-2024
A54: 753 | B54: Science | C54: Shohidul Islam | D54: Rafiq Ullah | E54: Setara Begum | F54: Male | G54: Islam | H54: Rampur, Companiganj, Noakhali | I54: 01846-119530 | J54: 2023-2024
A55: 754 | B55: Science | C55: Shahriyar Nafiz | D55: Akramul Haque | E55: Fakhrun Nahar | F55: Male | G55: Islam | H55: Rampur, Companiganj, Noakhali | I55: 01829-679633 | J55: 2023-2024
A56: 755 | B56: Science | C56: Md. Ibrahim | D56: Shakhawat Ullah | E56: Kohinur Begum | F56: Male | G56: Islam | H56: Rampur, Companiganj, Noakhali | I56: 01812-875122 | J56: 2023-2024
A57: 756 | B57: Science | C57: Fahmida Tabassum | D57: Mohammad Mohin Uddin | E57: Bibi Hajera | F57: Female | G57: Islam | H57: Rampur, Companiganj, Noakhali | I57: 01890-789917 | J57: 2023-2024
A58: 757 | B58: Science | C58: Meheraj Uddin | D58: Zamal Uddin | E58: Aklima Begum | F58: Male | G58: Islam | H58: Rampur, Companiganj, Noakhali | I58: 1856919196 | J58: 2023-2024
A59: 758 | B59: Science | C59: Naimur Rahman | D59: Lutfur Rahman | E59: Tahmina Aktar | F59: Male | G59: Islam | H59: Rampur, Companiganj, Noakhali | I59: 01819-475421 | J59: 2023-2024
A60: 759 | B60: Science | C60: Amzad Hosain | D60: Mominul Haque | E60: Hasina Aktar | F60: Male | G60: Islam | H60: Rampur, Companiganj, Noakhali | I60: 01822-121872 | J60: 2023-2024
A61: 760 | B61: Science | C61: Imdadul Haque Zidan | D61: Rezaul Haque | E61: Parul Aktar | F61: Male | G61: Islam | H61: Rampur, Companiganj, Noakhali | J61: 2023-2024
A62: 761 | B62: Science | C62: Nazmul Haque Sayem | D62: Fokhruddin | E62: Nur Zahan Begum | F62: Male | G62: Islam | H62: Rampur, Companiganj, Noakhali | I62: 0188-8667149 | J62: 2023-2024
A63: 762 | B63: Science | C63: Sadbin Hasan Shourov | D63: Md. Yousuf | E63: Rasheda Begum | F63: Male | G63: Islam | H63: Rampur, Companiganj, Noakhali | I63: 01815-936573 | J63: 2023-2024
A64: 763 | B64: Science | C64: Sujayet Hosain | D64: Md. Shakhawat Hosain | E64: Bibi Kulsum | F64: Male | G64: Islam | H64: Rampur, Companiganj, Noakhali | I64: 01720-980597 | J64: 2023-2024
A65: 764 | B65: Science | C65: Kishor Chandra Nath | D65: Sunil Chandra Debnath | E65: Sobina Rani Devi | F65: Male | G65: Hindu | H65: Rampur, Companiganj, Noakhali | I65: 01810-859088 | J65: 2023-2024
A66: 765 | B66: Science | C66: Apurbo Shorma Apu | D66: Nupur Chandra Shel | E66: Beauty Rani Shel | F66: Male | G66: Hindu | H66: Rampur, Companiganj, Noakhali | I66: 01858-794128 | J66: 2023-2024
A67: 766 | B67: Science | C67: Md. Ibrahim Khalil | D67: Zahangir Alam | E67: Rajaber Nesa | F67: Male | G67: Islam | H67: Rampur, Companiganj, Noakhali | I67: 01819-723708 | J67: 2023-2024
A68: 767 | B68: Science | C68: Ayman Mahmud Tawsif | D68: Md. Nur Uddin | E68: Azima Khatun | F68: Male | G68: Islam | H68: Rampur, Companiganj, Noakhali | I68: 01863-148786 | J68: 2023-2024
A69: 768 | B69: Science | C69: Tanvir Hosain | D69: Shakhawat Hosain | E69: Kamrun Nahar | F69: Male | G69: Islam | H69: Rampur, Companiganj, Noakhali | I69: 01881-632660 | J69: 2023-2024
A70: 769 | B70: Science | C70: Abdullah Al Noman | D70: Abdul Khalek | E70: Gol Nahar | F70: Male | G70: Islam | H70: Rampur, Companiganj, Noakhali | I70: 01646-296973 | J70: 2023-2024
A71: 770 | B71: Science | C71: Ashraf Uddal | D71: Abul Kashem | E71: parvin Aktar | F71: Male | G71: Islam | H71: Rampur, Companiganj, Noakhali | I71: 01834-383535 | J71: 2023-2024
A72: 771 | B72: Science | C72: Mesfar Uddin Ripti | D72: Zia Uddin | E72: Sumaiya Parvin | F72: Female | G72: Islam | H72: Rampur, Companiganj, Noakhali | I72: 01313-673452 | J72: 2023-2024
A73: 772 | B73: Science | C73: Shoikot Chandra Shil | D73: Bikron Chandra Shil | E73: Shema Rani Shil | F73: Male | G73: Islam | H73: Rampur, Companiganj, Noakhali | I73: 01731-980672 | J73: 2023-2024
... A88: 6812 | B88: Science | C88: Jannatul Mawa Parvin | D88: - | E88: - | F88: Female | G88: Islam | H88: Rampur, Companiganj, Noakhali | I88: - | J88: 2022-2023

Sheet Prev. Academic
A1: ID | B1: Institution Name | C1: Group | D1: Session | E1: GPA | F1: Board Name | G1: Roll | H1: Reg No
A2: ='Student Basic Info'!A2 -> 701 | B2: Bamni High School | C2: Science | D2: 2021-22 | E2: 5 | F2: Cumilla | G2: 197409 | H2: 197409
A3: ='Student Basic Info'!A3 -> 702 | B3: Bamni High School | C3: Science | D3: 2021-22 | E3: 5 | F3: Cumilla | G3: 197409 | H3: 197409
A4: ='Student Basic Info'!A4 -> 703 | B4: Bamni High School | C4: Science | D4: 2021-22 | E4: 5 | F4: Cumilla | G4: 197409 | H4: 197409
A5: ='Student Basic Info'!A5 -> 704 | B5: Bamni High School | C5: Science | D5: 2021-22 | E5: 5 | F5: Cumilla | G5: 197409 | H5: 197409
A6: ='Student Basic Info'!A6 -> 705 | B6: Bamni High School | C6: Science | D6: 2021-22 | E6: 5 | F6: Cumilla | G6: 197409 | H6: 197409
A7: ='Student Basic Info'!A7 -> 706 | B7: Bamni High School | C7: Science | D7: 2021-22 | E7: 5 | F7: Cumilla | G7: 197409 | H7: 197409
A8: ='Student Basic Info'!A8 -> 707 | B8: Bamni High School | C8: Science | D8: 2021-22 | E8: 5 | F8: Cumilla | G8: 197409 | H8: 197409
A9: ='Student Basic Info'!A9 -> 708 | B9: Bamni High School | C9: Science | D9: 2021-22 | E9: 5 | F9: Cumilla | G9: 197409 | H9: 197409
A10: ='Student Basic Info'!A10 -> 709 | B10: Bamni High School | C10: Science | D10: 2021-22 | E10: 5 | F10: Cumilla | G10: 197409 | H10: 197409
A11: ='Student Basic Info'!A11 -> 710 | B11: Bamni High School | C11: Science | D11: 2021-22 | E11: 5 | F11: Cumilla | G11: 197409 | H11: 197409
A12: ='Student Basic Info'!A12 -> 711 | B12: Bamni High School | C12: Science | D12: 2021-22 | E12: 5 | F12: Cumilla | G12: 197409 | H12: 197409
A13: ='Student Basic Info'!A13 -> 712 | B13: Bamni High School | C13: Science | D13: 2021-22 | E13: 5 | F13: Cumilla | G13: 197409 | H13: 197409
... A88: ='Student Basic Info'!A88 -> 6812 | B88: Bamni High School | C88: Science | D88: 2021-23 | E88: 6 | F88: Cumilla | G88: 197409 | H88: 197409

Sheet SubjectList
A1: ID | B1: Compulsory1 | C1: Compulsory2 | D1: Compulsory1 | E1: Subject1 | F1: Subject2 | G1: Subject3 | H1: Subject4 | I1: Optioinal
A2: ='Student Basic Info'!A2 -> 701 | B2: Bangla | C2: English | D2: ICT | E2: Physics | F2: Chemistry | G2: Biology | H2: Math | I2: =H2 -> Math
A3: ='Student Basic Info'!A3 -> 702 | B3: Bangla | C3: English | D3: ICT | E3: Physics | F3: Chemistry | G3: Biology | H3: Math | I3: =H3 -> Math
A4: ='Student Basic Info'!A4 -> 703 | B4: Bangla | C4: English | D4: ICT | E4: Physics | F4: Chemistry | G4: Biology | H4: Math | I4: =H4 -> Math
A5: ='Student Basic Info'!A5 -> 704 | B5: Bangla | C5: English | D5: ICT | E5: Physics | F5: Chemistry | G5: Biology | H5: Math | I5: =H5 -> Math
A6: ='Student Basic Info'!A6 -> 705 | B6: Bangla | C6: English | D6: ICT | E6: Physics | F6: Chemistry | G6: Biology | H6: Math | I6: =H6 -> Math
A7: ='Student Basic Info'!A7 -> 706 | B7: Bangla | C7: English | D7: ICT | E7: Physics | F7: Chemistry | G7: Biology | H7: Math | I7: =H7 -> Math
A8: ='Student Basic Info'!A8 -> 707 | B8: Bangla | C8: English | D8: ICT | E8: Physics | F8: Chemistry | G8: Biology | H8: Math | I8: =H8 -> Math
A9: ='Student Basic Info'!A9 -> 708 | B9: Bangla | C9: English | D9: ICT | E9: Physics | F9: Chemistry | G9: Biology | H9: Math | I9: =H9 -> Math
A10: ='Student Basic Info'!A10 -> 709 | B10: Bangla | C10: English | D10: ICT | E10: Physics | F10: Chemistry | G10: Biology | H10: Math | I10: =H10 -> Math
A11: ='Student Basic Info'!A11 -> 710 | B11: Bangla | C11: English | D11: ICT | E11: Physics | F11: Chemistry | G11: Biology | H11: Math | I11: =H11 -> Math
A12: ='Student Basic Info'!A12 -> 711 | B12: Bangla | C12: English | D12: ICT | E12: Physics | F12: Chemistry | G12: Biology | H12: Math | I12: =H12 -> Math
A13: ='Student Basic Info'!A13 -> 712 | B13: Bangla | C13: English | D13: ICT | E13: Physics | F13: Chemistry | G13: Biology | H13: Math | I13: =H13 -> Math
... A88: ='Student Basic Info'!A88 -> 6812 | B88: Bangla | C88: English | D88: ICT | E88: Physics | F88: Chemistry | G88: Biology | H88: Math | I88: =H88 -> Math

Sheet Bangla
A1: Roll | B1: Marks MCQ | C1: Marks CQ | D1: Total Marks | E1: Result | F1: Grade | G1: GPA
A2: ='Student Basic Info'!A2 -> 701 | C2: 60 | D2: =IF(B2+C2=0, "", B2+C2) -> 60 | E2: =IF(D2="","", IF(C2>=33,"Pass","Fail")) -> Pass | F2: =(IF(D2="","",IF(E2="Fail","F",IF(D2>=80,"A+",IF(D2>=70,"A",IF(D2>=60,"A-",IF(D2>=50,"B",IF(D2>=40,"C",IF(D2>=33,"D","F"))))))))) -> A- | G2: =(IF(D2="","",IF(F2="F",0,IF(D2>=80,5,IF(D2>=70,4,IF(D2>=60,3.5,IF(D2>=50,3,IF(D2>=40,2,IF(D2>=33,1,0))))))))) -> 3.5
A3: ='Student Basic Info'!A3 -> 702 | D3: =IF(B3+C3=0, "", B3+C3) | E3: =IF(D3="","", IF(C3>=33,"Pass","Fail")) | F3: =(IF(D3="","",IF(E3="Fail","F",IF(D3>=80,"A+",IF(D3>=70,"A",IF(D3>=60,"A-",IF(D3>=50,"B",IF(D3>=40,"C",IF(D3>=33,"D","F"))))))))) | G3: =(IF(D3="","",IF(F3="F",0,IF(D3>=80,5,IF(D3>=70,4,IF(D3>=60,3.5,IF(D3>=50,3,IF(D3>=40,2,IF(D3>=33,1,0)))))))))
A4: ='Student Basic Info'!A4 -> 703 | D4: =IF(B4+C4=0, "", B4+C4) | E4: =IF(D4="","", IF(C4>=33,"Pass","Fail")) | F4: =(IF(D4="","",IF(E4="Fail","F",IF(D4>=80,"A+",IF(D4>=70,"A",IF(D4>=60,"A-",IF(D4>=50,"B",IF(D4>=40,"C",IF(D4>=33,"D","F"))))))))) | G4: =(IF(D4="","",IF(F4="F",0,IF(D4>=80,5,IF(D4>=70,4,IF(D4>=60,3.5,IF(D4>=50,3,IF(D4>=40,2,IF(D4>=33,1,0)))))))))
A5: ='Student Basic Info'!A5 -> 704 | C5: 62 | D5: =IF(B5+C5=0, "", B5+C5) -> 62 | E5: =IF(D5="","", IF(C5>=33,"Pass","Fail")) -> Pass | F5: =(IF(D5="","",IF(E5="Fail","F",IF(D5>=80,"A+",IF(D5>=70,"A",IF(D5>=60,"A-",IF(D5>=50,"B",IF(D5>=40,"C",IF(D5>=33,"D","F"))))))))) -> A- | G5: =(IF(D5="","",IF(F5="F",0,IF(D5>=80,5,IF(D5>=70,4,IF(D5>=60,3.5,IF(D5>=50,3,IF(D5>=40,2,IF(D5>=33,1,0))))))))) -> 3.5
A6: ='Student Basic Info'!A6 -> 705 | D6: =IF(B6+C6=0, "", B6+C6) | E6: =IF(D6="","", IF(C6>=33,"Pass","Fail")) | F6: =(IF(D6="","",IF(E6="Fail","F",IF(D6>=80,"A+",IF(D6>=70,"A",IF(D6>=60,"A-",IF(D6>=50,"B",IF(D6>=40,"C",IF(D6>=33,"D","F"))))))))) | G6: =(IF(D6="","",IF(F6="F",0,IF(D6>=80,5,IF(D6>=70,4,IF(D6>=60,3.5,IF(D6>=50,3,IF(D6>=40,2,IF(D6>=33,1,0)))))))))
A7: ='Student Basic Info'!A7 -> 706 | D7: =IF(B7+C7=0, "", B7+C7) | E7: =IF(D7="","", IF(C7>=33,"Pass","Fail")) | F7: =(IF(D7="","",IF(E7="Fail","F",IF(D7>=80,"A+",IF(D7>=70,"A",IF(D7>=60,"A-",IF(D7>=50,"B",IF(D7>=40,"C",IF(D7>=33,"D","F"))))))))) | G7: =(IF(D7="","",IF(F7="F",0,IF(D7>=80,5,IF(D7>=70,4,IF(D7>=60,3.5,IF(D7>=50,3,IF(D7>=40,2,IF(D7>=33,1,0)))))))))
A8: ='Student Basic Info'!A8 -> 707 | D8: =IF(B8+C8=0, "", B8+C8) | E8: =IF(D8="","", IF(C8>=33,"Pass","Fail")) | F8: =(IF(D8="","",IF(E8="Fail","F",IF(D8>=80,"A+",IF(D8>=70,"A",IF(D8>=60,"A-",IF(D8>=50,"B",IF(D8>=40,"C",IF(D8>=33,"D","F"))))))))) | G8: =(IF(D8="","",IF(F8="F",0,IF(D8>=80,5,IF(D8>=70,4,IF(D8>=60,3.5,IF(D8>=50,3,IF(D8>=40,2,IF(D8>=33,1,0)))))))))
A9: ='Student Basic Info'!A9 -> 708 | C9: 62 | D9: =IF(B9+C9=0, "", B9+C9) -> 62 | E9: =IF(D9="","", IF(C9>=33,"Pass","Fail")) -> Pass | F9: =(IF(D9="","",IF(E9="Fail","F",IF(D9>=80,"A+",IF(D9>=70,"A",IF(D9>=60,"A-",IF(D9>=50,"B",IF(D9>=40,"C",IF(D9>=33,"D","F"))))))))) -> A- | G9: =(IF(D9="","",IF(F9="F",0,IF(D9>=80,5,IF(D9>=70,4,IF(D9>=60,3.5,IF(D9>=50,3,IF(D9>=40,2,IF(D9>=33,1,0))))))))) -> 3.5
A10: ='Student Basic Info'!A10 -> 709 | C10: 63 | D10: =IF(B10+C10=0, "", B10+C10) -> 63 | E10: =IF(D10="","", IF(C10>=33,"Pass","Fail")) -> Pass | F10: =(IF(D10="","",IF(E10="Fail","F",IF(D10>=80,"A+",IF(D10>=70,"A",IF(D10>=60,"A-",IF(D10>=50,"B",IF(D10>=40,"C",IF(D10>=33,"D","F"))))))))) -> A- | G10: =(IF(D10="","",IF(F10="F",0,IF(D10>=80,5,IF(D10>=70,4,IF(D10>=60,3.5,IF(D10>=50,3,IF(D10>=40,2,IF(D10>=33,1,0))))))))) -> 3.5
A11: ='Student Basic Info'!A11 -> 710 | C11: 56 | D11: =IF(B11+C11=0, "", B11+C11) -> 56 | E11: =IF(D11="","", IF(C11>=33,"Pass","Fail")) -> Pass | F11: =(IF(D11="","",IF(E11="Fail","F",IF(D11>=80,"A+",IF(D11>=70,"A",IF(D11>=60,"A-",IF(D11>=50,"B",IF(D11>=40,"C",IF(D11>=33,"D","F"))))))))) -> B | G11: =(IF(D11="","",IF(F11="F",0,IF(D11>=80,5,IF(D11>=70,4,IF(D11>=60,3.5,IF(D11>=50,3,IF(D11>=40,2,IF(D11>=33,1,0))))))))) -> 3
A12: ='Student Basic Info'!A12 -> 711 | D12: =IF(B12+C12=0, "", B12+C12) | E12: =IF(D12="","", IF(C12>=33,"Pass","Fail")) | F12: =(IF(D12="","",IF(E12="Fail","F",IF(D12>=80,"A+",IF(D12>=70,"A",IF(D12>=60,"A-",IF(D12>=50,"B",IF(D12>=40,"C",IF(D12>=33,"D","F"))))))))) | G12: =(IF(D12="","",IF(F12="F",0,IF(D12>=80,5,IF(D12>=70,4,IF(D12>=60,3.5,IF(D12>=50,3,IF(D12>=40,2,IF(D12>=33,1,0)))))))))
A13: ='Student Basic Info'!A13 -> 712 | C13: 50 | D13: =IF(B13+C13=0, "", B13+C13) -> 50 | E13: =IF(D13="","", IF(C13>=33,"Pass","Fail")) -> Pass | F13: =(IF(D13="","",IF(E13="Fail","F",IF(D13>=80,"A+",IF(D13>=70,"A",IF(D13>=60,"A-",IF(D13>=50,"B",IF(D13>=40,"C",IF(D13>=33,"D","F"))))))))) -> B | G13: =(IF(D13="","",IF(F13="F",0,IF(D13>=80,5,IF(D13>=70,4,IF(D13>=60,3.5,IF(D13>=50,3,IF(D13>=40,2,IF(D13>=33,1,0))))))))) -> 3
A14: ='Student Basic Info'!A14 -> 713 | C14: 57 | D14: =IF(B14+C14=0, "", B14+C14) -> 57 | E14: =IF(D14="","", IF(C14>=33,"Pass","Fail")) -> Pass | F14: =(IF(D14="","",IF(E14="Fail","F",IF(D14>=80,"A+",IF(D14>=70,"A",IF(D14>=60,"A-",IF(D14>=50,"B",IF(D14>=40,"C",IF(D14>=33,"D","F"))))))))) -> B | G14: =(IF(D14="","",IF(F14="F",0,IF(D14>=80,5,IF(D14>=70,4,IF(D14>=60,3.5,IF(D14>=50,3,IF(D14>=40,2,IF(D14>=33,1,0))))))))) -> 3
A15: ='Student Basic Info'!A15 -> 714 | C15: 64 | D15: =IF(B15+C15=0, "", B15+C15) -> 64 | E15: =IF(D15="","", IF(C15>=33,"Pass","Fail")) -> Pass | F15: =(IF(D15="","",IF(E15="Fail","F",IF(D15>=80,"A+",IF(D15>=70,"A",IF(D15>=60,"A-",IF(D15>=50,"B",IF(D15>=40,"C",IF(D15>=33,"D","F"))))))))) -> A- | G15: =(IF(D15="","",IF(F15="F",0,IF(D15>=80,5,IF(D15>=70,4,IF(D15>=60,3.5,IF(D15>=50,3,IF(D15>=40,2,IF(D15>=33,1,0))))))))) -> 3.5
A16: ='Student Basic Info'!A16 -> 715 | C16: 41 | D16: =IF(B16+C16=0, "", B16+C16) -> 41 | E16: =IF(D16="","", IF(C16>=33,"Pass","Fail")) -> Pass | F16: =(IF(D16="","",IF(E16="Fail","F",IF(D16>=80,"A+",IF(D16>=70,"A",IF(D16>=60,"A-",IF(D16>=50,"B",IF(D16>=40,"C",IF(D16>=33,"D","F"))))))))) -> C | G16: =(IF(D16="","",IF(F16="F",0,IF(D16>=80,5,IF(D16>=70,4,IF(D16>=60,3.5,IF(D16>=50,3,IF(D16>=40,2,IF(D16>=33,1,0))))))))) -> 2
A17: ='Student Basic Info'!A17 -> 716 | C17: 40 | D17: =IF(B17+C17=0, "", B17+C17) -> 40 | E17: =IF(D17="","", IF(C17>=33,"Pass","Fail")) -> Pass | F17: =(IF(D17="","",IF(E17="Fail","F",IF(D17>=80,"A+",IF(D17>=70,"A",IF(D17>=60,"A-",IF(D17>=50,"B",IF(D17>=40,"C",IF(D17>=33,"D","F"))))))))) -> C | G17: =(IF(D17="","",IF(F17="F",0,IF(D17>=80,5,IF(D17>=70,4,IF(D17>=60,3.5,IF(D17>=50,3,IF(D17>=40,2,IF(D17>=33,1,0))))))))) -> 2
A18: ='Student Basic Info'!A18 -> 717 | C18: 50 | D18: =IF(B18+C18=0, "", B18+C18) -> 50 | E18: =IF(D18="","", IF(C18>=33,"Pass","Fail")) -> Pass | F18: =(IF(D18="","",IF(E18="Fail","F",IF(D18>=80,"A+",IF(D18>=70,"A",IF(D18>=60,"A-",IF(D18>=50,"B",IF(D18>=40,"C",IF(D18>=33,"D","F"))))))))) -> B | G18: =(IF(D18="","",IF(F18="F",0,IF(D18>=80,5,IF(D18>=70,4,IF(D18>=60,3.5,IF(D18>=50,3,IF(D18>=40,2,IF(D18>=33,1,0))))))))) -> 3
A19: ='Student Basic Info'!A19 -> 718 | D19: =IF(B19+C19=0, "", B19+C19) | E19: =IF(D19="","", IF(C19>=33,"Pass","Fail")) | F19: =(IF(D19="","",IF(E19="Fail","F",IF(D19>=80,"A+",IF(D19>=70,"A",IF(D19>=60,"A-",IF(D19>=50,"B",IF(D19>=40,"C",IF(D19>=33,"D","F"))))))))) | G19: =(IF(D19="","",IF(F19="F",0,IF(D19>=80,5,IF(D19>=70,4,IF(D19>=60,3.5,IF(D19>=50,3,IF(D19>=40,2,IF(D19>=33,1,0)))))))))
A20: ='Student Basic Info'!A20 -> 719 | C20: 55 | D20: =IF(B20+C20=0, "", B20+C20) -> 55 | E20: =IF(D20="","", IF(C20>=33,"Pass","Fail")) -> Pass | F20: =(IF(D20="","",IF(E20="Fail","F",IF(D20>=80,"A+",IF(D20>=70,"A",IF(D20>=60,"A-",IF(D20>=50,"B",IF(D20>=40,"C",IF(D20>=33,"D","F"))))))))) -> B | G20: =(IF(D20="","",IF(F20="F",0,IF(D20>=80,5,IF(D20>=70,4,IF(D20>=60,3.5,IF(D20>=50,3,IF(D20>=40,2,IF(D20>=33,1,0))))))))) -> 3
A21: ='Student Basic Info'!A21 -> 720 | C21: 50 | D21: =IF(B21+C21=0, "", B21+C21) -> 50 | E21: =IF(D21="","", IF(C21>=33,"Pass","Fail")) -> Pass | F21: =(IF(D21="","",IF(E21="Fail","F",IF(D21>=80,"A+",IF(D21>=70,"A",IF(D21>=60,"A-",IF(D21>=50,"B",IF(D21>=40,"C",IF(D21>=33,"D","F"))))))))) -> B | G21: =(IF(D21="","",IF(F21="F",0,IF(D21>=80,5,IF(D21>=70,4,IF(D21>=60,3.5,IF(D21>=50,3,IF(D21>=40,2,IF(D21>=33,1,0))))))))) -> 3
A22: ='Student Basic Info'!A22 -> 721 | D22: =IF(B22+C22=0, "", B22+C22) | E22: =IF(D22="","", IF(C22>=33,"Pass","Fail")) | F22: =(IF(D22="","",IF(E22="Fail","F",IF(D22>=80,"A+",IF(D22>=70,"A",IF(D22>=60,"A-",IF(D22>=50,"B",IF(D22>=40,"C",IF(D22>=33,"D","F"))))))))) | G22: =(IF(D22="","",IF(F22="F",0,IF(D22>=80,5,IF(D22>=70,4,IF(D22>=60,3.5,IF(D22>=50,3,IF(D22>=40,2,IF(D22>=33,1,0)))))))))
A23: ='Student Basic Info'!A23 -> 722 | C23: 57 | D23: =IF(B23+C23=0, "", B23+C23) -> 57 | E23: =IF(D23="","", IF(C23>=33,"Pass","Fail")) -> Pass | F23: =(IF(D23="","",IF(E23="Fail","F",IF(D23>=80,"A+",IF(D23>=70,"A",IF(D23>=60,"A-",IF(D23>=50,"B",IF(D23>=40,"C",IF(D23>=33,"D","F"))))))))) -> B | G23: =(IF(D23="","",IF(F23="F",0,IF(D23>=80,5,IF(D23>=70,4,IF(D23>=60,3.5,IF(D23>=50,3,IF(D23>=40,2,IF(D23>=33,1,0))))))))) -> 3
A24: ='Student Basic Info'!A24 -> 723 | C24: 72 | D24: =IF(B24+C24=0, "", B24+C24) -> 72 | E24: =IF(D24="","", IF(C24>=33,"Pass","Fail")) -> Pass | F24: =(IF(D24="","",IF(E24="Fail","F",IF(D24>=80,"A+",IF(D24>=70,"A",IF(D24>=60,"A-",IF(D24>=50,"B",IF(D24>=40,"C",IF(D24>=33,"D","F"))))))))) -> A | G24: =(IF(D24="","",IF(F24="F",0,IF(D24>=80,5,IF(D24>=70,4,IF(D24>=60,3.5,IF(D24>=50,3,IF(D24>=40,2,IF(D24>=33,1,0))))))))) -> 4
A25: ='Student Basic Info'!A25 -> 724 | C25: 46 | D25: =IF(B25+C25=0, "", B25+C25) -> 46 | E25: =IF(D25="","", IF(C25>=33,"Pass","Fail")) -> Pass | F25: =(IF(D25="","",IF(E25="Fail","F",IF(D25>=80,"A+",IF(D25>=70,"A",IF(D25>=60,"A-",IF(D25>=50,"B",IF(D25>=40,"C",IF(D25>=33,"D","F"))))))))) -> C | G25: =(IF(D25="","",IF(F25="F",0,IF(D25>=80,5,IF(D25>=70,4,IF(D25>=60,3.5,IF(D25>=50,3,IF(D25>=40,2,IF(D25>=33,1,0))))))))) -> 2
A26: ='Student Basic Info'!A26 -> 725 | C26: 41 | D26: =IF(B26+C26=0, "", B26+C26) -> 41 | E26: =IF(D26="","", IF(C26>=33,"Pass","Fail")) -> Pass | F26: =(IF(D26="","",IF(E26="Fail","F",IF(D26>=80,"A+",IF(D26>=70,"A",IF(D26>=60,"A-",IF(D26>=50,"B",IF(D26>=40,"C",IF(D26>=33,"D","F"))))))))) -> C | G26: =(IF(D26="","",IF(F26="F",0,IF(D26>=80,5,IF(D26>=70,4,IF(D26>=60,3.5,IF(D26>=50,3,IF(D26>=40,2,IF(D26>=33,1,0))))))))) -> 2
A27: ='Student Basic Info'!A27 -> 726 | D27: =IF(B27+C27=0, "", B27+C27) | E27: =IF(D27="","", IF(C27>=33,"Pass","Fail")) | F27: =(IF(D27="","",IF(E27="Fail","F",IF(D27>=80,"A+",IF(D27>=70,"A",IF(D27>=60,"A-",IF(D27>=50,"B",IF(D27>=40,"C",IF(D27>=33,"D","F"))))))))) | G27: =(IF(D27="","",IF(F27="F",0,IF(D27>=80,5,IF(D27>=70,4,IF(D27>=60,3.5,IF(D27>=50,3,IF(D27>=40,2,IF(D27>=33,1,0)))))))))
A28: ='Student Basic Info'!A28 -> 727 | C28: 62 | D28: =IF(B28+C28=0, "", B28+C28) -> 62 | E28: =IF(D28="","", IF(C28>=33,"Pass","Fail")) -> Pass | F28: =(IF(D28="","",IF(E28="Fail","F",IF(D28>=80,"A+",IF(D28>=70,"A",IF(D28>=60,"A-",IF(D28>=50,"B",IF(D28>=40,"C",IF(D28>=33,"D","F"))))))))) -> A- | G28: =(IF(D28="","",IF(F28="F",0,IF(D28>=80,5,IF(D28>=70,4,IF(D28>=60,3.5,IF(D28>=50,3,IF(D28>=40,2,IF(D28>=33,1,0))))))))) -> 3.5
A29: ='Student Basic Info'!A29 -> 728 | C29: 40 | D29: =IF(B29+C29=0, "", B29+C29) -> 40 | E29: =IF(D29="","", IF(C29>=33,"Pass","Fail")) -> Pass | F29: =(IF(D29="","",IF(E29="Fail","F",IF(D29>=80,"A+",IF(D29>=70,"A",IF(D29>=60,"A-",IF(D29>=50,"B",IF(D29>=40,"C",IF(D29>=33,"D","F"))))))))) -> C | G29: =(IF(D29="","",IF(F29="F",0,IF(D29>=80,5,IF(D29>=70,4,IF(D29>=60,3.5,IF(D29>=50,3,IF(D29>=40,2,IF(D29>=33,1,0))))))))) -> 2
A30: ='Student Basic Info'!A30 -> 729 | C30: 35 | D30: =IF(B30+C30=0, "", B30+C30) -> 35 | E30: =IF(D30="","", IF(C30>=33,"Pass","Fail")) -> Pass | F30: =(IF(D30="","",IF(E30="Fail","F",IF(D30>=80,"A+",IF(D30>=70,"A",IF(D30>=60,"A-",IF(D30>=50,"B",IF(D30>=40,"C",IF(D30>=33,"D","F"))))))))) -> D | G30: =(IF(D30="","",IF(F30="F",0,IF(D30>=80,5,IF(D30>=70,4,IF(D30>=60,3.5,IF(D30>=50,3,IF(D30>=40,2,IF(D30>=33,1,0))))))))) -> 1
A31: ='Student Basic Info'!A31 -> 730 | C31: 36 | D31: =IF(B31+C31=0, "", B31+C31) -> 36 | E31: =IF(D31="","", IF(C31>=33,"Pass","Fail")) -> Pass | F31: =(IF(D31="","",IF(E31="Fail","F",IF(D31>=80,"A+",IF(D31>=70,"A",IF(D31>=60,"A-",IF(D31>=50,"B",IF(D31>=40,"C",IF(D31>=33,"D","F"))))))))) -> D | G31: =(IF(D31="","",IF(F31="F",0,IF(D31>=80,5,IF(D31>=70,4,IF(D31>=60,3.5,IF(D31>=50,3,IF(D31>=40,2,IF(D31>=33,1,0))))))))) -> 1
A32: ='Student Basic Info'!A32 -> 731 | C32: 51 | D32: =IF(B32+C32=0, "", B32+C32) -> 51 | E32: =IF(D32="","", IF(C32>=33,"Pass","Fail")) -> Pass | F32: =(IF(D32="","",IF(E32="Fail","F",IF(D32>=80,"A+",IF(D32>=70,"A",IF(D32>=60,"A-",IF(D32>=50,"B",IF(D32>=40,"C",IF(D32>=33,"D","F"))))))))) -> B | G32: =(IF(D32="","",IF(F32="F",0,IF(D32>=80,5,IF(D32>=70,4,IF(D32>=60,3.5,IF(D32>=50,3,IF(D32>=40,2,IF(D32>=33,1,0))))))))) -> 3
A33: ='Student Basic Info'!A33 -> 732 | C33: 33 | D33: =IF(B33+C33=0, "", B33+C33) -> 33 | E33: =IF(D33="","", IF(C33>=33,"Pass","Fail")) -> Pass | F33: =(IF(D33="","",IF(E33="Fail","F",IF(D33>=80,"A+",IF(D33>=70,"A",IF(D33>=60,"A-",IF(D33>=50,"B",IF(D33>=40,"C",IF(D33>=33,"D","F"))))))))) -> D | G33: =(IF(D33="","",IF(F33="F",0,IF(D33>=80,5,IF(D33>=70,4,IF(D33>=60,3.5,IF(D33>=50,3,IF(D33>=40,2,IF(D33>=33,1,0))))))))) -> 1
A34: ='Student Basic Info'!A34 -> 733 | C34: 45 | D34: =IF(B34+C34=0, "", B34+C34) -> 45 | E34: =IF(D34="","", IF(C34>=33,"Pass","Fail")) -> Pass | F34: =(IF(D34="","",IF(E34="Fail","F",IF(D34>=80,"A+",IF(D34>=70,"A",IF(D34>=60,"A-",IF(D34>=50,"B",IF(D34>=40,"C",IF(D34>=33,"D","F"))))))))) -> C | G34: =(IF(D34="","",IF(F34="F",0,IF(D34>=80,5,IF(D34>=70,4,IF(D34>=60,3.5,IF(D34>=50,3,IF(D34>=40,2,IF(D34>=33,1,0))))))))) -> 2
A35: ='Student Basic Info'!A35 -> 734 | C35: 52 | D35: =IF(B35+C35=0, "", B35+C35) -> 52 | E35: =IF(D35="","", IF(C35>=33,"Pass","Fail")) -> Pass | F35: =(IF(D35="","",IF(E35="Fail","F",IF(D35>=80,"A+",IF(D35>=70,"A",IF(D35>=60,"A-",IF(D35>=50,"B",IF(D35>=40,"C",IF(D35>=33,"D","F"))))))))) -> B | G35: =(IF(D35="","",IF(F35="F",0,IF(D35>=80,5,IF(D35>=70,4,IF(D35>=60,3.5,IF(D35>=50,3,IF(D35>=40,2,IF(D35>=33,1,0))))))))) -> 3
A36: ='Student Basic Info'!A36 -> 735 | C36: 50 | D36: =IF(B36+C36=0, "", B36+C36) -> 50 | E36: =IF(D36="","", IF(C36>=33,"Pass","Fail")) -> Pass | F36: =(IF(D36="","",IF(E36="Fail","F",IF(D36>=80,"A+",IF(D36>=70,"A",IF(D36>=60,"A-",IF(D36>=50,"B",IF(D36>=40,"C",IF(D36>=33,"D","F"))))))))) -> B | G36: =(IF(D36="","",IF(F36="F",0,IF(D36>=80,5,IF(D36>=70,4,IF(D36>=60,3.5,IF(D36>=50,3,IF(D36>=40,2,IF(D36>=33,1,0))))))))) -> 3
A37: ='Student Basic Info'!A37 -> 736 | C37: 40 | D37: =IF(B37+C37=0, "", B37+C37) -> 40 | E37: =IF(D37="","", IF(C37>=33,"Pass","Fail")) -> Pass | F37: =(IF(D37="","",IF(E37="Fail","F",IF(D37>=80,"A+",IF(D37>=70,"A",IF(D37>=60,"A-",IF(D37>=50,"B",IF(D37>=40,"C",IF(D37>=33,"D","F"))))))))) -> C | G37: =(IF(D37="","",IF(F37="F",0,IF(D37>=80,5,IF(D37>=70,4,IF(D37>=60,3.5,IF(D37>=50,3,IF(D37>=40,2,IF(D37>=33,1,0))))))))) -> 2
A38: ='Student Basic Info'!A38 -> 737 | C38: 57 | D38: =IF(B38+C38=0, "", B38+C38) -> 57 | E38: =IF(D38="","", IF(C38>=33,"Pass","Fail")) -> Pass | F38: =(IF(D38="","",IF(E38="Fail","F",IF(D38>=80,"A+",IF(D38>=70,"A",IF(D38>=60,"A-",IF(D38>=50,"B",IF(D38>=40,"C",IF(D38>=33,"D","F"))))))))) -> B | G38: =(IF(D38="","",IF(F38="F",0,IF(D38>=80,5,IF(D38>=70,4,IF(D38>=60,3.5,IF(D38>=50,3,IF(D38>=40,2,IF(D38>=33,1,0))))))))) -> 3
A39: ='Student Basic Info'!A39 -> 738 | C39: 54 | D39: =IF(B39+C39=0, "", B39+C39) -> 54 | E39: =IF(D39="","", IF(C39>=33,"Pass","Fail")) -> Pass | F39: =(IF(D39="","",IF(E39="Fail","F",IF(D39>=80,"A+",IF(D39>=70,"A",IF(D39>=60,"A-",IF(D39>=50,"B",IF(D39>=40,"C",IF(D39>=33,"D","F"))))))))) -> B | G39: =(IF(D39="","",IF(F39="F",0,IF(D39>=80,5,IF(D39>=70,4,IF(D39>=60,3.5,IF(D39>=50,3,IF(D39>=40,2,IF(D39>=33,1,0))))))))) -> 3
... A42: ='Student Basic Info'!A42 -> 741 | C42: 60 | D42: =IF(B42+C42=0, "", B42+C42) -> 60 | E42: =IF(D42="","", IF(C42>=33,"Pass","Fail")) -> Pass | F42: =(IF(D42="","",IF(E42="Fail","F",IF(D42>=80,"A+",IF(D42>=70,"A",IF(D42>=60,"A-",IF(D42>=50,"B",IF(D42>=40,"C",IF(D42>=33,"D","F"))))))))) -> A- | G42: =(IF(D42="","",IF(F42="F",0,IF(D42>=80,5,IF(D42>=70,4,IF(D42>=60,3.5,IF(D42>=50,3,IF(D42>=40,2,IF(D42>=33,1,0))))))))) -> 3.5
A43: ='Student Basic Info'!A43 -> 742 | D43: =IF(B43+C43=0, "", B43+C43) | E43: =IF(D43="","", IF(C43>=33,"Pass","Fail")) | F43: =(IF(D43="","",IF(E43="Fail","F",IF(D43>=80,"A+",IF(D43>=70,"A",IF(D43>=60,"A-",IF(D43>=50,"B",IF(D43>=40,"C",IF(D43>=33,"D","F"))))))))) | G43: =(IF(D43="","",IF(F43="F",0,IF(D43>=80,5,IF(D43>=70,4,IF(D43>=60,3.5,IF(D43>=50,3,IF(D43>=40,2,IF(D43>=33,1,0)))))))))
A44: ='Student Basic Info'!A44 -> 743 | C44: 21 | D44: =IF(B44+C44=0, "", B44+C44) -> 21 | E44: =IF(D44="","", IF(C44>=33,"Pass","Fail")) -> Fail | F44: =(IF(D44="","",IF(E44="Fail","F",IF(D44>=80,"A+",IF(D44>=70,"A",IF(D44>=60,"A-",IF(D44>=50,"B",IF(D44>=40,"C",IF(D44>=33,"D","F"))))))))) -> F | G44: =(IF(D44="","",IF(F44="F",0,IF(D44>=80,5,IF(D44>=70,4,IF(D44>=60,3.5,IF(D44>=50,3,IF(D44>=40,2,IF(D44>=33,1,0))))))))) -> 0
A45: ='Student Basic Info'!A45 -> 744 | C45: 25 | D45: =IF(B45+C45=0, "", B45+C45) -> 25 | E45: =IF(D45="","", IF(C45>=33,"Pass","Fail")) -> Fail | F45: =(IF(D45="","",IF(E45="Fail","F",IF(D45>=80,"A+",IF(D45>=70,"A",IF(D45>=60,"A-",IF(D45>=50,"B",IF(D45>=40,"C",IF(D45>=33,"D","F"))))))))) -> F | G45: =(IF(D45="","",IF(F45="F",0,IF(D45>=80,5,IF(D45>=70,4,IF(D45>=60,3.5,IF(D45>=50,3,IF(D45>=40,2,IF(D45>=33,1,0))))))))) -> 0
A46: ='Student Basic Info'!A46 -> 745 | C46: 75 | D46: =IF(B46+C46=0, "", B46+C46) -> 75 | E46: =IF(D46="","", IF(C46>=33,"Pass","Fail")) -> Pass | F46: =(IF(D46="","",IF(E46="Fail","F",IF(D46>=80,"A+",IF(D46>=70,"A",IF(D46>=60,"A-",IF(D46>=50,"B",IF(D46>=40,"C",IF(D46>=33,"D","F"))))))))) -> A | G46: =(IF(D46="","",IF(F46="F",0,IF(D46>=80,5,IF(D46>=70,4,IF(D46>=60,3.5,IF(D46>=50,3,IF(D46>=40,2,IF(D46>=33,1,0))))))))) -> 4
A47: ='Student Basic Info'!A47 -> 746 | C47: 60 | D47: =IF(B47+C47=0, "", B47+C47) -> 60 | E47: =IF(D47="","", IF(C47>=33,"Pass","Fail")) -> Pass | F47: =(IF(D47="","",IF(E47="Fail","F",IF(D47>=80,"A+",IF(D47>=70,"A",IF(D47>=60,"A-",IF(D47>=50,"B",IF(D47>=40,"C",IF(D47>=33,"D","F"))))))))) -> A- | G47: =(IF(D47="","",IF(F47="F",0,IF(D47>=80,5,IF(D47>=70,4,IF(D47>=60,3.5,IF(D47>=50,3,IF(D47>=40,2,IF(D47>=33,1,0))))))))) -> 3.5
A48: ='Student Basic Info'!A48 -> 747 | C48: 40 | D48: =IF(B48+C48=0, "", B48+C48) -> 40 | E48: =IF(D48="","", IF(C48>=33,"Pass","Fail")) -> Pass | F48: =(IF(D48="","",IF(E48="Fail","F",IF(D48>=80,"A+",IF(D48>=70,"A",IF(D48>=60,"A-",IF(D48>=50,"B",IF(D48>=40,"C",IF(D48>=33,"D","F"))))))))) -> C | G48: =(IF(D48="","",IF(F48="F",0,IF(D48>=80,5,IF(D48>=70,4,IF(D48>=60,3.5,IF(D48>=50,3,IF(D48>=40,2,IF(D48>=33,1,0))))))))) -> 2
A49: ='Student Basic Info'!A49 -> 748 | C49: 40 | D49: =IF(B49+C49=0, "", B49+C49) -> 40 | E49: =IF(D49="","", IF(C49>=33,"Pass","Fail")) -> Pass | F49: =(IF(D49="","",IF(E49="Fail","F",IF(D49>=80,"A+",IF(D49>=70,"A",IF(D49>=60,"A-",IF(D49>=50,"B",IF(D49>=40,"C",IF(D49>=33,"D","F"))))))))) -> C | G49: =(IF(D49="","",IF(F49="F",0,IF(D49>=80,5,IF(D49>=70,4,IF(D49>=60,3.5,IF(D49>=50,3,IF(D49>=40,2,IF(D49>=33,1,0))))))))) -> 2
A50: ='Student Basic Info'!A50 -> 749 | C50: 35 | D50: =IF(B50+C50=0, "", B50+C50) -> 35 | E50: =IF(D50="","", IF(C50>=33,"Pass","Fail")) -> Pass | F50: =(IF(D50="","",IF(E50="Fail","F",IF(D50>=80,"A+",IF(D50>=70,"A",IF(D50>=60,"A-",IF(D50>=50,"B",IF(D50>=40,"C",IF(D50>=33,"D","F"))))))))) -> D | G50: =(IF(D50="","",IF(F50="F",0,IF(D50>=80,5,IF(D50>=70,4,IF(D50>=60,3.5,IF(D50>=50,3,IF(D50>=40,2,IF(D50>=33,1,0))))))))) -> 1
A51: ='Student Basic Info'!A51 -> 750 | D51: =IF(B51+C51=0, "", B51+C51) | E51: =IF(D51="","", IF(C51>=33,"Pass","Fail")) | F51: =(IF(D51="","",IF(E51="Fail","F",IF(D51>=80,"A+",IF(D51>=70,"A",IF(D51>=60,"A-",IF(D51>=50,"B",IF(D51>=40,"C",IF(D51>=33,"D","F"))))))))) | G51: =(IF(D51="","",IF(F51="F",0,IF(D51>=80,5,IF(D51>=70,4,IF(D51>=60,3.5,IF(D51>=50,3,IF(D51>=40,2,IF(D51>=33,1,0)))))))))
A52: ='Student Basic Info'!A52 -> 751 | C52: 40 | D52: =IF(B52+C52=0, "", B52+C52) -> 40 | E52: =IF(D52="","", IF(C52>=33,"Pass","Fail")) -> Pass | F52: =(IF(D52="","",IF(E52="Fail","F",IF(D52>=80,"A+",IF(D52>=70,"A",IF(D52>=60,"A-",IF(D52>=50,"B",IF(D52>=40,"C",IF(D52>=33,"D","F"))))))))) -> C | G52: =(IF(D52="","",IF(F52="F",0,IF(D52>=80,5,IF(D52>=70,4,IF(D52>=60,3.5,IF(D52>=50,3,IF(D52>=40,2,IF(D52>=33,1,0))))))))) -> 2
A53: ='Student Basic Info'!A53 -> 752 | D53: =IF(B53+C53=0, "", B53+C53) | E53: =IF(D53="","", IF(C53>=33,"Pass","Fail")) | F53: =(IF(D53="","",IF(E53="Fail","F",IF(D53>=80,"A+",IF(D53>=70,"A",IF(D53>=60,"A-",IF(D53>=50,"B",IF(D53>=40,"C",IF(D53>=33,"D","F"))))))))) | G53: =(IF(D53="","",IF(F53="F",0,IF(D53>=80,5,IF(D53>=70,4,IF(D53>=60,3.5,IF(D53>=50,3,IF(D53>=40,2,IF(D53>=33,1,0)))))))))
A54: ='Student Basic Info'!A54 -> 753 | C54: 19 | D54: =IF(B54+C54=0, "", B54+C54) -> 19 | E54: =IF(D54="","", IF(C54>=33,"Pass","Fail")) -> Fail | F54: =(IF(D54="","",IF(E54="Fail","F",IF(D54>=80,"A+",IF(D54>=70,"A",IF(D54>=60,"A-",IF(D54>=50,"B",IF(D54>=40,"C",IF(D54>=33,"D","F"))))))))) -> F | G54: =(IF(D54="","",IF(F54="F",0,IF(D54>=80,5,IF(D54>=70,4,IF(D54>=60,3.5,IF(D54>=50,3,IF(D54>=40,2,IF(D54>=33,1,0))))))))) -> 0
A55: ='Student Basic Info'!A55 -> 754 | C55: 53 | D55: =IF(B55+C55=0, "", B55+C55) -> 53 | E55: =IF(D55="","", IF(C55>=33,"Pass","Fail")) -> Pass | F55: =(IF(D55="","",IF(E55="Fail","F",IF(D55>=80,"A+",IF(D55>=70,"A",IF(D55>=60,"A-",IF(D55>=50,"B",IF(D55>=40,"C",IF(D55>=33,"D","F"))))))))) -> B | G55: =(IF(D55="","",IF(F55="F",0,IF(D55>=80,5,IF(D55>=70,4,IF(D55>=60,3.5,IF(D55>=50,3,IF(D55>=40,2,IF(D55>=33,1,0))))))))) -> 3
A56: ='Student Basic Info'!A56 -> 755 | C56: 16 | D56: =IF(B56+C56=0, "", B56+C56) -> 16 | E56: =IF(D56="","", IF(C56>=33,"Pass","Fail")) -> Fail | F56: =(IF(D56="","",IF(E56="Fail","F",IF(D56>=80,"A+",IF(D56>=70,"A",IF(D56>=60,"A-",IF(D56>=50,"B",IF(D56>=40,"C",IF(D56>=33,"D","F"))))))))) -> F | G56: =(IF(D56="","",IF(F56="F",0,IF(D56>=80,5,IF(D56>=70,4,IF(D56>=60,3.5,IF(D56>=50,3,IF(D56>=40,2,IF(D56>=33,1,0))))))))) -> 0
A57: ='Student Basic Info'!A57 -> 756 | C57: 50 | D57: =IF(B57+C57=0, "", B57+C57) -> 50 | E57: =IF(D57="","", IF(C57>=33,"Pass","Fail")) -> Pass | F57: =(IF(D57="","",IF(E57="Fail","F",IF(D57>=80,"A+",IF(D57>=70,"A",IF(D57>=60,"A-",IF(D57>=50,"B",IF(D57>=40,"C",IF(D57>=33,"D","F"))))))))) -> B | G57: =(IF(D57="","",IF(F57="F",0,IF(D57>=80,5,IF(D57>=70,4,IF(D57>=60,3.5,IF(D57>=50,3,IF(D57>=40,2,IF(D57>=33,1,0))))))))) -> 3
A58: ='Student Basic Info'!A58 -> 757 | C58: 17 | D58: =IF(B58+C58=0, "", B58+C58) -> 17 | E58: =IF(D58="","", IF(C58>=33,"Pass","Fail")) -> Fail | F58: =(IF(D58="","",IF(E58="Fail","F",IF(D58>=80,"A+",IF(D58>=70,"A",IF(D58>=60,"A-",IF(D58>=50,"B",IF(D58>=40,"C",IF(D58>=33,"D","F"))))))))) -> F | G58: =(IF(D58="","",IF(F58="F",0,IF(D58>=80,5,IF(D58>=70,4,IF(D58>=60,3.5,IF(D58>=50,3,IF(D58>=40,2,IF(D58>=33,1,0))))))))) -> 0
A59: ='Student Basic Info'!A59 -> 758 | C59: 33 | D59: =IF(B59+C59=0, "", B59+C59) -> 33 | E59: =IF(D59="","", IF(C59>=33,"Pass","Fail")) -> Pass | F59: =(IF(D59="","",IF(E59="Fail","F",IF(D59>=80,"A+",IF(D59>=70,"A",IF(D59>=60,"A-",IF(D59>=50,"B",IF(D59>=40,"C",IF(D59>=33,"D","F"))))))))) -> D | G59: =(IF(D59="","",IF(F59="F",0,IF(D59>=80,5,IF(D59>=70,4,IF(D59>=60,3.5,IF(D59>=50,3,IF(D59>=40,2,IF(D59>=33,1,0))))))))) -> 1
A60: ='Student Basic Info'!A60 -> 759 | C60: 63 | D60: =IF(B60+C60=0, "", B60+C60) -> 63 | E60: =IF(D60="","", IF(C60>=33,"Pass","Fail")) -> Pass | F60: =(IF(D60="","",IF(E60="Fail","F",IF(D60>=80,"A+",IF(D60>=70,"A",IF(D60>=60,"A-",IF(D60>=50,"B",IF(D60>=40,"C",IF(D60>=33,"D","F"))))))))) -> A- | G60: =(IF(D60="","",IF(F60="F",0,IF(D60>=80,5,IF(D60>=70,4,IF(D60>=60,3.5,IF(D60>=50,3,IF(D60>=40,2,IF(D60>=33,1,0))))))))) -> 3.5
A61: ='Student Basic Info'!A61 -> 760 | C61: 37 | D61: =IF(B61+C61=0, "", B61+C61) -> 37 | E61: =IF(D61="","", IF(C61>=33,"Pass","Fail")) -> Pass | F61: =(IF(D61="","",IF(E61="Fail","F",IF(D61>=80,"A+",IF(D61>=70,"A",IF(D61>=60,"A-",IF(D61>=50,"B",IF(D61>=40,"C",IF(D61>=33,"D","F"))))))))) -> D | G61: =(IF(D61="","",IF(F61="F",0,IF(D61>=80,5,IF(D61>=70,4,IF(D61>=60,3.5,IF(D61>=50,3,IF(D61>=40,2,IF(D61>=33,1,0))))))))) -> 1
A62: ='Student Basic Info'!A62 -> 761 | C62: 33 | D62: =IF(B62+C62=0, "", B62+C62) -> 33 | E62: =IF(D62="","", IF(C62>=33,"Pass","Fail")) -> Pass | F62: =(IF(D62="","",IF(E62="Fail","F",IF(D62>=80,"A+",IF(D62>=70,"A",IF(D62>=60,"A-",IF(D62>=50,"B",IF(D62>=40,"C",IF(D62>=33,"D","F"))))))))) -> D | G62: =(IF(D62="","",IF(F62="F",0,IF(D62>=80,5,IF(D62>=70,4,IF(D62>=60,3.5,IF(D62>=50,3,IF(D62>=40,2,IF(D62>=33,1,0))))))))) -> 1
A63: ='Student Basic Info'!A63 -> 762 | C63: 35 | D63: =IF(B63+C63=0, "", B63+C63) -> 35 | E63: =IF(D63="","", IF(C63>=33,"Pass","Fail")) -> Pass | F63: =(IF(D63="","",IF(E63="Fail","F",IF(D63>=80,"A+",IF(D63>=70,"A",IF(D63>=60,"A-",IF(D63>=50,"B",IF(D63>=40,"C",IF(D63>=33,"D","F"))))))))) -> D | G63: =(IF(D63="","",IF(F63="F",0,IF(D63>=80,5,IF(D63>=70,4,IF(D63>=60,3.5,IF(D63>=50,3,IF(D63>=40,2,IF(D63>=33,1,0))))))))) -> 1
A64: ='Student Basic Info'!A64 -> 763 | C64: 50 | D64: =IF(B64+C64=0, "", B64+C64) -> 50 | E64: =IF(D64="","", IF(C64>=33,"Pass","Fail")) -> Pass | F64: =(IF(D64="","",IF(E64="Fail","F",IF(D64>=80,"A+",IF(D64>=70,"A",IF(D64>=60,"A-",IF(D64>=50,"B",IF(D64>=40,"C",IF(D64>=33,"D","F"))))))))) -> B | G64: =(IF(D64="","",IF(F64="F",0,IF(D64>=80,5,IF(D64>=70,4,IF(D64>=60,3.5,IF(D64>=50,3,IF(D64>=40,2,IF(D64>=33,1,0))))))))) -> 3
A65: ='Student Basic Info'!A65 -> 764 | C65: 27 | D65: =IF(B65+C65=0, "", B65+C65) -> 27 | E65: =IF(D65="","", IF(C65>=33,"Pass","Fail")) -> Fail | F65: =(IF(D65="","",IF(E65="Fail","F",IF(D65>=80,"A+",IF(D65>=70,"A",IF(D65>=60,"A-",IF(D65>=50,"B",IF(D65>=40,"C",IF(D65>=33,"D","F"))))))))) -> F | G65: =(IF(D65="","",IF(F65="F",0,IF(D65>=80,5,IF(D65>=70,4,IF(D65>=60,3.5,IF(D65>=50,3,IF(D65>=40,2,IF(D65>=33,1,0))))))))) -> 0
... A69: ='Student Basic Info'!A69 -> 768 | C69: 46 | D69: =IF(B69+C69=0, "", B69+C69) -> 46 | E69: =IF(D69="","", IF(C69>=33,"Pass","Fail")) -> Pass | F69: =(IF(D69="","",IF(E69="Fail","F",IF(D69>=80,"A+",IF(D69>=70,"A",IF(D69>=60,"A-",IF(D69>=50,"B",IF(D69>=40,"C",IF(D69>=33,"D","F"))))))))) -> C | G69: =(IF(D69="","",IF(F69="F",0,IF(D69>=80,5,IF(D69>=70,4,IF(D69>=60,3.5,IF(D69>=50,3,IF(D69>=40,2,IF(D69>=33,1,0))))))))) -> 2
A70: ='Student Basic Info'!A70 -> 769 | D70: =IF(B70+C70=0, "", B70+C70) | E70: =IF(D70="","", IF(C70>=33,"Pass","Fail")) | F70: =(IF(D70="","",IF(E70="Fail","F",IF(D70>=80,"A+",IF(D70>=70,"A",IF(D70>=60,"A-",IF(D70>=50,"B",IF(D70>=40,"C",IF(D70>=33,"D","F"))))))))) | G70: =(IF(D70="","",IF(F70="F",0,IF(D70>=80,5,IF(D70>=70,4,IF(D70>=60,3.5,IF(D70>=50,3,IF(D70>=40,2,IF(D70>=33,1,0)))))))))
A71: ='Student Basic Info'!A71 -> 770 | C71: 22 | D71: =IF(B71+C71=0, "", B71+C71) -> 22 | E71: =IF(D71="","", IF(C71>=33,"Pass","Fail")) -> Fail | F71: =(IF(D71="","",IF(E71="Fail","F",IF(D71>=80,"A+",IF(D71>=70,"A",IF(D71>=60,"A-",IF(D71>=50,"B",IF(D71>=40,"C",IF(D71>=33,"D","F"))))))))) -> F | G71: =(IF(D71="","",IF(F71="F",0,IF(D71>=80,5,IF(D71>=70,4,IF(D71>=60,3.5,IF(D71>=50,3,IF(D71>=40,2,IF(D71>=33,1,0))))))))) -> 0
A72: ='Student Basic Info'!A72 -> 771 | D72: =IF(B72+C72=0, "", B72+C72) | E72: =IF(D72="","", IF(C72>=33,"Pass","Fail")) | F72: =(IF(D72="","",IF(E72="Fail","F",IF(D72>=80,"A+",IF(D72>=70,"A",IF(D72>=60,"A-",IF(D72>=50,"B",IF(D72>=40,"C",IF(D72>=33,"D","F"))))))))) | G72: =(IF(D72="","",IF(F72="F",0,IF(D72>=80,5,IF(D72>=70,4,IF(D72>=60,3.5,IF(D72>=50,3,IF(D72>=40,2,IF(D72>=33,1,0)))))))))
A73: ='Student Basic Info'!A73 -> 772 | C73: 23 | D73: =IF(B73+C73=0, "", B73+C73) -> 23 | E73: =IF(D73="","", IF(C73>=33,"Pass","Fail")) -> Fail | F73: =(IF(D73="","",IF(E73="Fail","F",IF(D73>=80,"A+",IF(D73>=70,"A",IF(D73>=60,"A-",IF(D73>=50,"B",IF(D73>=40,"C",IF(D73>=33,"D","F"))))))))) -> F | G73: =(IF(D73="","",IF(F73="F",0,IF(D73>=80,5,IF(D73>=70,4,IF(D73>=60,3.5,IF(D73>=50,3,IF(D73>=40,2,IF(D73>=33,1,0))))))))) -> 0
A74: ='Student Basic Info'!A74 -> 773 | C74: 20 | D74: =IF(B74+C74=0, "", B74+C74) -> 20 | E74: =IF(D74="","", IF(C74>=33,"Pass","Fail")) -> Fail | F74: =(IF(D74="","",IF(E74="Fail","F",IF(D74>=80,"A+",IF(D74>=70,"A",IF(D74>=60,"A-",IF(D74>=50,"B",IF(D74>=40,"C",IF(D74>=33,"D","F"))))))))) -> F | G74: =(IF(D74="","",IF(F74="F",0,IF(D74>=80,5,IF(D74>=70,4,IF(D74>=60,3.5,IF(D74>=50,3,IF(D74>=40,2,IF(D74>=33,1,0))))))))) -> 0
A75: ='Student Basic Info'!A75 -> 774 | C75: 67 | D75: =IF(B75+C75=0, "", B75+C75) -> 67 | E75: =IF(D75="","", IF(C75>=33,"Pass","Fail")) -> Pass | F75: =(IF(D75="","",IF(E75="Fail","F",IF(D75>=80,"A+",IF(D75>=70,"A",IF(D75>=60,"A-",IF(D75>=50,"B",IF(D75>=40,"C",IF(D75>=33,"D","F"))))))))) -> A- | G75: =(IF(D75="","",IF(F75="F",0,IF(D75>=80,5,IF(D75>=70,4,IF(D75>=60,3.5,IF(D75>=50,3,IF(D75>=40,2,IF(D75>=33,1,0))))))))) -> 3.5
A76: ='Student Basic Info'!A76 -> 775 | C76: 26 | D76: =IF(B76+C76=0, "", B76+C76) -> 26 | E76: =IF(D76="","", IF(C76>=33,"Pass","Fail")) -> Fail | F76: =(IF(D76="","",IF(E76="Fail","F",IF(D76>=80,"A+",IF(D76>=70,"A",IF(D76>=60,"A-",IF(D76>=50,"B",IF(D76>=40,"C",IF(D76>=33,"D","F"))))))))) -> F | G76: =(IF(D76="","",IF(F76="F",0,IF(D76>=80,5,IF(D76>=70,4,IF(D76>=60,3.5,IF(D76>=50,3,IF(D76>=40,2,IF(D76>=33,1,0))))))))) -> 0
A77: ='Student Basic Info'!A77 -> 776 | C77: 17 | D77: =IF(B77+C77=0, "", B77+C77) -> 17 | E77: =IF(D77="","", IF(C77>=33,"Pass","Fail")) -> Fail | F77: =(IF(D77="","",IF(E77="Fail","F",IF(D77>=80,"A+",IF(D77>=70,"A",IF(D77>=60,"A-",IF(D77>=50,"B",IF(D77>=40,"C",IF(D77>=33,"D","F"))))))))) -> F | G77: =(IF(D77="","",IF(F77="F",0,IF(D77>=80,5,IF(D77>=70,4,IF(D77>=60,3.5,IF(D77>=50,3,IF(D77>=40,2,IF(D77>=33,1,0))))))))) -> 0
A78: ='Student Basic Info'!A78 -> 777 | D78: =IF(B78+C78=0, "", B78+C78) | E78: =IF(D78="","", IF(C78>=33,"Pass","Fail")) | F78: =(IF(D78="","",IF(E78="Fail","F",IF(D78>=80,"A+",IF(D78>=70,"A",IF(D78>=60,"A-",IF(D78>=50,"B",IF(D78>=40,"C",IF(D78>=33,"D","F"))))))))) | G78: =(IF(D78="","",IF(F78="F",0,IF(D78>=80,5,IF(D78>=70,4,IF(D78>=60,3.5,IF(D78>=50,3,IF(D78>=40,2,IF(D78>=33,1,0)))))))))
A79: ='Student Basic Info'!A79 -> 778 | D79: =IF(B79+C79=0, "", B79+C79) | E79: =IF(D79="","", IF(C79>=33,"Pass","Fail")) | F79: =(IF(D79="","",IF(E79="Fail","F",IF(D79>=80,"A+",IF(D79>=70,"A",IF(D79>=60,"A-",IF(D79>=50,"B",IF(D79>=40,"C",IF(D79>=33,"D","F"))))))))) | G79: =(IF(D79="","",IF(F79="F",0,IF(D79>=80,5,IF(D79>=70,4,IF(D79>=60,3.5,IF(D79>=50,3,IF(D79>=40,2,IF(D79>=33,1,0)))))))))
A80: ='Student Basic Info'!A80 -> 779 | C80: 26 | D80: =IF(B80+C80=0, "", B80+C80) -> 26 | E80: =IF(D80="","", IF(C80>=33,"Pass","Fail")) -> Fail | F80: =(IF(D80="","",IF(E80="Fail","F",IF(D80>=80,"A+",IF(D80>=70,"A",IF(D80>=60,"A-",IF(D80>=50,"B",IF(D80>=40,"C",IF(D80>=33,"D","F"))))))))) -> F | G80: =(IF(D80="","",IF(F80="F",0,IF(D80>=80,5,IF(D80>=70,4,IF(D80>=60,3.5,IF(D80>=50,3,IF(D80>=40,2,IF(D80>=33,1,0))))))))) -> 0
A81: ='Student Basic Info'!A81 -> 780 | C81: 41 | D81: =IF(B81+C81=0, "", B81+C81) -> 41 | E81: =IF(D81="","", IF(C81>=33,"Pass","Fail")) -> Pass | F81: =(IF(D81="","",IF(E81="Fail","F",IF(D81>=80,"A+",IF(D81>=70,"A",IF(D81>=60,"A-",IF(D81>=50,"B",IF(D81>=40,"C",IF(D81>=33,"D","F"))))))))) -> C | G81: =(IF(D81="","",IF(F81="F",0,IF(D81>=80,5,IF(D81>=70,4,IF(D81>=60,3.5,IF(D81>=50,3,IF(D81>=40,2,IF(D81>=33,1,0))))))))) -> 2
A82: ='Student Basic Info'!A82 -> 781 | D82: =IF(B82+C82=0, "", B82+C82) | E82: =IF(D82="","", IF(C82>=33,"Pass","Fail")) | F82: =(IF(D82="","",IF(E82="Fail","F",IF(D82>=80,"A+",IF(D82>=70,"A",IF(D82>=60,"A-",IF(D82>=50,"B",IF(D82>=40,"C",IF(D82>=33,"D","F"))))))))) | G82: =(IF(D82="","",IF(F82="F",0,IF(D82>=80,5,IF(D82>=70,4,IF(D82>=60,3.5,IF(D82>=50,3,IF(D82>=40,2,IF(D82>=33,1,0)))))))))
A83: ='Student Basic Info'!A83 -> 782 | C83: 53 | D83: =IF(B83+C83=0, "", B83+C83) -> 53 | E83: =IF(D83="","", IF(C83>=33,"Pass","Fail")) -> Pass | F83: =(IF(D83="","",IF(E83="Fail","F",IF(D83>=80,"A+",IF(D83>=70,"A",IF(D83>=60,"A-",IF(D83>=50,"B",IF(D83>=40,"C",IF(D83>=33,"D","F"))))))))) -> B | G83: =(IF(D83="","",IF(F83="F",0,IF(D83>=80,5,IF(D83>=70,4,IF(D83>=60,3.5,IF(D83>=50,3,IF(D83>=40,2,IF(D83>=33,1,0))))))))) -> 3
A84: ='Student Basic Info'!A84 -> 783 | D84: =IF(B84+C84=0, "", B84+C84) | E84: =IF(D84="","", IF(C84>=33,"Pass","Fail")) | F84: =(IF(D84="","",IF(E84="Fail","F",IF(D84>=80,"A+",IF(D84>=70,"A",IF(D84>=60,"A-",IF(D84>=50,"B",IF(D84>=40,"C",IF(D84>=33,"D","F"))))))))) | G84: =(IF(D84="","",IF(F84="F",0,IF(D84>=80,5,IF(D84>=70,4,IF(D84>=60,3.5,IF(D84>=50,3,IF(D84>=40,2,IF(D84>=33,1,0)))))))))
A85: ='Student Basic Info'!A85 -> 784 | C85: 15 | D85: =IF(B85+C85=0, "", B85+C85) -> 15 | E85: =IF(D85="","", IF(C85>=33,"Pass","Fail")) -> Fail | F85: =(IF(D85="","",IF(E85="Fail","F",IF(D85>=80,"A+",IF(D85>=70,"A",IF(D85>=60,"A-",IF(D85>=50,"B",IF(D85>=40,"C",IF(D85>=33,"D","F"))))))))) -> F | G85: =(IF(D85="","",IF(F85="F",0,IF(D85>=80,5,IF(D85>=70,4,IF(D85>=60,3.5,IF(D85>=50,3,IF(D85>=40,2,IF(D85>=33,1,0))))))))) -> 0
A86: ='Student Basic Info'!A86 -> 785 | C86: 18 | D86: =IF(B86+C86=0, "", B86+C86) -> 18 | E86: =IF(D86="","", IF(C86>=33,"Pass","Fail")) -> Fail | F86: =(IF(D86="","",IF(E86="Fail","F",IF(D86>=80,"A+",IF(D86>=70,"A",IF(D86>=60,"A-",IF(D86>=50,"B",IF(D86>=40,"C",IF(D86>=33,"D","F"))))))))) -> F | G86: =(IF(D86="","",IF(F86="F",0,IF(D86>=80,5,IF(D86>=70,4,IF(D86>=60,3.5,IF(D86>=50,3,IF(D86>=40,2,IF(D86>=33,1,0))))))))) -> 0
A87: ='Student Basic Info'!A87 -> 786 | D87: =IF(B87+C87=0, "", B87+C87) | E87: =IF(D87="","", IF(C87>=33,"Pass","Fail")) | F87: =(IF(D87="","",IF(E87="Fail","F",IF(D87>=80,"A+",IF(D87>=70,"A",IF(D87>=60,"A-",IF(D87>=50,"B",IF(D87>=40,"C",IF(D87>=33,"D","F"))))))))) | G87: =(IF(D87="","",IF(F87="F",0,IF(D87>=80,5,IF(D87>=70,4,IF(D87>=60,3.5,IF(D87>=50,3,IF(D87>=40,2,IF(D87>=33,1,0)))))))))
A88: ='Student Basic Info'!A88 -> 6812 | C88: 47 | D88: =IF(B88+C88=0, "", B88+C88) -> 47 | E88: =IF(D88="","", IF(C88>=33,"Pass","Fail")) -> Pass | F88: =(IF(D88="","",IF(E88="Fail","F",IF(D88>=80,"A+",IF(D88>=70,"A",IF(D88>=60,"A-",IF(D88>=50,"B",IF(D88>=40,"C",IF(D88>=33,"D","F"))))))))) -> C | G88: =(IF(D88="","",IF(F88="F",0,IF(D88>=80,5,IF(D88>=70,4,IF(D88>=60,3.5,IF(D88>=50,3,IF(D88>=40,2,IF(D88>=33,1,0))))))))) -> 2

Sheet English
A1: Roll | B1: Marks CQ | C1: Total Marks | D1: Result | E1: Grade | F1: GPA
A2: ='Student Basic Info'!A2 -> 701 | B2: 45 | C2: =IF(B2=0, "",B2) -> 45 | D2: =IF(C2="","", IF(C2>=33,"Pass","Fail")) -> Pass | E2: =(IF(C2="","",IF(D2="Fail","F",IF(C2>=80,"A+",IF(C2>=70,"A",IF(C2>=60,"A-",IF(C2>=50,"B",IF(C2>=40,"C",IF(C2>=33,"D","F"))))))))) -> C | F2: =(IF(C2="","",IF(E2="F",0,IF(C2>=80,5,IF(C2>=70,4,IF(C2>=60,3.5,IF(C2>=50,3,IF(C2>=40,2,IF(C2>=33,1,0))))))))) -> 2
A3: ='Student Basic Info'!A3 -> 702 | C3: =IF(B3=0, "",B3) | D3: =IF(C3="","", IF(C3>=33,"Pass","Fail")) | E3: =(IF(C3="","",IF(D3="Fail","F",IF(C3>=80,"A+",IF(C3>=70,"A",IF(C3>=60,"A-",IF(C3>=50,"B",IF(C3>=40,"C",IF(C3>=33,"D","F"))))))))) | F3: =(IF(C3="","",IF(E3="F",0,IF(C3>=80,5,IF(C3>=70,4,IF(C3>=60,3.5,IF(C3>=50,3,IF(C3>=40,2,IF(C3>=33,1,0)))))))))
A4: ='Student Basic Info'!A4 -> 703 | C4: =IF(B4=0, "",B4) | D4: =IF(C4="","", IF(C4>=33,"Pass","Fail")) | E4: =(IF(C4="","",IF(D4="Fail","F",IF(C4>=80,"A+",IF(C4>=70,"A",IF(C4>=60,"A-",IF(C4>=50,"B",IF(C4>=40,"C",IF(C4>=33,"D","F"))))))))) | F4: =(IF(C4="","",IF(E4="F",0,IF(C4>=80,5,IF(C4>=70,4,IF(C4>=60,3.5,IF(C4>=50,3,IF(C4>=40,2,IF(C4>=33,1,0)))))))))
A5: ='Student Basic Info'!A5 -> 704 | B5: 38 | C5: =IF(B5=0, "",B5) -> 38 | D5: =IF(C5="","", IF(C5>=33,"Pass","Fail")) -> Pass | E5: =(IF(C5="","",IF(D5="Fail","F",IF(C5>=80,"A+",IF(C5>=70,"A",IF(C5>=60,"A-",IF(C5>=50,"B",IF(C5>=40,"C",IF(C5>=33,"D","F"))))))))) -> D | F5: =(IF(C5="","",IF(E5="F",0,IF(C5>=80,5,IF(C5>=70,4,IF(C5>=60,3.5,IF(C5>=50,3,IF(C5>=40,2,IF(C5>=33,1,0))))))))) -> 1
A6: ='Student Basic Info'!A6 -> 705 | C6: =IF(B6=0, "",B6) | D6: =IF(C6="","", IF(C6>=33,"Pass","Fail")) | E6: =(IF(C6="","",IF(D6="Fail","F",IF(C6>=80,"A+",IF(C6>=70,"A",IF(C6>=60,"A-",IF(C6>=50,"B",IF(C6>=40,"C",IF(C6>=33,"D","F"))))))))) | F6: =(IF(C6="","",IF(E6="F",0,IF(C6>=80,5,IF(C6>=70,4,IF(C6>=60,3.5,IF(C6>=50,3,IF(C6>=40,2,IF(C6>=33,1,0)))))))))
A7: ='Student Basic Info'!A7 -> 706 | C7: =IF(B7=0, "",B7) | D7: =IF(C7="","", IF(C7>=33,"Pass","Fail")) | E7: =(IF(C7="","",IF(D7="Fail","F",IF(C7>=80,"A+",IF(C7>=70,"A",IF(C7>=60,"A-",IF(C7>=50,"B",IF(C7>=40,"C",IF(C7>=33,"D","F"))))))))) | F7: =(IF(C7="","",IF(E7="F",0,IF(C7>=80,5,IF(C7>=70,4,IF(C7>=60,3.5,IF(C7>=50,3,IF(C7>=40,2,IF(C7>=33,1,0)))))))))
A8: ='Student Basic Info'!A8 -> 707 | C8: =IF(B8=0, "",B8) | D8: =IF(C8="","", IF(C8>=33,"Pass","Fail")) | E8: =(IF(C8="","",IF(D8="Fail","F",IF(C8>=80,"A+",IF(C8>=70,"A",IF(C8>=60,"A-",IF(C8>=50,"B",IF(C8>=40,"C",IF(C8>=33,"D","F"))))))))) | F8: =(IF(C8="","",IF(E8="F",0,IF(C8>=80,5,IF(C8>=70,4,IF(C8>=60,3.5,IF(C8>=50,3,IF(C8>=40,2,IF(C8>=33,1,0)))))))))
A9: ='Student Basic Info'!A9 -> 708 | B9: 33 | C9: =IF(B9=0, "",B9) -> 33 | D9: =IF(C9="","", IF(C9>=33,"Pass","Fail")) -> Pass | E9: =(IF(C9="","",IF(D9="Fail","F",IF(C9>=80,"A+",IF(C9>=70,"A",IF(C9>=60,"A-",IF(C9>=50,"B",IF(C9>=40,"C",IF(C9>=33,"D","F"))))))))) -> D | F9: =(IF(C9="","",IF(E9="F",0,IF(C9>=80,5,IF(C9>=70,4,IF(C9>=60,3.5,IF(C9>=50,3,IF(C9>=40,2,IF(C9>=33,1,0))))))))) -> 1
A10: ='Student Basic Info'!A10 -> 709 | B10: 33 | C10: =IF(B10=0, "",B10) -> 33 | D10: =IF(C10="","", IF(C10>=33,"Pass","Fail")) -> Pass | E10: =(IF(C10="","",IF(D10="Fail","F",IF(C10>=80,"A+",IF(C10>=70,"A",IF(C10>=60,"A-",IF(C10>=50,"B",IF(C10>=40,"C",IF(C10>=33,"D","F"))))))))) -> D | F10: =(IF(C10="","",IF(E10="F",0,IF(C10>=80,5,IF(C10>=70,4,IF(C10>=60,3.5,IF(C10>=50,3,IF(C10>=40,2,IF(C10>=33,1,0))))))))) -> 1
A11: ='Student Basic Info'!A11 -> 710 | B11: 27 | C11: =IF(B11=0, "",B11) -> 27 | D11: =IF(C11="","", IF(C11>=33,"Pass","Fail")) -> Fail | E11: =(IF(C11="","",IF(D11="Fail","F",IF(C11>=80,"A+",IF(C11>=70,"A",IF(C11>=60,"A-",IF(C11>=50,"B",IF(C11>=40,"C",IF(C11>=33,"D","F"))))))))) -> F | F11: =(IF(C11="","",IF(E11="F",0,IF(C11>=80,5,IF(C11>=70,4,IF(C11>=60,3.5,IF(C11>=50,3,IF(C11>=40,2,IF(C11>=33,1,0))))))))) -> 0
A12: ='Student Basic Info'!A12 -> 711 | C12: =IF(B12=0, "",B12) | D12: =IF(C12="","", IF(C12>=33,"Pass","Fail")) | E12: =(IF(C12="","",IF(D12="Fail","F",IF(C12>=80,"A+",IF(C12>=70,"A",IF(C12>=60,"A-",IF(C12>=50,"B",IF(C12>=40,"C",IF(C12>=33,"D","F"))))))))) | F12: =(IF(C12="","",IF(E12="F",0,IF(C12>=80,5,IF(C12>=70,4,IF(C12>=60,3.5,IF(C12>=50,3,IF(C12>=40,2,IF(C12>=33,1,0)))))))))
A13: ='Student Basic Info'!A13 -> 712 | B13: 33 | C13: =IF(B13=0, "",B13) -> 33 | D13: =IF(C13="","", IF(C13>=33,"Pass","Fail")) -> Pass | E13: =(IF(C13="","",IF(D13="Fail","F",IF(C13>=80,"A+",IF(C13>=70,"A",IF(C13>=60,"A-",IF(C13>=50,"B",IF(C13>=40,"C",IF(C13>=33,"D","F"))))))))) -> D | F13: =(IF(C13="","",IF(E13="F",0,IF(C13>=80,5,IF(C13>=70,4,IF(C13>=60,3.5,IF(C13>=50,3,IF(C13>=40,2,IF(C13>=33,1,0))))))))) -> 1
A14: ='Student Basic Info'!A14 -> 713 | B14: 44 | C14: =IF(B14=0, "",B14) -> 44 | D14: =IF(C14="","", IF(C14>=33,"Pass","Fail")) -> Pass | E14: =(IF(C14="","",IF(D14="Fail","F",IF(C14>=80,"A+",IF(C14>=70,"A",IF(C14>=60,"A-",IF(C14>=50,"B",IF(C14>=40,"C",IF(C14>=33,"D","F"))))))))) -> C | F14: =(IF(C14="","",IF(E14="F",0,IF(C14>=80,5,IF(C14>=70,4,IF(C14>=60,3.5,IF(C14>=50,3,IF(C14>=40,2,IF(C14>=33,1,0))))))))) -> 2
A15: ='Student Basic Info'!A15 -> 714 | B15: 47 | C15: =IF(B15=0, "",B15) -> 47 | D15: =IF(C15="","", IF(C15>=33,"Pass","Fail")) -> Pass | E15: =(IF(C15="","",IF(D15="Fail","F",IF(C15>=80,"A+",IF(C15>=70,"A",IF(C15>=60,"A-",IF(C15>=50,"B",IF(C15>=40,"C",IF(C15>=33,"D","F"))))))))) -> C | F15: =(IF(C15="","",IF(E15="F",0,IF(C15>=80,5,IF(C15>=70,4,IF(C15>=60,3.5,IF(C15>=50,3,IF(C15>=40,2,IF(C15>=33,1,0))))))))) -> 2
A16: ='Student Basic Info'!A16 -> 715 | B16: 17 | C16: =IF(B16=0, "",B16) -> 17 | D16: =IF(C16="","", IF(C16>=33,"Pass","Fail")) -> Fail | E16: =(IF(C16="","",IF(D16="Fail","F",IF(C16>=80,"A+",IF(C16>=70,"A",IF(C16>=60,"A-",IF(C16>=50,"B",IF(C16>=40,"C",IF(C16>=33,"D","F"))))))))) -> F | F16: =(IF(C16="","",IF(E16="F",0,IF(C16>=80,5,IF(C16>=70,4,IF(C16>=60,3.5,IF(C16>=50,3,IF(C16>=40,2,IF(C16>=33,1,0))))))))) -> 0 | I16: \
A17: ='Student Basic Info'!A17 -> 716 | B17: 23 | C17: =IF(B17=0, "",B17) -> 23 | D17: =IF(C17="","", IF(C17>=33,"Pass","Fail")) -> Fail | E17: =(IF(C17="","",IF(D17="Fail","F",IF(C17>=80,"A+",IF(C17>=70,"A",IF(C17>=60,"A-",IF(C17>=50,"B",IF(C17>=40,"C",IF(C17>=33,"D","F"))))))))) -> F | F17: =(IF(C17="","",IF(E17="F",0,IF(C17>=80,5,IF(C17>=70,4,IF(C17>=60,3.5,IF(C17>=50,3,IF(C17>=40,2,IF(C17>=33,1,0))))))))) -> 0
A18: ='Student Basic Info'!A18 -> 717 | B18: 24 | C18: =IF(B18=0, "",B18) -> 24 | D18: =IF(C18="","", IF(C18>=33,"Pass","Fail")) -> Fail | E18: =(IF(C18="","",IF(D18="Fail","F",IF(C18>=80,"A+",IF(C18>=70,"A",IF(C18>=60,"A-",IF(C18>=50,"B",IF(C18>=40,"C",IF(C18>=33,"D","F"))))))))) -> F | F18: =(IF(C18="","",IF(E18="F",0,IF(C18>=80,5,IF(C18>=70,4,IF(C18>=60,3.5,IF(C18>=50,3,IF(C18>=40,2,IF(C18>=33,1,0))))))))) -> 0
A19: ='Student Basic Info'!A19 -> 718 | C19: =IF(B19=0, "",B19) | D19: =IF(C19="","", IF(C19>=33,"Pass","Fail")) | E19: =(IF(C19="","",IF(D19="Fail","F",IF(C19>=80,"A+",IF(C19>=70,"A",IF(C19>=60,"A-",IF(C19>=50,"B",IF(C19>=40,"C",IF(C19>=33,"D","F"))))))))) | F19: =(IF(C19="","",IF(E19="F",0,IF(C19>=80,5,IF(C19>=70,4,IF(C19>=60,3.5,IF(C19>=50,3,IF(C19>=40,2,IF(C19>=33,1,0)))))))))
A20: ='Student Basic Info'!A20 -> 719 | B20: 25 | C20: =IF(B20=0, "",B20) -> 25 | D20: =IF(C20="","", IF(C20>=33,"Pass","Fail")) -> Fail | E20: =(IF(C20="","",IF(D20="Fail","F",IF(C20>=80,"A+",IF(C20>=70,"A",IF(C20>=60,"A-",IF(C20>=50,"B",IF(C20>=40,"C",IF(C20>=33,"D","F"))))))))) -> F | F20: =(IF(C20="","",IF(E20="F",0,IF(C20>=80,5,IF(C20>=70,4,IF(C20>=60,3.5,IF(C20>=50,3,IF(C20>=40,2,IF(C20>=33,1,0))))))))) -> 0
A21: ='Student Basic Info'!A21 -> 720 | B21: 29 | C21: =IF(B21=0, "",B21) -> 29 | D21: =IF(C21="","", IF(C21>=33,"Pass","Fail")) -> Fail | E21: =(IF(C21="","",IF(D21="Fail","F",IF(C21>=80,"A+",IF(C21>=70,"A",IF(C21>=60,"A-",IF(C21>=50,"B",IF(C21>=40,"C",IF(C21>=33,"D","F"))))))))) -> F | F21: =(IF(C21="","",IF(E21="F",0,IF(C21>=80,5,IF(C21>=70,4,IF(C21>=60,3.5,IF(C21>=50,3,IF(C21>=40,2,IF(C21>=33,1,0))))))))) -> 0
A22: ='Student Basic Info'!A22 -> 721 | C22: =IF(B22=0, "",B22) | D22: =IF(C22="","", IF(C22>=33,"Pass","Fail")) | E22: =(IF(C22="","",IF(D22="Fail","F",IF(C22>=80,"A+",IF(C22>=70,"A",IF(C22>=60,"A-",IF(C22>=50,"B",IF(C22>=40,"C",IF(C22>=33,"D","F"))))))))) | F22: =(IF(C22="","",IF(E22="F",0,IF(C22>=80,5,IF(C22>=70,4,IF(C22>=60,3.5,IF(C22>=50,3,IF(C22>=40,2,IF(C22>=33,1,0)))))))))
A23: ='Student Basic Info'!A23 -> 722 | B23: 41 | C23: =IF(B23=0, "",B23) -> 41 | D23: =IF(C23="","", IF(C23>=33,"Pass","Fail")) -> Pass | E23: =(IF(C23="","",IF(D23="Fail","F",IF(C23>=80,"A+",IF(C23>=70,"A",IF(C23>=60,"A-",IF(C23>=50,"B",IF(C23>=40,"C",IF(C23>=33,"D","F"))))))))) -> C | F23: =(IF(C23="","",IF(E23="F",0,IF(C23>=80,5,IF(C23>=70,4,IF(C23>=60,3.5,IF(C23>=50,3,IF(C23>=40,2,IF(C23>=33,1,0))))))))) -> 2
A24: ='Student Basic Info'!A24 -> 723 | B24: 64 | C24: =IF(B24=0, "",B24) -> 64 | D24: =IF(C24="","", IF(C24>=33,"Pass","Fail")) -> Pass | E24: =(IF(C24="","",IF(D24="Fail","F",IF(C24>=80,"A+",IF(C24>=70,"A",IF(C24>=60,"A-",IF(C24>=50,"B",IF(C24>=40,"C",IF(C24>=33,"D","F"))))))))) -> A- | F24: =(IF(C24="","",IF(E24="F",0,IF(C24>=80,5,IF(C24>=70,4,IF(C24>=60,3.5,IF(C24>=50,3,IF(C24>=40,2,IF(C24>=33,1,0))))))))) -> 3.5
A25: ='Student Basic Info'!A25 -> 724 | B25: 34 | C25: =IF(B25=0, "",B25) -> 34 | D25: =IF(C25="","", IF(C25>=33,"Pass","Fail")) -> Pass | E25: =(IF(C25="","",IF(D25="Fail","F",IF(C25>=80,"A+",IF(C25>=70,"A",IF(C25>=60,"A-",IF(C25>=50,"B",IF(C25>=40,"C",IF(C25>=33,"D","F"))))))))) -> D | F25: =(IF(C25="","",IF(E25="F",0,IF(C25>=80,5,IF(C25>=70,4,IF(C25>=60,3.5,IF(C25>=50,3,IF(C25>=40,2,IF(C25>=33,1,0))))))))) -> 1
A26: ='Student Basic Info'!A26 -> 725 | B26: 34 | C26: =IF(B26=0, "",B26) -> 34 | D26: =IF(C26="","", IF(C26>=33,"Pass","Fail")) -> Pass | E26: =(IF(C26="","",IF(D26="Fail","F",IF(C26>=80,"A+",IF(C26>=70,"A",IF(C26>=60,"A-",IF(C26>=50,"B",IF(C26>=40,"C",IF(C26>=33,"D","F"))))))))) -> D | F26: =(IF(C26="","",IF(E26="F",0,IF(C26>=80,5,IF(C26>=70,4,IF(C26>=60,3.5,IF(C26>=50,3,IF(C26>=40,2,IF(C26>=33,1,0))))))))) -> 1
A27: ='Student Basic Info'!A27 -> 726 | C27: =IF(B27=0, "",B27) | D27: =IF(C27="","", IF(C27>=33,"Pass","Fail")) | E27: =(IF(C27="","",IF(D27="Fail","F",IF(C27>=80,"A+",IF(C27>=70,"A",IF(C27>=60,"A-",IF(C27>=50,"B",IF(C27>=40,"C",IF(C27>=33,"D","F"))))))))) | F27: =(IF(C27="","",IF(E27="F",0,IF(C27>=80,5,IF(C27>=70,4,IF(C27>=60,3.5,IF(C27>=50,3,IF(C27>=40,2,IF(C27>=33,1,0)))))))))
A28: ='Student Basic Info'!A28 -> 727 | B28: 37 | C28: =IF(B28=0, "",B28) -> 37 | D28: =IF(C28="","", IF(C28>=33,"Pass","Fail")) -> Pass | E28: =(IF(C28="","",IF(D28="Fail","F",IF(C28>=80,"A+",IF(C28>=70,"A",IF(C28>=60,"A-",IF(C28>=50,"B",IF(C28>=40,"C",IF(C28>=33,"D","F"))))))))) -> D | F28: =(IF(C28="","",IF(E28="F",0,IF(C28>=80,5,IF(C28>=70,4,IF(C28>=60,3.5,IF(C28>=50,3,IF(C28>=40,2,IF(C28>=33,1,0))))))))) -> 1
A29: ='Student Basic Info'!A29 -> 728 | B29: 29 | C29: =IF(B29=0, "",B29) -> 29 | D29: =IF(C29="","", IF(C29>=33,"Pass","Fail")) -> Fail | E29: =(IF(C29="","",IF(D29="Fail","F",IF(C29>=80,"A+",IF(C29>=70,"A",IF(C29>=60,"A-",IF(C29>=50,"B",IF(C29>=40,"C",IF(C29>=33,"D","F"))))))))) -> F | F29: =(IF(C29="","",IF(E29="F",0,IF(C29>=80,5,IF(C29>=70,4,IF(C29>=60,3.5,IF(C29>=50,3,IF(C29>=40,2,IF(C29>=33,1,0))))))))) -> 0
A30: ='Student Basic Info'!A30 -> 729 | B30: 18 | C30: =IF(B30=0, "",B30) -> 18 | D30: =IF(C30="","", IF(C30>=33,"Pass","Fail")) -> Fail | E30: =(IF(C30="","",IF(D30="Fail","F",IF(C30>=80,"A+",IF(C30>=70,"A",IF(C30>=60,"A-",IF(C30>=50,"B",IF(C30>=40,"C",IF(C30>=33,"D","F"))))))))) -> F | F30: =(IF(C30="","",IF(E30="F",0,IF(C30>=80,5,IF(C30>=70,4,IF(C30>=60,3.5,IF(C30>=50,3,IF(C30>=40,2,IF(C30>=33,1,0))))))))) -> 0
A31: ='Student Basic Info'!A31 -> 730 | B31: 23 | C31: =IF(B31=0, "",B31) -> 23 | D31: =IF(C31="","", IF(C31>=33,"Pass","Fail")) -> Fail | E31: =(IF(C31="","",IF(D31="Fail","F",IF(C31>=80,"A+",IF(C31>=70,"A",IF(C31>=60,"A-",IF(C31>=50,"B",IF(C31>=40,"C",IF(C31>=33,"D","F"))))))))) -> F | F31: =(IF(C31="","",IF(E31="F",0,IF(C31>=80,5,IF(C31>=70,4,IF(C31>=60,3.5,IF(C31>=50,3,IF(C31>=40,2,IF(C31>=33,1,0))))))))) -> 0
A32: ='Student Basic Info'!A32 -> 731 | B32: 24 | C32: =IF(B32=0, "",B32) -> 24 | D32: =IF(C32="","", IF(C32>=33,"Pass","Fail")) -> Fail | E32: =(IF(C32="","",IF(D32="Fail","F",IF(C32>=80,"A+",IF(C32>=70,"A",IF(C32>=60,"A-",IF(C32>=50,"B",IF(C32>=40,"C",IF(C32>=33,"D","F"))))))))) -> F | F32: =(IF(C32="","",IF(E32="F",0,IF(C32>=80,5,IF(C32>=70,4,IF(C32>=60,3.5,IF(C32>=50,3,IF(C32>=40,2,IF(C32>=33,1,0))))))))) -> 0
A33: ='Student Basic Info'!A33 -> 732 | B33: 17 | C33: =IF(B33=0, "",B33) -> 17 | D33: =IF(C33="","", IF(C33>=33,"Pass","Fail")) -> Fail | E33: =(IF(C33="","",IF(D33="Fail","F",IF(C33>=80,"A+",IF(C33>=70,"A",IF(C33>=60,"A-",IF(C33>=50,"B",IF(C33>=40,"C",IF(C33>=33,"D","F"))))))))) -> F | F33: =(IF(C33="","",IF(E33="F",0,IF(C33>=80,5,IF(C33>=70,4,IF(C33>=60,3.5,IF(C33>=50,3,IF(C33>=40,2,IF(C33>=33,1,0))))))))) -> 0
A34: ='Student Basic Info'!A34 -> 733 | B34: 34 | C34: =IF(B34=0, "",B34) -> 34 | D34: =IF(C34="","", IF(C34>=33,"Pass","Fail")) -> Pass | E34: =(IF(C34="","",IF(D34="Fail","F",IF(C34>=80,"A+",IF(C34>=70,"A",IF(C34>=60,"A-",IF(C34>=50,"B",IF(C34>=40,"C",IF(C34>=33,"D","F"))))))))) -> D | F34: =(IF(C34="","",IF(E34="F",0,IF(C34>=80,5,IF(C34>=70,4,IF(C34>=60,3.5,IF(C34>=50,3,IF(C34>=40,2,IF(C34>=33,1,0))))))))) -> 1
A35: ='Student Basic Info'!A35 -> 734 | B35: 33 | C35: =IF(B35=0, "",B35) -> 33 | D35: =IF(C35="","", IF(C35>=33,"Pass","Fail")) -> Pass | E35: =(IF(C35="","",IF(D35="Fail","F",IF(C35>=80,"A+",IF(C35>=70,"A",IF(C35>=60,"A-",IF(C35>=50,"B",IF(C35>=40,"C",IF(C35>=33,"D","F"))))))))) -> D | F35: =(IF(C35="","",IF(E35="F",0,IF(C35>=80,5,IF(C35>=70,4,IF(C35>=60,3.5,IF(C35>=50,3,IF(C35>=40,2,IF(C35>=33,1,0))))))))) -> 1
A36: ='Student Basic Info'!A36 -> 735 | B36: 44 | C36: =IF(B36=0, "",B36) -> 44 | D36: =IF(C36="","", IF(C36>=33,"Pass","Fail")) -> Pass | E36: =(IF(C36="","",IF(D36="Fail","F",IF(C36>=80,"A+",IF(C36>=70,"A",IF(C36>=60,"A-",IF(C36>=50,"B",IF(C36>=40,"C",IF(C36>=33,"D","F"))))))))) -> C | F36: =(IF(C36="","",IF(E36="F",0,IF(C36>=80,5,IF(C36>=70,4,IF(C36>=60,3.5,IF(C36>=50,3,IF(C36>=40,2,IF(C36>=33,1,0))))))))) -> 2
A37: ='Student Basic Info'!A37 -> 736 | B37: 16 | C37: =IF(B37=0, "",B37) -> 16 | D37: =IF(C37="","", IF(C37>=33,"Pass","Fail")) -> Fail | E37: =(IF(C37="","",IF(D37="Fail","F",IF(C37>=80,"A+",IF(C37>=70,"A",IF(C37>=60,"A-",IF(C37>=50,"B",IF(C37>=40,"C",IF(C37>=33,"D","F"))))))))) -> F | F37: =(IF(C37="","",IF(E37="F",0,IF(C37>=80,5,IF(C37>=70,4,IF(C37>=60,3.5,IF(C37>=50,3,IF(C37>=40,2,IF(C37>=33,1,0))))))))) -> 0
A38: ='Student Basic Info'!A38 -> 737 | B38: 47 | C38: =IF(B38=0, "",B38) -> 47 | D38: =IF(C38="","", IF(C38>=33,"Pass","Fail")) -> Pass | E38: =(IF(C38="","",IF(D38="Fail","F",IF(C38>=80,"A+",IF(C38>=70,"A",IF(C38>=60,"A-",IF(C38>=50,"B",IF(C38>=40,"C",IF(C38>=33,"D","F"))))))))) -> C | F38: =(IF(C38="","",IF(E38="F",0,IF(C38>=80,5,IF(C38>=70,4,IF(C38>=60,3.5,IF(C38>=50,3,IF(C38>=40,2,IF(C38>=33,1,0))))))))) -> 2
A39: ='Student Basic Info'!A39 -> 738 | B39: 44 | C39: =IF(B39=0, "",B39) -> 44 | D39: =IF(C39="","", IF(C39>=33,"Pass","Fail")) -> Pass | E39: =(IF(C39="","",IF(D39="Fail","F",IF(C39>=80,"A+",IF(C39>=70,"A",IF(C39>=60,"A-",IF(C39>=50,"B",IF(C39>=40,"C",IF(C39>=33,"D","F"))))))))) -> C | F39: =(IF(C39="","",IF(E39="F",0,IF(C39>=80,5,IF(C39>=70,4,IF(C39>=60,3.5,IF(C39>=50,3,IF(C39>=40,2,IF(C39>=33,1,0))))))))) -> 2
... A42: ='Student Basic Info'!A42 -> 741 | B42: 54 | C42: =IF(B42=0, "",B42) -> 54 | D42: =IF(C42="","", IF(C42>=33,"Pass","Fail")) -> Pass | E42: =(IF(C42="","",IF(D42="Fail","F",IF(C42>=80,"A+",IF(C42>=70,"A",IF(C42>=60,"A-",IF(C42>=50,"B",IF(C42>=40,"C",IF(C42>=33,"D","F"))))))))) -> B | F42: =(IF(C42="","",IF(E42="F",0,IF(C42>=80,5,IF(C42>=70,4,IF(C42>=60,3.5,IF(C42>=50,3,IF(C42>=40,2,IF(C42>=33,1,0))))))))) -> 3
A43: ='Student Basic Info'!A43 -> 742 | C43: =IF(B43=0, "",B43) | D43: =IF(C43="","", IF(C43>=33,"Pass","Fail")) | E43: =(IF(C43="","",IF(D43="Fail","F",IF(C43>=80,"A+",IF(C43>=70,"A",IF(C43>=60,"A-",IF(C43>=50,"B",IF(C43>=40,"C",IF(C43>=33,"D","F"))))))))) | F43: =(IF(C43="","",IF(E43="F",0,IF(C43>=80,5,IF(C43>=70,4,IF(C43>=60,3.5,IF(C43>=50,3,IF(C43>=40,2,IF(C43>=33,1,0)))))))))
A44: ='Student Basic Info'!A44 -> 743 | B44: 11 | C44: =IF(B44=0, "",B44) -> 11 | D44: =IF(C44="","", IF(C44>=33,"Pass","Fail")) -> Fail | E44: =(IF(C44="","",IF(D44="Fail","F",IF(C44>=80,"A+",IF(C44>=70,"A",IF(C44>=60,"A-",IF(C44>=50,"B",IF(C44>=40,"C",IF(C44>=33,"D","F"))))))))) -> F | F44: =(IF(C44="","",IF(E44="F",0,IF(C44>=80,5,IF(C44>=70,4,IF(C44>=60,3.5,IF(C44>=50,3,IF(C44>=40,2,IF(C44>=33,1,0))))))))) -> 0
A45: ='Student Basic Info'!A45 -> 744 | B45: 25 | C45: =IF(B45=0, "",B45) -> 25 | D45: =IF(C45="","", IF(C45>=33,"Pass","Fail")) -> Fail | E45: =(IF(C45="","",IF(D45="Fail","F",IF(C45>=80,"A+",IF(C45>=70,"A",IF(C45>=60,"A-",IF(C45>=50,"B",IF(C45>=40,"C",IF(C45>=33,"D","F"))))))))) -> F | F45: =(IF(C45="","",IF(E45="F",0,IF(C45>=80,5,IF(C45>=70,4,IF(C45>=60,3.5,IF(C45>=50,3,IF(C45>=40,2,IF(C45>=33,1,0))))))))) -> 0
A46: ='Student Basic Info'!A46 -> 745 | B46: 66 | C46: =IF(B46=0, "",B46) -> 66 | D46: =IF(C46="","", IF(C46>=33,"Pass","Fail")) -> Pass | E46: =(IF(C46="","",IF(D46="Fail","F",IF(C46>=80,"A+",IF(C46>=70,"A",IF(C46>=60,"A-",IF(C46>=50,"B",IF(C46>=40,"C",IF(C46>=33,"D","F"))))))))) -> A- | F46: =(IF(C46="","",IF(E46="F",0,IF(C46>=80,5,IF(C46>=70,4,IF(C46>=60,3.5,IF(C46>=50,3,IF(C46>=40,2,IF(C46>=33,1,0))))))))) -> 3.5
A47: ='Student Basic Info'!A47 -> 746 | B47: 66 | C47: =IF(B47=0, "",B47) -> 66 | D47: =IF(C47="","", IF(C47>=33,"Pass","Fail")) -> Pass | E47: =(IF(C47="","",IF(D47="Fail","F",IF(C47>=80,"A+",IF(C47>=70,"A",IF(C47>=60,"A-",IF(C47>=50,"B",IF(C47>=40,"C",IF(C47>=33,"D","F"))))))))) -> A- | F47: =(IF(C47="","",IF(E47="F",0,IF(C47>=80,5,IF(C47>=70,4,IF(C47>=60,3.5,IF(C47>=50,3,IF(C47>=40,2,IF(C47>=33,1,0))))))))) -> 3.5
A48: ='Student Basic Info'!A48 -> 747 | B48: 19 | C48: =IF(B48=0, "",B48) -> 19 | D48: =IF(C48="","", IF(C48>=33,"Pass","Fail")) -> Fail | E48: =(IF(C48="","",IF(D48="Fail","F",IF(C48>=80,"A+",IF(C48>=70,"A",IF(C48>=60,"A-",IF(C48>=50,"B",IF(C48>=40,"C",IF(C48>=33,"D","F"))))))))) -> F | F48: =(IF(C48="","",IF(E48="F",0,IF(C48>=80,5,IF(C48>=70,4,IF(C48>=60,3.5,IF(C48>=50,3,IF(C48>=40,2,IF(C48>=33,1,0))))))))) -> 0
A49: ='Student Basic Info'!A49 -> 748 | B49: 15 | C49: =IF(B49=0, "",B49) -> 15 | D49: =IF(C49="","", IF(C49>=33,"Pass","Fail")) -> Fail | E49: =(IF(C49="","",IF(D49="Fail","F",IF(C49>=80,"A+",IF(C49>=70,"A",IF(C49>=60,"A-",IF(C49>=50,"B",IF(C49>=40,"C",IF(C49>=33,"D","F"))))))))) -> F | F49: =(IF(C49="","",IF(E49="F",0,IF(C49>=80,5,IF(C49>=70,4,IF(C49>=60,3.5,IF(C49>=50,3,IF(C49>=40,2,IF(C49>=33,1,0))))))))) -> 0
A50: ='Student Basic Info'!A50 -> 749 | B50: 20 | C50: =IF(B50=0, "",B50) -> 20 | D50: =IF(C50="","", IF(C50>=33,"Pass","Fail")) -> Fail | E50: =(IF(C50="","",IF(D50="Fail","F",IF(C50>=80,"A+",IF(C50>=70,"A",IF(C50>=60,"A-",IF(C50>=50,"B",IF(C50>=40,"C",IF(C50>=33,"D","F"))))))))) -> F | F50: =(IF(C50="","",IF(E50="F",0,IF(C50>=80,5,IF(C50>=70,4,IF(C50>=60,3.5,IF(C50>=50,3,IF(C50>=40,2,IF(C50>=33,1,0))))))))) -> 0
A51: ='Student Basic Info'!A51 -> 750 | C51: =IF(B51=0, "",B51) | D51: =IF(C51="","", IF(C51>=33,"Pass","Fail")) | E51: =(IF(C51="","",IF(D51="Fail","F",IF(C51>=80,"A+",IF(C51>=70,"A",IF(C51>=60,"A-",IF(C51>=50,"B",IF(C51>=40,"C",IF(C51>=33,"D","F"))))))))) | F51: =(IF(C51="","",IF(E51="F",0,IF(C51>=80,5,IF(C51>=70,4,IF(C51>=60,3.5,IF(C51>=50,3,IF(C51>=40,2,IF(C51>=33,1,0)))))))))
A52: ='Student Basic Info'!A52 -> 751 | B52: 27 | C52: =IF(B52=0, "",B52) -> 27 | D52: =IF(C52="","", IF(C52>=33,"Pass","Fail")) -> Fail | E52: =(IF(C52="","",IF(D52="Fail","F",IF(C52>=80,"A+",IF(C52>=70,"A",IF(C52>=60,"A-",IF(C52>=50,"B",IF(C52>=40,"C",IF(C52>=33,"D","F"))))))))) -> F | F52: =(IF(C52="","",IF(E52="F",0,IF(C52>=80,5,IF(C52>=70,4,IF(C52>=60,3.5,IF(C52>=50,3,IF(C52>=40,2,IF(C52>=33,1,0))))))))) -> 0
A53: ='Student Basic Info'!A53 -> 752 | C53: =IF(B53=0, "",B53) | D53: =IF(C53="","", IF(C53>=33,"Pass","Fail")) | E53: =(IF(C53="","",IF(D53="Fail","F",IF(C53>=80,"A+",IF(C53>=70,"A",IF(C53>=60,"A-",IF(C53>=50,"B",IF(C53>=40,"C",IF(C53>=33,"D","F"))))))))) | F53: =(IF(C53="","",IF(E53="F",0,IF(C53>=80,5,IF(C53>=70,4,IF(C53>=60,3.5,IF(C53>=50,3,IF(C53>=40,2,IF(C53>=33,1,0)))))))))
A54: ='Student Basic Info'!A54 -> 753 | B54: 33 | C54: =IF(B54=0, "",B54) -> 33 | D54: =IF(C54="","", IF(C54>=33,"Pass","Fail")) -> Pass | E54: =(IF(C54="","",IF(D54="Fail","F",IF(C54>=80,"A+",IF(C54>=70,"A",IF(C54>=60,"A-",IF(C54>=50,"B",IF(C54>=40,"C",IF(C54>=33,"D","F"))))))))) -> D | F54: =(IF(C54="","",IF(E54="F",0,IF(C54>=80,5,IF(C54>=70,4,IF(C54>=60,3.5,IF(C54>=50,3,IF(C54>=40,2,IF(C54>=33,1,0))))))))) -> 1
A55: ='Student Basic Info'!A55 -> 754 | B55: 23 | C55: =IF(B55=0, "",B55) -> 23 | D55: =IF(C55="","", IF(C55>=33,"Pass","Fail")) -> Fail | E55: =(IF(C55="","",IF(D55="Fail","F",IF(C55>=80,"A+",IF(C55>=70,"A",IF(C55>=60,"A-",IF(C55>=50,"B",IF(C55>=40,"C",IF(C55>=33,"D","F"))))))))) -> F | F55: =(IF(C55="","",IF(E55="F",0,IF(C55>=80,5,IF(C55>=70,4,IF(C55>=60,3.5,IF(C55>=50,3,IF(C55>=40,2,IF(C55>=33,1,0))))))))) -> 0
A56: ='Student Basic Info'!A56 -> 755 | B56: 19 | C56: =IF(B56=0, "",B56) -> 19 | D56: =IF(C56="","", IF(C56>=33,"Pass","Fail")) -> Fail | E56: =(IF(C56="","",IF(D56="Fail","F",IF(C56>=80,"A+",IF(C56>=70,"A",IF(C56>=60,"A-",IF(C56>=50,"B",IF(C56>=40,"C",IF(C56>=33,"D","F"))))))))) -> F | F56: =(IF(C56="","",IF(E56="F",0,IF(C56>=80,5,IF(C56>=70,4,IF(C56>=60,3.5,IF(C56>=50,3,IF(C56>=40,2,IF(C56>=33,1,0))))))))) -> 0
A57: ='Student Basic Info'!A57 -> 756 | B57: 33 | C57: =IF(B57=0, "",B57) -> 33 | D57: =IF(C57="","", IF(C57>=33,"Pass","Fail")) -> Pass | E57: =(IF(C57="","",IF(D57="Fail","F",IF(C57>=80,"A+",IF(C57>=70,"A",IF(C57>=60,"A-",IF(C57>=50,"B",IF(C57>=40,"C",IF(C57>=33,"D","F"))))))))) -> D | F57: =(IF(C57="","",IF(E57="F",0,IF(C57>=80,5,IF(C57>=70,4,IF(C57>=60,3.5,IF(C57>=50,3,IF(C57>=40,2,IF(C57>=33,1,0))))))))) -> 1
A58: ='Student Basic Info'!A58 -> 757 | B58: 11 | C58: =IF(B58=0, "",B58) -> 11 | D58: =IF(C58="","", IF(C58>=33,"Pass","Fail")) -> Fail | E58: =(IF(C58="","",IF(D58="Fail","F",IF(C58>=80,"A+",IF(C58>=70,"A",IF(C58>=60,"A-",IF(C58>=50,"B",IF(C58>=40,"C",IF(C58>=33,"D","F"))))))))) -> F | F58: =(IF(C58="","",IF(E58="F",0,IF(C58>=80,5,IF(C58>=70,4,IF(C58>=60,3.5,IF(C58>=50,3,IF(C58>=40,2,IF(C58>=33,1,0))))))))) -> 0
A59: ='Student Basic Info'!A59 -> 758 | B59: 44 | C59: =IF(B59=0, "",B59) -> 44 | D59: =IF(C59="","", IF(C59>=33,"Pass","Fail")) -> Pass | E59: =(IF(C59="","",IF(D59="Fail","F",IF(C59>=80,"A+",IF(C59>=70,"A",IF(C59>=60,"A-",IF(C59>=50,"B",IF(C59>=40,"C",IF(C59>=33,"D","F"))))))))) -> C | F59: =(IF(C59="","",IF(E59="F",0,IF(C59>=80,5,IF(C59>=70,4,IF(C59>=60,3.5,IF(C59>=50,3,IF(C59>=40,2,IF(C59>=33,1,0))))))))) -> 2
A60: ='Student Basic Info'!A60 -> 759 | B60: 33 | C60: =IF(B60=0, "",B60) -> 33 | D60: =IF(C60="","", IF(C60>=33,"Pass","Fail")) -> Pass | E60: =(IF(C60="","",IF(D60="Fail","F",IF(C60>=80,"A+",IF(C60>=70,"A",IF(C60>=60,"A-",IF(C60>=50,"B",IF(C60>=40,"C",IF(C60>=33,"D","F"))))))))) -> D | F60: =(IF(C60="","",IF(E60="F",0,IF(C60>=80,5,IF(C60>=70,4,IF(C60>=60,3.5,IF(C60>=50,3,IF(C60>=40,2,IF(C60>=33,1,0))))))))) -> 1
A61: ='Student Basic Info'!A61 -> 760 | B61: 38 | C61: =IF(B61=0, "",B61) -> 38 | D61: =IF(C61="","", IF(C61>=33,"Pass","Fail")) -> Pass | E61: =(IF(C61="","",IF(D61="Fail","F",IF(C61>=80,"A+",IF(C61>=70,"A",IF(C61>=60,"A-",IF(C61>=50,"B",IF(C61>=40,"C",IF(C61>=33,"D","F"))))))))) -> D | F61: =(IF(C61="","",IF(E61="F",0,IF(C61>=80,5,IF(C61>=70,4,IF(C61>=60,3.5,IF(C61>=50,3,IF(C61>=40,2,IF(C61>=33,1,0))))))))) -> 1
A62: ='Student Basic Info'!A62 -> 761 | B62: 34 | C62: =IF(B62=0, "",B62) -> 34 | D62: =IF(C62="","", IF(C62>=33,"Pass","Fail")) -> Pass | E62: =(IF(C62="","",IF(D62="Fail","F",IF(C62>=80,"A+",IF(C62>=70,"A",IF(C62>=60,"A-",IF(C62>=50,"B",IF(C62>=40,"C",IF(C62>=33,"D","F"))))))))) -> D | F62: =(IF(C62="","",IF(E62="F",0,IF(C62>=80,5,IF(C62>=70,4,IF(C62>=60,3.5,IF(C62>=50,3,IF(C62>=40,2,IF(C62>=33,1,0))))))))) -> 1
A63: ='Student Basic Info'!A63 -> 762 | B63: 48 | C63: =IF(B63=0, "",B63) -> 48 | D63: =IF(C63="","", IF(C63>=33,"Pass","Fail")) -> Pass | E63: =(IF(C63="","",IF(D63="Fail","F",IF(C63>=80,"A+",IF(C63>=70,"A",IF(C63>=60,"A-",IF(C63>=50,"B",IF(C63>=40,"C",IF(C63>=33,"D","F"))))))))) -> C | F63: =(IF(C63="","",IF(E63="F",0,IF(C63>=80,5,IF(C63>=70,4,IF(C63>=60,3.5,IF(C63>=50,3,IF(C63>=40,2,IF(C63>=33,1,0))))))))) -> 2
A64: ='Student Basic Info'!A64 -> 763 | B64: 36 | C64: =IF(B64=0, "",B64) -> 36 | D64: =IF(C64="","", IF(C64>=33,"Pass","Fail")) -> Pass | E64: =(IF(C64="","",IF(D64="Fail","F",IF(C64>=80,"A+",IF(C64>=70,"A",IF(C64>=60,"A-",IF(C64>=50,"B",IF(C64>=40,"C",IF(C64>=33,"D","F"))))))))) -> D | F64: =(IF(C64="","",IF(E64="F",0,IF(C64>=80,5,IF(C64>=70,4,IF(C64>=60,3.5,IF(C64>=50,3,IF(C64>=40,2,IF(C64>=33,1,0))))))))) -> 1
A65: ='Student Basic Info'!A65 -> 764 | B65: 17 | C65: =IF(B65=0, "",B65) -> 17 | D65: =IF(C65="","", IF(C65>=33,"Pass","Fail")) -> Fail | E65: =(IF(C65="","",IF(D65="Fail","F",IF(C65>=80,"A+",IF(C65>=70,"A",IF(C65>=60,"A-",IF(C65>=50,"B",IF(C65>=40,"C",IF(C65>=33,"D","F"))))))))) -> F | F65: =(IF(C65="","",IF(E65="F",0,IF(C65>=80,5,IF(C65>=70,4,IF(C65>=60,3.5,IF(C65>=50,3,IF(C65>=40,2,IF(C65>=33,1,0))))))))) -> 0
... A69: ='Student Basic Info'!A69 -> 768 | B69: 25 | C69: =IF(B69=0, "",B69) -> 25 | D69: =IF(C69="","", IF(C69>=33,"Pass","Fail")) -> Fail | E69: =(IF(C69="","",IF(D69="Fail","F",IF(C69>=80,"A+",IF(C69>=70,"A",IF(C69>=60,"A-",IF(C69>=50,"B",IF(C69>=40,"C",IF(C69>=33,"D","F"))))))))) -> F | F69: =(IF(C69="","",IF(E69="F",0,IF(C69>=80,5,IF(C69>=70,4,IF(C69>=60,3.5,IF(C69>=50,3,IF(C69>=40,2,IF(C69>=33,1,0))))))))) -> 0
A70: ='Student Basic Info'!A70 -> 769 | C70: =IF(B70=0, "",B70) | D70: =IF(C70="","", IF(C70>=33,"Pass","Fail")) | E70: =(IF(C70="","",IF(D70="Fail","F",IF(C70>=80,"A+",IF(C70>=70,"A",IF(C70>=60,"A-",IF(C70>=50,"B",IF(C70>=40,"C",IF(C70>=33,"D","F"))))))))) | F70: =(IF(C70="","",IF(E70="F",0,IF(C70>=80,5,IF(C70>=70,4,IF(C70>=60,3.5,IF(C70>=50,3,IF(C70>=40,2,IF(C70>=33,1,0)))))))))
A71: ='Student Basic Info'!A71 -> 770 | B71: 17 | C71: =IF(B71=0, "",B71) -> 17 | D71: =IF(C71="","", IF(C71>=33,"Pass","Fail")) -> Fail | E71: =(IF(C71="","",IF(D71="Fail","F",IF(C71>=80,"A+",IF(C71>=70,"A",IF(C71>=60,"A-",IF(C71>=50,"B",IF(C71>=40,"C",IF(C71>=33,"D","F"))))))))) -> F | F71: =(IF(C71="","",IF(E71="F",0,IF(C71>=80,5,IF(C71>=70,4,IF(C71>=60,3.5,IF(C71>=50,3,IF(C71>=40,2,IF(C71>=33,1,0))))))))) -> 0
A72: ='Student Basic Info'!A72 -> 771 | C72: =IF(B72=0, "",B72) | D72: =IF(C72="","", IF(C72>=33,"Pass","Fail")) | E72: =(IF(C72="","",IF(D72="Fail","F",IF(C72>=80,"A+",IF(C72>=70,"A",IF(C72>=60,"A-",IF(C72>=50,"B",IF(C72>=40,"C",IF(C72>=33,"D","F"))))))))) | F72: =(IF(C72="","",IF(E72="F",0,IF(C72>=80,5,IF(C72>=70,4,IF(C72>=60,3.5,IF(C72>=50,3,IF(C72>=40,2,IF(C72>=33,1,0)))))))))
A73: ='Student Basic Info'!A73 -> 772 | B73: 9 | C73: =IF(B73=0, "",B73) -> 9 | D73: =IF(C73="","", IF(C73>=33,"Pass","Fail")) -> Fail | E73: =(IF(C73="","",IF(D73="Fail","F",IF(C73>=80,"A+",IF(C73>=70,"A",IF(C73>=60,"A-",IF(C73>=50,"B",IF(C73>=40,"C",IF(C73>=33,"D","F"))))))))) -> F | F73: =(IF(C73="","",IF(E73="F",0,IF(C73>=80,5,IF(C73>=70,4,IF(C73>=60,3.5,IF(C73>=50,3,IF(C73>=40,2,IF(C73>=33,1,0))))))))) -> 0
A74: ='Student Basic Info'!A74 -> 773 | B74: 24 | C74: =IF(B74=0, "",B74) -> 24 | D74: =IF(C74="","", IF(C74>=33,"Pass","Fail")) -> Fail | E74: =(IF(C74="","",IF(D74="Fail","F",IF(C74>=80,"A+",IF(C74>=70,"A",IF(C74>=60,"A-",IF(C74>=50,"B",IF(C74>=40,"C",IF(C74>=33,"D","F"))))))))) -> F | F74: =(IF(C74="","",IF(E74="F",0,IF(C74>=80,5,IF(C74>=70,4,IF(C74>=60,3.5,IF(C74>=50,3,IF(C74>=40,2,IF(C74>=33,1,0))))))))) -> 0
A75: ='Student Basic Info'!A75 -> 774 | B75: 27 | C75: =IF(B75=0, "",B75) -> 27 | D75: =IF(C75="","", IF(C75>=33,"Pass","Fail")) -> Fail | E75: =(IF(C75="","",IF(D75="Fail","F",IF(C75>=80,"A+",IF(C75>=70,"A",IF(C75>=60,"A-",IF(C75>=50,"B",IF(C75>=40,"C",IF(C75>=33,"D","F"))))))))) -> F | F75: =(IF(C75="","",IF(E75="F",0,IF(C75>=80,5,IF(C75>=70,4,IF(C75>=60,3.5,IF(C75>=50,3,IF(C75>=40,2,IF(C75>=33,1,0))))))))) -> 0
A76: ='Student Basic Info'!A76 -> 775 | B76: 28 | C76: =IF(B76=0, "",B76) -> 28 | D76: =IF(C76="","", IF(C76>=33,"Pass","Fail")) -> Fail | E76: =(IF(C76="","",IF(D76="Fail","F",IF(C76>=80,"A+",IF(C76>=70,"A",IF(C76>=60,"A-",IF(C76>=50,"B",IF(C76>=40,"C",IF(C76>=33,"D","F"))))))))) -> F | F76: =(IF(C76="","",IF(E76="F",0,IF(C76>=80,5,IF(C76>=70,4,IF(C76>=60,3.5,IF(C76>=50,3,IF(C76>=40,2,IF(C76>=33,1,0))))))))) -> 0
A77: ='Student Basic Info'!A77 -> 776 | B77: 12 | C77: =IF(B77=0, "",B77) -> 12 | D77: =IF(C77="","", IF(C77>=33,"Pass","Fail")) -> Fail | E77: =(IF(C77="","",IF(D77="Fail","F",IF(C77>=80,"A+",IF(C77>=70,"A",IF(C77>=60,"A-",IF(C77>=50,"B",IF(C77>=40,"C",IF(C77>=33,"D","F"))))))))) -> F | F77: =(IF(C77="","",IF(E77="F",0,IF(C77>=80,5,IF(C77>=70,4,IF(C77>=60,3.5,IF(C77>=50,3,IF(C77>=40,2,IF(C77>=33,1,0))))))))) -> 0
A78: ='Student Basic Info'!A78 -> 777 | C78: =IF(B78=0, "",B78) | D78: =IF(C78="","", IF(C78>=33,"Pass","Fail")) | E78: =(IF(C78="","",IF(D78="Fail","F",IF(C78>=80,"A+",IF(C78>=70,"A",IF(C78>=60,"A-",IF(C78>=50,"B",IF(C78>=40,"C",IF(C78>=33,"D","F"))))))))) | F78: =(IF(C78="","",IF(E78="F",0,IF(C78>=80,5,IF(C78>=70,4,IF(C78>=60,3.5,IF(C78>=50,3,IF(C78>=40,2,IF(C78>=33,1,0)))))))))
A79: ='Student Basic Info'!A79 -> 778 | C79: =IF(B79=0, "",B79) | D79: =IF(C79="","", IF(C79>=33,"Pass","Fail")) | E79: =(IF(C79="","",IF(D79="Fail","F",IF(C79>=80,"A+",IF(C79>=70,"A",IF(C79>=60,"A-",IF(C79>=50,"B",IF(C79>=40,"C",IF(C79>=33,"D","F"))))))))) | F79: =(IF(C79="","",IF(E79="F",0,IF(C79>=80,5,IF(C79>=70,4,IF(C79>=60,3.5,IF(C79>=50,3,IF(C79>=40,2,IF(C79>=33,1,0)))))))))
A80: ='Student Basic Info'!A80 -> 779 | B80: 19 | C80: =IF(B80=0, "",B80) -> 19 | D80: =IF(C80="","", IF(C80>=33,"Pass","Fail")) -> Fail | E80: =(IF(C80="","",IF(D80="Fail","F",IF(C80>=80,"A+",IF(C80>=70,"A",IF(C80>=60,"A-",IF(C80>=50,"B",IF(C80>=40,"C",IF(C80>=33,"D","F"))))))))) -> F | F80: =(IF(C80="","",IF(E80="F",0,IF(C80>=80,5,IF(C80>=70,4,IF(C80>=60,3.5,IF(C80>=50,3,IF(C80>=40,2,IF(C80>=33,1,0))))))))) -> 0
A81: ='Student Basic Info'!A81 -> 780 | B81: 20 | C81: =IF(B81=0, "",B81) -> 20 | D81: =IF(C81="","", IF(C81>=33,"Pass","Fail")) -> Fail | E81: =(IF(C81="","",IF(D81="Fail","F",IF(C81>=80,"A+",IF(C81>=70,"A",IF(C81>=60,"A-",IF(C81>=50,"B",IF(C81>=40,"C",IF(C81>=33,"D","F"))))))))) -> F | F81: =(IF(C81="","",IF(E81="F",0,IF(C81>=80,5,IF(C81>=70,4,IF(C81>=60,3.5,IF(C81>=50,3,IF(C81>=40,2,IF(C81>=33,1,0))))))))) -> 0
A82: ='Student Basic Info'!A82 -> 781 | C82: =IF(B82=0, "",B82) | D82: =IF(C82="","", IF(C82>=33,"Pass","Fail")) | E82: =(IF(C82="","",IF(D82="Fail","F",IF(C82>=80,"A+",IF(C82>=70,"A",IF(C82>=60,"A-",IF(C82>=50,"B",IF(C82>=40,"C",IF(C82>=33,"D","F"))))))))) | F82: =(IF(C82="","",IF(E82="F",0,IF(C82>=80,5,IF(C82>=70,4,IF(C82>=60,3.5,IF(C82>=50,3,IF(C82>=40,2,IF(C82>=33,1,0)))))))))
A83: ='Student Basic Info'!A83 -> 782 | B83: 42 | C83: =IF(B83=0, "",B83) -> 42 | D83: =IF(C83="","", IF(C83>=33,"Pass","Fail")) -> Pass | E83: =(IF(C83="","",IF(D83="Fail","F",IF(C83>=80,"A+",IF(C83>=70,"A",IF(C83>=60,"A-",IF(C83>=50,"B",IF(C83>=40,"C",IF(C83>=33,"D","F"))))))))) -> C | F83: =(IF(C83="","",IF(E83="F",0,IF(C83>=80,5,IF(C83>=70,4,IF(C83>=60,3.5,IF(C83>=50,3,IF(C83>=40,2,IF(C83>=33,1,0))))))))) -> 2
A84: ='Student Basic Info'!A84 -> 783 | C84: =IF(B84=0, "",B84) | D84: =IF(C84="","", IF(C84>=33,"Pass","Fail")) | E84: =(IF(C84="","",IF(D84="Fail","F",IF(C84>=80,"A+",IF(C84>=70,"A",IF(C84>=60,"A-",IF(C84>=50,"B",IF(C84>=40,"C",IF(C84>=33,"D","F"))))))))) | F84: =(IF(C84="","",IF(E84="F",0,IF(C84>=80,5,IF(C84>=70,4,IF(C84>=60,3.5,IF(C84>=50,3,IF(C84>=40,2,IF(C84>=33,1,0)))))))))
A85: ='Student Basic Info'!A85 -> 784 | B85: 6 | C85: =IF(B85=0, "",B85) -> 6 | D85: =IF(C85="","", IF(C85>=33,"Pass","Fail")) -> Fail | E85: =(IF(C85="","",IF(D85="Fail","F",IF(C85>=80,"A+",IF(C85>=70,"A",IF(C85>=60,"A-",IF(C85>=50,"B",IF(C85>=40,"C",IF(C85>=33,"D","F"))))))))) -> F | F85: =(IF(C85="","",IF(E85="F",0,IF(C85>=80,5,IF(C85>=70,4,IF(C85>=60,3.5,IF(C85>=50,3,IF(C85>=40,2,IF(C85>=33,1,0))))))))) -> 0
A86: ='Student Basic Info'!A86 -> 785 | B86: 3 | C86: =IF(B86=0, "",B86) -> 3 | D86: =IF(C86="","", IF(C86>=33,"Pass","Fail")) -> Fail | E86: =(IF(C86="","",IF(D86="Fail","F",IF(C86>=80,"A+",IF(C86>=70,"A",IF(C86>=60,"A-",IF(C86>=50,"B",IF(C86>=40,"C",IF(C86>=33,"D","F"))))))))) -> F | F86: =(IF(C86="","",IF(E86="F",0,IF(C86>=80,5,IF(C86>=70,4,IF(C86>=60,3.5,IF(C86>=50,3,IF(C86>=40,2,IF(C86>=33,1,0))))))))) -> 0
A87: ='Student Basic Info'!A87 -> 786 | B87: 14 | C87: =IF(B87=0, "",B87) -> 14 | D87: =IF(C87="","", IF(C87>=33,"Pass","Fail")) -> Fail | E87: =(IF(C87="","",IF(D87="Fail","F",IF(C87>=80,"A+",IF(C87>=70,"A",IF(C87>=60,"A-",IF(C87>=50,"B",IF(C87>=40,"C",IF(C87>=33,"D","F"))))))))) -> F | F87: =(IF(C87="","",IF(E87="F",0,IF(C87>=80,5,IF(C87>=70,4,IF(C87>=60,3.5,IF(C87>=50,3,IF(C87>=40,2,IF(C87>=33,1,0))))))))) -> 0
A88: ='Student Basic Info'!A88 -> 6812 | B88: 28 | C88: =IF(B88=0, "",B88) -> 28 | D88: =IF(C88="","", IF(C88>=33,"Pass","Fail")) -> Fail | E88: =(IF(C88="","",IF(D88="Fail","F",IF(C88>=80,"A+",IF(C88>=70,"A",IF(C88>=60,"A-",IF(C88>=50,"B",IF(C88>=40,"C",IF(C88>=33,"D","F"))))))))) -> F | F88: =(IF(C88="","",IF(E88="F",0,IF(C88>=80,5,IF(C88>=70,4,IF(C88>=60,3.5,IF(C88>=50,3,IF(C88>=40,2,IF(C88>=33,1,0))))))))) -> 0

Sheet ICT
A1: Roll | B1: Marks MCQ | C1: Marks CQ | D1: Practical | E1: Total Marks | F1: Result | G1: Grade | H1: GPA
A2: ='Student Basic Info'!A2 -> 701 | B2: 17 | C2: 40 | D2: 25 | E2: =IF(B2+C2=0, "", B2+C2+D2) -> 82 | F2: =IF(E2="","", IF(AND(B2 >=8,C2>=17,D2>=8),"Pass","Fail")) -> Pass | G2: =(IF(E2="","",IF(F2="Fail","F",IF(E2>=80,"A+",IF(E2>=70,"A",IF(E2>=60,"A-",IF(E2>=50,"B",IF(E2>=40,"C",IF(E2>=33,"D","F"))))))))) -> A+ | H2: =(IF(E2="","",IF(G2="F",0,IF(E2>=80,5,IF(E2>=70,4,IF(E2>=60,3.5,IF(E2>=50,3,IF(E2>=40,2,IF(E2>=33,1,0))))))))) -> 5
A3: ='Student Basic Info'!A3 -> 702 | E3: =IF(B3+C3=0, "", B3+C3+D3) | F3: =IF(E3="","", IF(AND(B3 >=8,C3>=17,D3>=8),"Pass","Fail")) | G3: =(IF(E3="","",IF(F3="Fail","F",IF(E3>=80,"A+",IF(E3>=70,"A",IF(E3>=60,"A-",IF(E3>=50,"B",IF(E3>=40,"C",IF(E3>=33,"D","F"))))))))) | H3: =(IF(E3="","",IF(G3="F",0,IF(E3>=80,5,IF(E3>=70,4,IF(E3>=60,3.5,IF(E3>=50,3,IF(E3>=40,2,IF(E3>=33,1,0)))))))))
A4: ='Student Basic Info'!A4 -> 703 | E4: =IF(B4+C4=0, "", B4+C4+D4) | F4: =IF(E4="","", IF(AND(B4 >=8,C4>=17,D4>=8),"Pass","Fail")) | G4: =(IF(E4="","",IF(F4="Fail","F",IF(E4>=80,"A+",IF(E4>=70,"A",IF(E4>=60,"A-",IF(E4>=50,"B",IF(E4>=40,"C",IF(E4>=33,"D","F"))))))))) | H4: =(IF(E4="","",IF(G4="F",0,IF(E4>=80,5,IF(E4>=70,4,IF(E4>=60,3.5,IF(E4>=50,3,IF(E4>=40,2,IF(E4>=33,1,0)))))))))
A5: ='Student Basic Info'!A5 -> 704 | B5: 14 | C5: 12 | D5: 22 | E5: =IF(B5+C5=0, "", B5+C5+D5) -> 48 | F5: =IF(E5="","", IF(AND(B5 >=8,C5>=17,D5>=8),"Pass","Fail")) -> Fail | G5: =(IF(E5="","",IF(F5="Fail","F",IF(E5>=80,"A+",IF(E5>=70,"A",IF(E5>=60,"A-",IF(E5>=50,"B",IF(E5>=40,"C",IF(E5>=33,"D","F"))))))))) -> F | H5: =(IF(E5="","",IF(G5="F",0,IF(E5>=80,5,IF(E5>=70,4,IF(E5>=60,3.5,IF(E5>=50,3,IF(E5>=40,2,IF(E5>=33,1,0))))))))) -> 0
A6: ='Student Basic Info'!A6 -> 705 | B6: 7 | C6: 12 | D6: 8 | E6: =IF(B6+C6=0, "", B6+C6+D6) -> 27 | F6: =IF(E6="","", IF(AND(B6 >=8,C6>=17,D6>=8),"Pass","Fail")) -> Fail | G6: =(IF(E6="","",IF(F6="Fail","F",IF(E6>=80,"A+",IF(E6>=70,"A",IF(E6>=60,"A-",IF(E6>=50,"B",IF(E6>=40,"C",IF(E6>=33,"D","F"))))))))) -> F | H6: =(IF(E6="","",IF(G6="F",0,IF(E6>=80,5,IF(E6>=70,4,IF(E6>=60,3.5,IF(E6>=50,3,IF(E6>=40,2,IF(E6>=33,1,0))))))))) -> 0
A7: ='Student Basic Info'!A7 -> 706 | E7: =IF(B7+C7=0, "", B7+C7+D7) | F7: =IF(E7="","", IF(AND(B7 >=8,C7>=17,D7>=8),"Pass","Fail")) | G7: =(IF(E7="","",IF(F7="Fail","F",IF(E7>=80,"A+",IF(E7>=70,"A",IF(E7>=60,"A-",IF(E7>=50,"B",IF(E7>=40,"C",IF(E7>=33,"D","F"))))))))) | H7: =(IF(E7="","",IF(G7="F",0,IF(E7>=80,5,IF(E7>=70,4,IF(E7>=60,3.5,IF(E7>=50,3,IF(E7>=40,2,IF(E7>=33,1,0)))))))))
A8: ='Student Basic Info'!A8 -> 707 | E8: =IF(B8+C8=0, "", B8+C8+D8) | F8: =IF(E8="","", IF(AND(B8 >=8,C8>=17,D8>=8),"Pass","Fail")) | G8: =(IF(E8="","",IF(F8="Fail","F",IF(E8>=80,"A+",IF(E8>=70,"A",IF(E8>=60,"A-",IF(E8>=50,"B",IF(E8>=40,"C",IF(E8>=33,"D","F"))))))))) | H8: =(IF(E8="","",IF(G8="F",0,IF(E8>=80,5,IF(E8>=70,4,IF(E8>=60,3.5,IF(E8>=50,3,IF(E8>=40,2,IF(E8>=33,1,0)))))))))
A9: ='Student Basic Info'!A9 -> 708 | B9: 15 | C9: 8 | D9: 20 | E9: =IF(B9+C9=0, "", B9+C9+D9) -> 43 | F9: =IF(E9="","", IF(AND(B9 >=8,C9>=17,D9>=8),"Pass","Fail")) -> Fail | G9: =(IF(E9="","",IF(F9="Fail","F",IF(E9>=80,"A+",IF(E9>=70,"A",IF(E9>=60,"A-",IF(E9>=50,"B",IF(E9>=40,"C",IF(E9>=33,"D","F"))))))))) -> F | H9: =(IF(E9="","",IF(G9="F",0,IF(E9>=80,5,IF(E9>=70,4,IF(E9>=60,3.5,IF(E9>=50,3,IF(E9>=40,2,IF(E9>=33,1,0))))))))) -> 0
A10: ='Student Basic Info'!A10 -> 709 | B10: 12 | C10: 7 | D10: 18 | E10: =IF(B10+C10=0, "", B10+C10+D10) -> 37 | F10: =IF(E10="","", IF(AND(B10 >=8,C10>=17,D10>=8),"Pass","Fail")) -> Fail | G10: =(IF(E10="","",IF(F10="Fail","F",IF(E10>=80,"A+",IF(E10>=70,"A",IF(E10>=60,"A-",IF(E10>=50,"B",IF(E10>=40,"C",IF(E10>=33,"D","F"))))))))) -> F | H10: =(IF(E10="","",IF(G10="F",0,IF(E10>=80,5,IF(E10>=70,4,IF(E10>=60,3.5,IF(E10>=50,3,IF(E10>=40,2,IF(E10>=33,1,0))))))))) -> 0
A11: ='Student Basic Info'!A11 -> 710 | B11: 9 | C11: 17 | D11: 24 | E11: =IF(B11+C11=0, "", B11+C11+D11) -> 50 | F11: =IF(E11="","", IF(AND(B11 >=8,C11>=17,D11>=8),"Pass","Fail")) -> Pass | G11: =(IF(E11="","",IF(F11="Fail","F",IF(E11>=80,"A+",IF(E11>=70,"A",IF(E11>=60,"A-",IF(E11>=50,"B",IF(E11>=40,"C",IF(E11>=33,"D","F"))))))))) -> B | H11: =(IF(E11="","",IF(G11="F",0,IF(E11>=80,5,IF(E11>=70,4,IF(E11>=60,3.5,IF(E11>=50,3,IF(E11>=40,2,IF(E11>=33,1,0))))))))) -> 3
A12: ='Student Basic Info'!A12 -> 711 | E12: =IF(B12+C12=0, "", B12+C12+D12) | F12: =IF(E12="","", IF(AND(B12 >=8,C12>=17,D12>=8),"Pass","Fail")) | G12: =(IF(E12="","",IF(F12="Fail","F",IF(E12>=80,"A+",IF(E12>=70,"A",IF(E12>=60,"A-",IF(E12>=50,"B",IF(E12>=40,"C",IF(E12>=33,"D","F"))))))))) | H12: =(IF(E12="","",IF(G12="F",0,IF(E12>=80,5,IF(E12>=70,4,IF(E12>=60,3.5,IF(E12>=50,3,IF(E12>=40,2,IF(E12>=33,1,0)))))))))
A13: ='Student Basic Info'!A13 -> 712 | B13: 10 | C13: 17 | D13: 20 | E13: =IF(B13+C13=0, "", B13+C13+D13) -> 47 | F13: =IF(E13="","", IF(AND(B13 >=8,C13>=17,D13>=8),"Pass","Fail")) -> Pass | G13: =(IF(E13="","",IF(F13="Fail","F",IF(E13>=80,"A+",IF(E13>=70,"A",IF(E13>=60,"A-",IF(E13>=50,"B",IF(E13>=40,"C",IF(E13>=33,"D","F"))))))))) -> C | H13: =(IF(E13="","",IF(G13="F",0,IF(E13>=80,5,IF(E13>=70,4,IF(E13>=60,3.5,IF(E13>=50,3,IF(E13>=40,2,IF(E13>=33,1,0))))))))) -> 2
A14: ='Student Basic Info'!A14 -> 713 | B14: 16 | C14: 21 | D14: 25 | E14: =IF(B14+C14=0, "", B14+C14+D14) -> 62 | F14: =IF(E14="","", IF(AND(B14 >=8,C14>=17,D14>=8),"Pass","Fail")) -> Pass | G14: =(IF(E14="","",IF(F14="Fail","F",IF(E14>=80,"A+",IF(E14>=70,"A",IF(E14>=60,"A-",IF(E14>=50,"B",IF(E14>=40,"C",IF(E14>=33,"D","F"))))))))) -> A- | H14: =(IF(E14="","",IF(G14="F",0,IF(E14>=80,5,IF(E14>=70,4,IF(E14>=60,3.5,IF(E14>=50,3,IF(E14>=40,2,IF(E14>=33,1,0))))))))) -> 3.5
A15: ='Student Basic Info'!A15 -> 714 | B15: 19 | C15: 31 | D15: 22 | E15: =IF(B15+C15=0, "", B15+C15+D15) -> 72 | F15: =IF(E15="","", IF(AND(B15 >=8,C15>=17,D15>=8),"Pass","Fail")) -> Pass | G15: =(IF(E15="","",IF(F15="Fail","F",IF(E15>=80,"A+",IF(E15>=70,"A",IF(E15>=60,"A-",IF(E15>=50,"B",IF(E15>=40,"C",IF(E15>=33,"D","F"))))))))) -> A | H15: =(IF(E15="","",IF(G15="F",0,IF(E15>=80,5,IF(E15>=70,4,IF(E15>=60,3.5,IF(E15>=50,3,IF(E15>=40,2,IF(E15>=33,1,0))))))))) -> 4
A16: ='Student Basic Info'!A16 -> 715 | B16: 13 | C16: 8 | D16: 18 | E16: =IF(B16+C16=0, "", B16+C16+D16) -> 39 | F16: =IF(E16="","", IF(AND(B16 >=8,C16>=17,D16>=8),"Pass","Fail")) -> Fail | G16: =(IF(E16="","",IF(F16="Fail","F",IF(E16>=80,"A+",IF(E16>=70,"A",IF(E16>=60,"A-",IF(E16>=50,"B",IF(E16>=40,"C",IF(E16>=33,"D","F"))))))))) -> F | H16: =(IF(E16="","",IF(G16="F",0,IF(E16>=80,5,IF(E16>=70,4,IF(E16>=60,3.5,IF(E16>=50,3,IF(E16>=40,2,IF(E16>=33,1,0))))))))) -> 0
A17: ='Student Basic Info'!A17 -> 716 | B17: 9 | C17: 10 | D17: 20 | E17: =IF(B17+C17=0, "", B17+C17+D17) -> 39 | F17: =IF(E17="","", IF(AND(B17 >=8,C17>=17,D17>=8),"Pass","Fail")) -> Fail | G17: =(IF(E17="","",IF(F17="Fail","F",IF(E17>=80,"A+",IF(E17>=70,"A",IF(E17>=60,"A-",IF(E17>=50,"B",IF(E17>=40,"C",IF(E17>=33,"D","F"))))))))) -> F | H17: =(IF(E17="","",IF(G17="F",0,IF(E17>=80,5,IF(E17>=70,4,IF(E17>=60,3.5,IF(E17>=50,3,IF(E17>=40,2,IF(E17>=33,1,0))))))))) -> 0
A18: ='Student Basic Info'!A18 -> 717 | B18: 10 | C18: 9 | D18: 8 | E18: =IF(B18+C18=0, "", B18+C18+D18) -> 27 | F18: =IF(E18="","", IF(AND(B18 >=8,C18>=17,D18>=8),"Pass","Fail")) -> Fail | G18: =(IF(E18="","",IF(F18="Fail","F",IF(E18>=80,"A+",IF(E18>=70,"A",IF(E18>=60,"A-",IF(E18>=50,"B",IF(E18>=40,"C",IF(E18>=33,"D","F"))))))))) -> F | H18: =(IF(E18="","",IF(G18="F",0,IF(E18>=80,5,IF(E18>=70,4,IF(E18>=60,3.5,IF(E18>=50,3,IF(E18>=40,2,IF(E18>=33,1,0))))))))) -> 0
A19: ='Student Basic Info'!A19 -> 718 | E19: =IF(B19+C19=0, "", B19+C19+D19) | F19: =IF(E19="","", IF(AND(B19 >=8,C19>=17,D19>=8),"Pass","Fail")) | G19: =(IF(E19="","",IF(F19="Fail","F",IF(E19>=80,"A+",IF(E19>=70,"A",IF(E19>=60,"A-",IF(E19>=50,"B",IF(E19>=40,"C",IF(E19>=33,"D","F"))))))))) | H19: =(IF(E19="","",IF(G19="F",0,IF(E19>=80,5,IF(E19>=70,4,IF(E19>=60,3.5,IF(E19>=50,3,IF(E19>=40,2,IF(E19>=33,1,0)))))))))
A20: ='Student Basic Info'!A20 -> 719 | B20: 12 | C20: 11 | D20: 18 | E20: =IF(B20+C20=0, "", B20+C20+D20) -> 41 | F20: =IF(E20="","", IF(AND(B20 >=8,C20>=17,D20>=8),"Pass","Fail")) -> Fail | G20: =(IF(E20="","",IF(F20="Fail","F",IF(E20>=80,"A+",IF(E20>=70,"A",IF(E20>=60,"A-",IF(E20>=50,"B",IF(E20>=40,"C",IF(E20>=33,"D","F"))))))))) -> F | H20: =(IF(E20="","",IF(G20="F",0,IF(E20>=80,5,IF(E20>=70,4,IF(E20>=60,3.5,IF(E20>=50,3,IF(E20>=40,2,IF(E20>=33,1,0))))))))) -> 0
A21: ='Student Basic Info'!A21 -> 720 | B21: 9 | C21: 8 | D21: 20 | E21: =IF(B21+C21=0, "", B21+C21+D21) -> 37 | F21: =IF(E21="","", IF(AND(B21 >=8,C21>=17,D21>=8),"Pass","Fail")) -> Fail | G21: =(IF(E21="","",IF(F21="Fail","F",IF(E21>=80,"A+",IF(E21>=70,"A",IF(E21>=60,"A-",IF(E21>=50,"B",IF(E21>=40,"C",IF(E21>=33,"D","F"))))))))) -> F | H21: =(IF(E21="","",IF(G21="F",0,IF(E21>=80,5,IF(E21>=70,4,IF(E21>=60,3.5,IF(E21>=50,3,IF(E21>=40,2,IF(E21>=33,1,0))))))))) -> 0
A22: ='Student Basic Info'!A22 -> 721 | E22: =IF(B22+C22=0, "", B22+C22+D22) | F22: =IF(E22="","", IF(AND(B22 >=8,C22>=17,D22>=8),"Pass","Fail")) | G22: =(IF(E22="","",IF(F22="Fail","F",IF(E22>=80,"A+",IF(E22>=70,"A",IF(E22>=60,"A-",IF(E22>=50,"B",IF(E22>=40,"C",IF(E22>=33,"D","F"))))))))) | H22: =(IF(E22="","",IF(G22="F",0,IF(E22>=80,5,IF(E22>=70,4,IF(E22>=60,3.5,IF(E22>=50,3,IF(E22>=40,2,IF(E22>=33,1,0)))))))))
A23: ='Student Basic Info'!A23 -> 722 | B23: 12 | C23: 2 | D23: 22 | E23: =IF(B23+C23=0, "", B23+C23+D23) -> 36 | F23: =IF(E23="","", IF(AND(B23 >=8,C23>=17,D23>=8),"Pass","Fail")) -> Fail | G23: =(IF(E23="","",IF(F23="Fail","F",IF(E23>=80,"A+",IF(E23>=70,"A",IF(E23>=60,"A-",IF(E23>=50,"B",IF(E23>=40,"C",IF(E23>=33,"D","F"))))))))) -> F | H23: =(IF(E23="","",IF(G23="F",0,IF(E23>=80,5,IF(E23>=70,4,IF(E23>=60,3.5,IF(E23>=50,3,IF(E23>=40,2,IF(E23>=33,1,0))))))))) -> 0
A24: ='Student Basic Info'!A24 -> 723 | B24: 23 | C24: 43 | D24: 25 | E24: =IF(B24+C24=0, "", B24+C24+D24) -> 91 | F24: =IF(E24="","", IF(AND(B24 >=8,C24>=17,D24>=8),"Pass","Fail")) -> Pass | G24: =(IF(E24="","",IF(F24="Fail","F",IF(E24>=80,"A+",IF(E24>=70,"A",IF(E24>=60,"A-",IF(E24>=50,"B",IF(E24>=40,"C",IF(E24>=33,"D","F"))))))))) -> A+ | H24: =(IF(E24="","",IF(G24="F",0,IF(E24>=80,5,IF(E24>=70,4,IF(E24>=60,3.5,IF(E24>=50,3,IF(E24>=40,2,IF(E24>=33,1,0))))))))) -> 5
A25: ='Student Basic Info'!A25 -> 724 | B25: 22 | C25: 9 | D25: 25 | E25: =IF(B25+C25=0, "", B25+C25+D25) -> 56 | F25: =IF(E25="","", IF(AND(B25 >=8,C25>=17,D25>=8),"Pass","Fail")) -> Fail | G25: =(IF(E25="","",IF(F25="Fail","F",IF(E25>=80,"A+",IF(E25>=70,"A",IF(E25>=60,"A-",IF(E25>=50,"B",IF(E25>=40,"C",IF(E25>=33,"D","F"))))))))) -> F | H25: =(IF(E25="","",IF(G25="F",0,IF(E25>=80,5,IF(E25>=70,4,IF(E25>=60,3.5,IF(E25>=50,3,IF(E25>=40,2,IF(E25>=33,1,0))))))))) -> 0
A26: ='Student Basic Info'!A26 -> 725 | B26: 11 | C26: 8 | D26: 8 | E26: =IF(B26+C26=0, "", B26+C26+D26) -> 27 | F26: =IF(E26="","", IF(AND(B26 >=8,C26>=17,D26>=8),"Pass","Fail")) -> Fail | G26: =(IF(E26="","",IF(F26="Fail","F",IF(E26>=80,"A+",IF(E26>=70,"A",IF(E26>=60,"A-",IF(E26>=50,"B",IF(E26>=40,"C",IF(E26>=33,"D","F"))))))))) -> F | H26: =(IF(E26="","",IF(G26="F",0,IF(E26>=80,5,IF(E26>=70,4,IF(E26>=60,3.5,IF(E26>=50,3,IF(E26>=40,2,IF(E26>=33,1,0))))))))) -> 0
A27: ='Student Basic Info'!A27 -> 726 | E27: =IF(B27+C27=0, "", B27+C27+D27) | F27: =IF(E27="","", IF(AND(B27 >=8,C27>=17,D27>=8),"Pass","Fail")) | G27: =(IF(E27="","",IF(F27="Fail","F",IF(E27>=80,"A+",IF(E27>=70,"A",IF(E27>=60,"A-",IF(E27>=50,"B",IF(E27>=40,"C",IF(E27>=33,"D","F"))))))))) | H27: =(IF(E27="","",IF(G27="F",0,IF(E27>=80,5,IF(E27>=70,4,IF(E27>=60,3.5,IF(E27>=50,3,IF(E27>=40,2,IF(E27>=33,1,0)))))))))
A28: ='Student Basic Info'!A28 -> 727 | B28: 21 | C28: 38 | D28: 25 | E28: =IF(B28+C28=0, "", B28+C28+D28) -> 84 | F28: =IF(E28="","", IF(AND(B28 >=8,C28>=17,D28>=8),"Pass","Fail")) -> Pass | G28: =(IF(E28="","",IF(F28="Fail","F",IF(E28>=80,"A+",IF(E28>=70,"A",IF(E28>=60,"A-",IF(E28>=50,"B",IF(E28>=40,"C",IF(E28>=33,"D","F"))))))))) -> A+ | H28: =(IF(E28="","",IF(G28="F",0,IF(E28>=80,5,IF(E28>=70,4,IF(E28>=60,3.5,IF(E28>=50,3,IF(E28>=40,2,IF(E28>=33,1,0))))))))) -> 5
A29: ='Student Basic Info'!A29 -> 728 | B29: 13 | C29: 6 | D29: 24 | E29: =IF(B29+C29=0, "", B29+C29+D29) -> 43 | F29: =IF(E29="","", IF(AND(B29 >=8,C29>=17,D29>=8),"Pass","Fail")) -> Fail | G29: =(IF(E29="","",IF(F29="Fail","F",IF(E29>=80,"A+",IF(E29>=70,"A",IF(E29>=60,"A-",IF(E29>=50,"B",IF(E29>=40,"C",IF(E29>=33,"D","F"))))))))) -> F | H29: =(IF(E29="","",IF(G29="F",0,IF(E29>=80,5,IF(E29>=70,4,IF(E29>=60,3.5,IF(E29>=50,3,IF(E29>=40,2,IF(E29>=33,1,0))))))))) -> 0
A30: ='Student Basic Info'!A30 -> 729 | B30: 13 | C30: 8 | D30: 24 | E30: =IF(B30+C30=0, "", B30+C30+D30) -> 45 | F30: =IF(E30="","", IF(AND(B30 >=8,C30>=17,D30>=8),"Pass","Fail")) -> Fail | G30: =(IF(E30="","",IF(F30="Fail","F",IF(E30>=80,"A+",IF(E30>=70,"A",IF(E30>=60,"A-",IF(E30>=50,"B",IF(E30>=40,"C",IF(E30>=33,"D","F"))))))))) -> F | H30: =(IF(E30="","",IF(G30="F",0,IF(E30>=80,5,IF(E30>=70,4,IF(E30>=60,3.5,IF(E30>=50,3,IF(E30>=40,2,IF(E30>=33,1,0))))))))) -> 0
A31: ='Student Basic Info'!A31 -> 730 | B31: 8 | C31: 1 | D31: 24 | E31: =IF(B31+C31=0, "", B31+C31+D31) -> 33 | F31: =IF(E31="","", IF(AND(B31 >=8,C31>=17,D31>=8),"Pass","Fail")) -> Fail | G31: =(IF(E31="","",IF(F31="Fail","F",IF(E31>=80,"A+",IF(E31>=70,"A",IF(E31>=60,"A-",IF(E31>=50,"B",IF(E31>=40,"C",IF(E31>=33,"D","F"))))))))) -> F | H31: =(IF(E31="","",IF(G31="F",0,IF(E31>=80,5,IF(E31>=70,4,IF(E31>=60,3.5,IF(E31>=50,3,IF(E31>=40,2,IF(E31>=33,1,0))))))))) -> 0
A32: ='Student Basic Info'!A32 -> 731 | B32: 8 | C32: 8 | D32: 20 | E32: =IF(B32+C32=0, "", B32+C32+D32) -> 36 | F32: =IF(E32="","", IF(AND(B32 >=8,C32>=17,D32>=8),"Pass","Fail")) -> Fail | G32: =(IF(E32="","",IF(F32="Fail","F",IF(E32>=80,"A+",IF(E32>=70,"A",IF(E32>=60,"A-",IF(E32>=50,"B",IF(E32>=40,"C",IF(E32>=33,"D","F"))))))))) -> F | H32: =(IF(E32="","",IF(G32="F",0,IF(E32>=80,5,IF(E32>=70,4,IF(E32>=60,3.5,IF(E32>=50,3,IF(E32>=40,2,IF(E32>=33,1,0))))))))) -> 0
A33: ='Student Basic Info'!A33 -> 732 | B33: 12 | C33: 12 | D33: 22 | E33: =IF(B33+C33=0, "", B33+C33+D33) -> 46 | F33: =IF(E33="","", IF(AND(B33 >=8,C33>=17,D33>=8),"Pass","Fail")) -> Fail | G33: =(IF(E33="","",IF(F33="Fail","F",IF(E33>=80,"A+",IF(E33>=70,"A",IF(E33>=60,"A-",IF(E33>=50,"B",IF(E33>=40,"C",IF(E33>=33,"D","F"))))))))) -> F | H33: =(IF(E33="","",IF(G33="F",0,IF(E33>=80,5,IF(E33>=70,4,IF(E33>=60,3.5,IF(E33>=50,3,IF(E33>=40,2,IF(E33>=33,1,0))))))))) -> 0
A34: ='Student Basic Info'!A34 -> 733 | B34: 7 | C34: 8 | D34: 20 | E34: =IF(B34+C34=0, "", B34+C34+D34) -> 35 | F34: =IF(E34="","", IF(AND(B34 >=8,C34>=17,D34>=8),"Pass","Fail")) -> Fail | G34: =(IF(E34="","",IF(F34="Fail","F",IF(E34>=80,"A+",IF(E34>=70,"A",IF(E34>=60,"A-",IF(E34>=50,"B",IF(E34>=40,"C",IF(E34>=33,"D","F"))))))))) -> F | H34: =(IF(E34="","",IF(G34="F",0,IF(E34>=80,5,IF(E34>=70,4,IF(E34>=60,3.5,IF(E34>=50,3,IF(E34>=40,2,IF(E34>=33,1,0))))))))) -> 0
A35: ='Student Basic Info'!A35 -> 734 | B35: 12 | C35: 10 | D35: 20 | E35: =IF(B35+C35=0, "", B35+C35+D35) -> 42 | F35: =IF(E35="","", IF(AND(B35 >=8,C35>=17,D35>=8),"Pass","Fail")) -> Fail | G35: =(IF(E35="","",IF(F35="Fail","F",IF(E35>=80,"A+",IF(E35>=70,"A",IF(E35>=60,"A-",IF(E35>=50,"B",IF(E35>=40,"C",IF(E35>=33,"D","F"))))))))) -> F | H35: =(IF(E35="","",IF(G35="F",0,IF(E35>=80,5,IF(E35>=70,4,IF(E35>=60,3.5,IF(E35>=50,3,IF(E35>=40,2,IF(E35>=33,1,0))))))))) -> 0
A36: ='Student Basic Info'!A36 -> 735 | B36: 6 | D36: 25 | E36: =IF(B36+C36=0, "", B36+C36+D36) -> 31 | F36: =IF(E36="","", IF(AND(B36 >=8,C36>=17,D36>=8),"Pass","Fail")) -> Fail | G36: =(IF(E36="","",IF(F36="Fail","F",IF(E36>=80,"A+",IF(E36>=70,"A",IF(E36>=60,"A-",IF(E36>=50,"B",IF(E36>=40,"C",IF(E36>=33,"D","F"))))))))) -> F | H36: =(IF(E36="","",IF(G36="F",0,IF(E36>=80,5,IF(E36>=70,4,IF(E36>=60,3.5,IF(E36>=50,3,IF(E36>=40,2,IF(E36>=33,1,0))))))))) -> 0
A37: ='Student Basic Info'!A37 -> 736 | B37: 10 | C37: 5 | D37: 8 | E37: =IF(B37+C37=0, "", B37+C37+D37) -> 23 | F37: =IF(E37="","", IF(AND(B37 >=8,C37>=17,D37>=8),"Pass","Fail")) -> Fail | G37: =(IF(E37="","",IF(F37="Fail","F",IF(E37>=80,"A+",IF(E37>=70,"A",IF(E37>=60,"A-",IF(E37>=50,"B",IF(E37>=40,"C",IF(E37>=33,"D","F"))))))))) -> F | H37: =(IF(E37="","",IF(G37="F",0,IF(E37>=80,5,IF(E37>=70,4,IF(E37>=60,3.5,IF(E37>=50,3,IF(E37>=40,2,IF(E37>=33,1,0))))))))) -> 0
A38: ='Student Basic Info'!A38 -> 737 | B38: 14 | C38: 12 | D38: 22 | E38: =IF(B38+C38=0, "", B38+C38+D38) -> 48 | F38: =IF(E38="","", IF(AND(B38 >=8,C38>=17,D38>=8),"Pass","Fail")) -> Fail | G38: =(IF(E38="","",IF(F38="Fail","F",IF(E38>=80,"A+",IF(E38>=70,"A",IF(E38>=60,"A-",IF(E38>=50,"B",IF(E38>=40,"C",IF(E38>=33,"D","F"))))))))) -> F | H38: =(IF(E38="","",IF(G38="F",0,IF(E38>=80,5,IF(E38>=70,4,IF(E38>=60,3.5,IF(E38>=50,3,IF(E38>=40,2,IF(E38>=33,1,0))))))))) -> 0
A39: ='Student Basic Info'!A39 -> 738 | B39: 13 | C39: 17 | D39: 24 | E39: =IF(B39+C39=0, "", B39+C39+D39) -> 54 | F39: =IF(E39="","", IF(AND(B39 >=8,C39>=17,D39>=8),"Pass","Fail")) -> Pass | G39: =(IF(E39="","",IF(F39="Fail","F",IF(E39>=80,"A+",IF(E39>=70,"A",IF(E39>=60,"A-",IF(E39>=50,"B",IF(E39>=40,"C",IF(E39>=33,"D","F"))))))))) -> B | H39: =(IF(E39="","",IF(G39="F",0,IF(E39>=80,5,IF(E39>=70,4,IF(E39>=60,3.5,IF(E39>=50,3,IF(E39>=40,2,IF(E39>=33,1,0))))))))) -> 3
A40: ='Student Basic Info'!A40 -> 739 | B40: 13 | C40: 17 | D40: 18 | E40: =IF(B40+C40=0, "", B40+C40+D40) -> 48 | F40: =IF(E40="","", IF(AND(B40 >=8,C40>=17,D40>=8),"Pass","Fail")) -> Pass | G40: =(IF(E40="","",IF(F40="Fail","F",IF(E40>=80,"A+",IF(E40>=70,"A",IF(E40>=60,"A-",IF(E40>=50,"B",IF(E40>=40,"C",IF(E40>=33,"D","F"))))))))) -> C | H40: =(IF(E40="","",IF(G40="F",0,IF(E40>=80,5,IF(E40>=70,4,IF(E40>=60,3.5,IF(E40>=50,3,IF(E40>=40,2,IF(E40>=33,1,0))))))))) -> 2
A41: ='Student Basic Info'!A41 -> 740 | B41: 11 | C41: 13 | D41: 24 | E41: =IF(B41+C41=0, "", B41+C41+D41) -> 48 | F41: =IF(E41="","", IF(AND(B41 >=8,C41>=17,D41>=8),"Pass","Fail")) -> Fail | G41: =(IF(E41="","",IF(F41="Fail","F",IF(E41>=80,"A+",IF(E41>=70,"A",IF(E41>=60,"A-",IF(E41>=50,"B",IF(E41>=40,"C",IF(E41>=33,"D","F"))))))))) -> F | H41: =(IF(E41="","",IF(G41="F",0,IF(E41>=80,5,IF(E41>=70,4,IF(E41>=60,3.5,IF(E41>=50,3,IF(E41>=40,2,IF(E41>=33,1,0))))))))) -> 0
A42: ='Student Basic Info'!A42 -> 741 | B42: 19 | C42: 22 | D42: 25 | E42: =IF(B42+C42=0, "", B42+C42+D42) -> 66 | F42: =IF(E42="","", IF(AND(B42 >=8,C42>=17,D42>=8),"Pass","Fail")) -> Pass | G42: =(IF(E42="","",IF(F42="Fail","F",IF(E42>=80,"A+",IF(E42>=70,"A",IF(E42>=60,"A-",IF(E42>=50,"B",IF(E42>=40,"C",IF(E42>=33,"D","F"))))))))) -> A- | H42: =(IF(E42="","",IF(G42="F",0,IF(E42>=80,5,IF(E42>=70,4,IF(E42>=60,3.5,IF(E42>=50,3,IF(E42>=40,2,IF(E42>=33,1,0))))))))) -> 3.5
A43: ='Student Basic Info'!A43 -> 742 | E43: =IF(B43+C43=0, "", B43+C43+D43) | F43: =IF(E43="","", IF(AND(B43 >=8,C43>=17,D43>=8),"Pass","Fail")) | G43: =(IF(E43="","",IF(F43="Fail","F",IF(E43>=80,"A+",IF(E43>=70,"A",IF(E43>=60,"A-",IF(E43>=50,"B",IF(E43>=40,"C",IF(E43>=33,"D","F"))))))))) | H43: =(IF(E43="","",IF(G43="F",0,IF(E43>=80,5,IF(E43>=70,4,IF(E43>=60,3.5,IF(E43>=50,3,IF(E43>=40,2,IF(E43>=33,1,0)))))))))
A44: ='Student Basic Info'!A44 -> 743 | B44: 7 | C44: 9 | D44: 22 | E44: =IF(B44+C44=0, "", B44+C44+D44) -> 38 | F44: =IF(E44="","", IF(AND(B44 >=8,C44>=17,D44>=8),"Pass","Fail")) -> Fail | G44: =(IF(E44="","",IF(F44="Fail","F",IF(E44>=80,"A+",IF(E44>=70,"A",IF(E44>=60,"A-",IF(E44>=50,"B",IF(E44>=40,"C",IF(E44>=33,"D","F"))))))))) -> F | H44: =(IF(E44="","",IF(G44="F",0,IF(E44>=80,5,IF(E44>=70,4,IF(E44>=60,3.5,IF(E44>=50,3,IF(E44>=40,2,IF(E44>=33,1,0))))))))) -> 0
A45: ='Student Basic Info'!A45 -> 744 | B45: 13 | C45: 1 | D45: 8 | E45: =IF(B45+C45=0, "", B45+C45+D45) -> 22 | F45: =IF(E45="","", IF(AND(B45 >=8,C45>=17,D45>=8),"Pass","Fail")) -> Fail | G45: =(IF(E45="","",IF(F45="Fail","F",IF(E45>=80,"A+",IF(E45>=70,"A",IF(E45>=60,"A-",IF(E45>=50,"B",IF(E45>=40,"C",IF(E45>=33,"D","F"))))))))) -> F | H45: =(IF(E45="","",IF(G45="F",0,IF(E45>=80,5,IF(E45>=70,4,IF(E45>=60,3.5,IF(E45>=50,3,IF(E45>=40,2,IF(E45>=33,1,0))))))))) -> 0
A46: ='Student Basic Info'!A46 -> 745 | B46: 22 | C46: 41 | D46: 22 | E46: =IF(B46+C46=0, "", B46+C46+D46) -> 85 | F46: =IF(E46="","", IF(AND(B46 >=8,C46>=17,D46>=8),"Pass","Fail")) -> Pass | G46: =(IF(E46="","",IF(F46="Fail","F",IF(E46>=80,"A+",IF(E46>=70,"A",IF(E46>=60,"A-",IF(E46>=50,"B",IF(E46>=40,"C",IF(E46>=33,"D","F"))))))))) -> A+ | H46: =(IF(E46="","",IF(G46="F",0,IF(E46>=80,5,IF(E46>=70,4,IF(E46>=60,3.5,IF(E46>=50,3,IF(E46>=40,2,IF(E46>=33,1,0))))))))) -> 5
A47: ='Student Basic Info'!A47 -> 746 | B47: 19 | C47: 28 | D47: 20 | E47: =IF(B47+C47=0, "", B47+C47+D47) -> 67 | F47: =IF(E47="","", IF(AND(B47 >=8,C47>=17,D47>=8),"Pass","Fail")) -> Pass | G47: =(IF(E47="","",IF(F47="Fail","F",IF(E47>=80,"A+",IF(E47>=70,"A",IF(E47>=60,"A-",IF(E47>=50,"B",IF(E47>=40,"C",IF(E47>=33,"D","F"))))))))) -> A- | H47: =(IF(E47="","",IF(G47="F",0,IF(E47>=80,5,IF(E47>=70,4,IF(E47>=60,3.5,IF(E47>=50,3,IF(E47>=40,2,IF(E47>=33,1,0))))))))) -> 3.5
A48: ='Student Basic Info'!A48 -> 747 | B48: 9 | C48: 2 | D48: 18 | E48: =IF(B48+C48=0, "", B48+C48+D48) -> 29 | F48: =IF(E48="","", IF(AND(B48 >=8,C48>=17,D48>=8),"Pass","Fail")) -> Fail | G48: =(IF(E48="","",IF(F48="Fail","F",IF(E48>=80,"A+",IF(E48>=70,"A",IF(E48>=60,"A-",IF(E48>=50,"B",IF(E48>=40,"C",IF(E48>=33,"D","F"))))))))) -> F | H48: =(IF(E48="","",IF(G48="F",0,IF(E48>=80,5,IF(E48>=70,4,IF(E48>=60,3.5,IF(E48>=50,3,IF(E48>=40,2,IF(E48>=33,1,0))))))))) -> 0
A49: ='Student Basic Info'!A49 -> 748 | B49: 7 | C49: 3 | D49: 18 | E49: =IF(B49+C49=0, "", B49+C49+D49) -> 28 | F49: =IF(E49="","", IF(AND(B49 >=8,C49>=17,D49>=8),"Pass","Fail")) -> Fail | G49: =(IF(E49="","",IF(F49="Fail","F",IF(E49>=80,"A+",IF(E49>=70,"A",IF(E49>=60,"A-",IF(E49>=50,"B",IF(E49>=40,"C",IF(E49>=33,"D","F"))))))))) -> F | H49: =(IF(E49="","",IF(G49="F",0,IF(E49>=80,5,IF(E49>=70,4,IF(E49>=60,3.5,IF(E49>=50,3,IF(E49>=40,2,IF(E49>=33,1,0))))))))) -> 0
A50: ='Student Basic Info'!A50 -> 749 | B50: 7 | C50: 1 | D50: 8 | E50: =IF(B50+C50=0, "", B50+C50+D50) -> 16 | F50: =IF(E50="","", IF(AND(B50 >=8,C50>=17,D50>=8),"Pass","Fail")) -> Fail | G50: =(IF(E50="","",IF(F50="Fail","F",IF(E50>=80,"A+",IF(E50>=70,"A",IF(E50>=60,"A-",IF(E50>=50,"B",IF(E50>=40,"C",IF(E50>=33,"D","F"))))))))) -> F | H50: =(IF(E50="","",IF(G50="F",0,IF(E50>=80,5,IF(E50>=70,4,IF(E50>=60,3.5,IF(E50>=50,3,IF(E50>=40,2,IF(E50>=33,1,0))))))))) -> 0
A51: ='Student Basic Info'!A51 -> 750 | E51: =IF(B51+C51=0, "", B51+C51+D51) | F51: =IF(E51="","", IF(AND(B51 >=8,C51>=17,D51>=8),"Pass","Fail")) | G51: =(IF(E51="","",IF(F51="Fail","F",IF(E51>=80,"A+",IF(E51>=70,"A",IF(E51>=60,"A-",IF(E51>=50,"B",IF(E51>=40,"C",IF(E51>=33,"D","F"))))))))) | H51: =(IF(E51="","",IF(G51="F",0,IF(E51>=80,5,IF(E51>=70,4,IF(E51>=60,3.5,IF(E51>=50,3,IF(E51>=40,2,IF(E51>=33,1,0)))))))))
A52: ='Student Basic Info'!A52 -> 751 | B52: 13 | C52: 5 | D52: 8 | E52: =IF(B52+C52=0, "", B52+C52+D52) -> 26 | F52: =IF(E52="","", IF(AND(B52 >=8,C52>=17,D52>=8),"Pass","Fail")) -> Fail | G52: =(IF(E52="","",IF(F52="Fail","F",IF(E52>=80,"A+",IF(E52>=70,"A",IF(E52>=60,"A-",IF(E52>=50,"B",IF(E52>=40,"C",IF(E52>=33,"D","F"))))))))) -> F | H52: =(IF(E52="","",IF(G52="F",0,IF(E52>=80,5,IF(E52>=70,4,IF(E52>=60,3.5,IF(E52>=50,3,IF(E52>=40,2,IF(E52>=33,1,0))))))))) -> 0
A53: ='Student Basic Info'!A53 -> 752 | E53: =IF(B53+C53=0, "", B53+C53+D53) | F53: =IF(E53="","", IF(AND(B53 >=8,C53>=17,D53>=8),"Pass","Fail")) | G53: =(IF(E53="","",IF(F53="Fail","F",IF(E53>=80,"A+",IF(E53>=70,"A",IF(E53>=60,"A-",IF(E53>=50,"B",IF(E53>=40,"C",IF(E53>=33,"D","F"))))))))) | H53: =(IF(E53="","",IF(G53="F",0,IF(E53>=80,5,IF(E53>=70,4,IF(E53>=60,3.5,IF(E53>=50,3,IF(E53>=40,2,IF(E53>=33,1,0)))))))))
A54: ='Student Basic Info'!A54 -> 753 | B54: 7 | C54: 2 | D54: 8 | E54: =IF(B54+C54=0, "", B54+C54+D54) -> 17 | F54: =IF(E54="","", IF(AND(B54 >=8,C54>=17,D54>=8),"Pass","Fail")) -> Fail | G54: =(IF(E54="","",IF(F54="Fail","F",IF(E54>=80,"A+",IF(E54>=70,"A",IF(E54>=60,"A-",IF(E54>=50,"B",IF(E54>=40,"C",IF(E54>=33,"D","F"))))))))) -> F | H54: =(IF(E54="","",IF(G54="F",0,IF(E54>=80,5,IF(E54>=70,4,IF(E54>=60,3.5,IF(E54>=50,3,IF(E54>=40,2,IF(E54>=33,1,0))))))))) -> 0
A55: ='Student Basic Info'!A55 -> 754 | B55: 15 | C55: 2 | D55: 24 | E55: =IF(B55+C55=0, "", B55+C55+D55) -> 41 | F55: =IF(E55="","", IF(AND(B55 >=8,C55>=17,D55>=8),"Pass","Fail")) -> Fail | G55: =(IF(E55="","",IF(F55="Fail","F",IF(E55>=80,"A+",IF(E55>=70,"A",IF(E55>=60,"A-",IF(E55>=50,"B",IF(E55>=40,"C",IF(E55>=33,"D","F"))))))))) -> F | H55: =(IF(E55="","",IF(G55="F",0,IF(E55>=80,5,IF(E55>=70,4,IF(E55>=60,3.5,IF(E55>=50,3,IF(E55>=40,2,IF(E55>=33,1,0))))))))) -> 0
A56: ='Student Basic Info'!A56 -> 755 | B56: 9 | C56: 0 | D56: 8 | E56: =IF(B56+C56=0, "", B56+C56+D56) -> 17 | F56: =IF(E56="","", IF(AND(B56 >=8,C56>=17,D56>=8),"Pass","Fail")) -> Fail | G56: =(IF(E56="","",IF(F56="Fail","F",IF(E56>=80,"A+",IF(E56>=70,"A",IF(E56>=60,"A-",IF(E56>=50,"B",IF(E56>=40,"C",IF(E56>=33,"D","F"))))))))) -> F | H56: =(IF(E56="","",IF(G56="F",0,IF(E56>=80,5,IF(E56>=70,4,IF(E56>=60,3.5,IF(E56>=50,3,IF(E56>=40,2,IF(E56>=33,1,0))))))))) -> 0
A57: ='Student Basic Info'!A57 -> 756 | B57: 9 | C57: 9 | D57: 25 | E57: =IF(B57+C57=0, "", B57+C57+D57) -> 43 | F57: =IF(E57="","", IF(AND(B57 >=8,C57>=17,D57>=8),"Pass","Fail")) -> Fail | G57: =(IF(E57="","",IF(F57="Fail","F",IF(E57>=80,"A+",IF(E57>=70,"A",IF(E57>=60,"A-",IF(E57>=50,"B",IF(E57>=40,"C",IF(E57>=33,"D","F"))))))))) -> F | H57: =(IF(E57="","",IF(G57="F",0,IF(E57>=80,5,IF(E57>=70,4,IF(E57>=60,3.5,IF(E57>=50,3,IF(E57>=40,2,IF(E57>=33,1,0))))))))) -> 0
A58: ='Student Basic Info'!A58 -> 757 | B58: 8 | C58: 1 | D58: 8 | E58: =IF(B58+C58=0, "", B58+C58+D58) -> 17 | F58: =IF(E58="","", IF(AND(B58 >=8,C58>=17,D58>=8),"Pass","Fail")) -> Fail | G58: =(IF(E58="","",IF(F58="Fail","F",IF(E58>=80,"A+",IF(E58>=70,"A",IF(E58>=60,"A-",IF(E58>=50,"B",IF(E58>=40,"C",IF(E58>=33,"D","F"))))))))) -> F | H58: =(IF(E58="","",IF(G58="F",0,IF(E58>=80,5,IF(E58>=70,4,IF(E58>=60,3.5,IF(E58>=50,3,IF(E58>=40,2,IF(E58>=33,1,0))))))))) -> 0
A59: ='Student Basic Info'!A59 -> 758 | B59: 12 | C59: 8 | D59: 25 | E59: =IF(B59+C59=0, "", B59+C59+D59) -> 45 | F59: =IF(E59="","", IF(AND(B59 >=8,C59>=17,D59>=8),"Pass","Fail")) -> Fail | G59: =(IF(E59="","",IF(F59="Fail","F",IF(E59>=80,"A+",IF(E59>=70,"A",IF(E59>=60,"A-",IF(E59>=50,"B",IF(E59>=40,"C",IF(E59>=33,"D","F"))))))))) -> F | H59: =(IF(E59="","",IF(G59="F",0,IF(E59>=80,5,IF(E59>=70,4,IF(E59>=60,3.5,IF(E59>=50,3,IF(E59>=40,2,IF(E59>=33,1,0))))))))) -> 0
A60: ='Student Basic Info'!A60 -> 759 | B60: 24 | C60: 42 | D60: 25 | E60: =IF(B60+C60=0, "", B60+C60+D60) -> 91 | F60: =IF(E60="","", IF(AND(B60 >=8,C60>=17,D60>=8),"Pass","Fail")) -> Pass | G60: =(IF(E60="","",IF(F60="Fail","F",IF(E60>=80,"A+",IF(E60>=70,"A",IF(E60>=60,"A-",IF(E60>=50,"B",IF(E60>=40,"C",IF(E60>=33,"D","F"))))))))) -> A+ | H60: =(IF(E60="","",IF(G60="F",0,IF(E60>=80,5,IF(E60>=70,4,IF(E60>=60,3.5,IF(E60>=50,3,IF(E60>=40,2,IF(E60>=33,1,0))))))))) -> 5
A61: ='Student Basic Info'!A61 -> 760 | D61: 24 | E61: =IF(B61+C61=0, "", B61+C61+D61) | F61: =IF(E61="","", IF(AND(B61 >=8,C61>=17,D61>=8),"Pass","Fail")) | G61: =(IF(E61="","",IF(F61="Fail","F",IF(E61>=80,"A+",IF(E61>=70,"A",IF(E61>=60,"A-",IF(E61>=50,"B",IF(E61>=40,"C",IF(E61>=33,"D","F"))))))))) | H61: =(IF(E61="","",IF(G61="F",0,IF(E61>=80,5,IF(E61>=70,4,IF(E61>=60,3.5,IF(E61>=50,3,IF(E61>=40,2,IF(E61>=33,1,0)))))))))
A62: ='Student Basic Info'!A62 -> 761 | B62: 14 | C62: 21 | D62: 25 | E62: =IF(B62+C62=0, "", B62+C62+D62) -> 60 | F62: =IF(E62="","", IF(AND(B62 >=8,C62>=17,D62>=8),"Pass","Fail")) -> Pass | G62: =(IF(E62="","",IF(F62="Fail","F",IF(E62>=80,"A+",IF(E62>=70,"A",IF(E62>=60,"A-",IF(E62>=50,"B",IF(E62>=40,"C",IF(E62>=33,"D","F"))))))))) -> A- | H62: =(IF(E62="","",IF(G62="F",0,IF(E62>=80,5,IF(E62>=70,4,IF(E62>=60,3.5,IF(E62>=50,3,IF(E62>=40,2,IF(E62>=33,1,0))))))))) -> 3.5
A63: ='Student Basic Info'!A63 -> 762 | B63: 11 | C63: 27 | D63: 25 | E63: =IF(B63+C63=0, "", B63+C63+D63) -> 63 | F63: =IF(E63="","", IF(AND(B63 >=8,C63>=17,D63>=8),"Pass","Fail")) -> Pass | G63: =(IF(E63="","",IF(F63="Fail","F",IF(E63>=80,"A+",IF(E63>=70,"A",IF(E63>=60,"A-",IF(E63>=50,"B",IF(E63>=40,"C",IF(E63>=33,"D","F"))))))))) -> A- | H63: =(IF(E63="","",IF(G63="F",0,IF(E63>=80,5,IF(E63>=70,4,IF(E63>=60,3.5,IF(E63>=50,3,IF(E63>=40,2,IF(E63>=33,1,0))))))))) -> 3.5
A64: ='Student Basic Info'!A64 -> 763 | B64: 10 | C64: 2 | D64: 20 | E64: =IF(B64+C64=0, "", B64+C64+D64) -> 32 | F64: =IF(E64="","", IF(AND(B64 >=8,C64>=17,D64>=8),"Pass","Fail")) -> Fail | G64: =(IF(E64="","",IF(F64="Fail","F",IF(E64>=80,"A+",IF(E64>=70,"A",IF(E64>=60,"A-",IF(E64>=50,"B",IF(E64>=40,"C",IF(E64>=33,"D","F"))))))))) -> F | H64: =(IF(E64="","",IF(G64="F",0,IF(E64>=80,5,IF(E64>=70,4,IF(E64>=60,3.5,IF(E64>=50,3,IF(E64>=40,2,IF(E64>=33,1,0))))))))) -> 0
A65: ='Student Basic Info'!A65 -> 764 | B65: 10 | C65: 5 | D65: 20 | E65: =IF(B65+C65=0, "", B65+C65+D65) -> 35 | F65: =IF(E65="","", IF(AND(B65 >=8,C65>=17,D65>=8),"Pass","Fail")) -> Fail | G65: =(IF(E65="","",IF(F65="Fail","F",IF(E65>=80,"A+",IF(E65>=70,"A",IF(E65>=60,"A-",IF(E65>=50,"B",IF(E65>=40,"C",IF(E65>=33,"D","F"))))))))) -> F | H65: =(IF(E65="","",IF(G65="F",0,IF(E65>=80,5,IF(E65>=70,4,IF(E65>=60,3.5,IF(E65>=50,3,IF(E65>=40,2,IF(E65>=33,1,0))))))))) -> 0
A66: ='Student Basic Info'!A66 -> 765 | B66: 17 | C66: 35 | D66: 18 | E66: =IF(B66+C66=0, "", B66+C66+D66) -> 70 | F66: =IF(E66="","", IF(AND(B66 >=8,C66>=17,D66>=8),"Pass","Fail")) -> Pass | G66: =(IF(E66="","",IF(F66="Fail","F",IF(E66>=80,"A+",IF(E66>=70,"A",IF(E66>=60,"A-",IF(E66>=50,"B",IF(E66>=40,"C",IF(E66>=33,"D","F"))))))))) -> A | H66: =(IF(E66="","",IF(G66="F",0,IF(E66>=80,5,IF(E66>=70,4,IF(E66>=60,3.5,IF(E66>=50,3,IF(E66>=40,2,IF(E66>=33,1,0))))))))) -> 4
A67: ='Student Basic Info'!A67 -> 766 | B67: 15 | C67: 31 | D67: 20 | E67: =IF(B67+C67=0, "", B67+C67+D67) -> 66 | F67: =IF(E67="","", IF(AND(B67 >=8,C67>=17,D67>=8),"Pass","Fail")) -> Pass | G67: =(IF(E67="","",IF(F67="Fail","F",IF(E67>=80,"A+",IF(E67>=70,"A",IF(E67>=60,"A-",IF(E67>=50,"B",IF(E67>=40,"C",IF(E67>=33,"D","F"))))))))) -> A- | H67: =(IF(E67="","",IF(G67="F",0,IF(E67>=80,5,IF(E67>=70,4,IF(E67>=60,3.5,IF(E67>=50,3,IF(E67>=40,2,IF(E67>=33,1,0))))))))) -> 3.5
A68: ='Student Basic Info'!A68 -> 767 | B68: 17 | C68: 33 | D68: 20 | E68: =IF(B68+C68=0, "", B68+C68+D68) -> 70 | F68: =IF(E68="","", IF(AND(B68 >=8,C68>=17,D68>=8),"Pass","Fail")) -> Pass | G68: =(IF(E68="","",IF(F68="Fail","F",IF(E68>=80,"A+",IF(E68>=70,"A",IF(E68>=60,"A-",IF(E68>=50,"B",IF(E68>=40,"C",IF(E68>=33,"D","F"))))))))) -> A | H68: =(IF(E68="","",IF(G68="F",0,IF(E68>=80,5,IF(E68>=70,4,IF(E68>=60,3.5,IF(E68>=50,3,IF(E68>=40,2,IF(E68>=33,1,0))))))))) -> 4
A69: ='Student Basic Info'!A69 -> 768 | B69: 17 | C69: 23 | D69: 18 | E69: =IF(B69+C69=0, "", B69+C69+D69) -> 58 | F69: =IF(E69="","", IF(AND(B69 >=8,C69>=17,D69>=8),"Pass","Fail")) -> Pass | G69: =(IF(E69="","",IF(F69="Fail","F",IF(E69>=80,"A+",IF(E69>=70,"A",IF(E69>=60,"A-",IF(E69>=50,"B",IF(E69>=40,"C",IF(E69>=33,"D","F"))))))))) -> B | H69: =(IF(E69="","",IF(G69="F",0,IF(E69>=80,5,IF(E69>=70,4,IF(E69>=60,3.5,IF(E69>=50,3,IF(E69>=40,2,IF(E69>=33,1,0))))))))) -> 3
A70: ='Student Basic Info'!A70 -> 769 | E70: =IF(B70+C70=0, "", B70+C70+D70) | F70: =IF(E70="","", IF(AND(B70 >=8,C70>=17,D70>=8),"Pass","Fail")) | G70: =(IF(E70="","",IF(F70="Fail","F",IF(E70>=80,"A+",IF(E70>=70,"A",IF(E70>=60,"A-",IF(E70>=50,"B",IF(E70>=40,"C",IF(E70>=33,"D","F"))))))))) | H70: =(IF(E70="","",IF(G70="F",0,IF(E70>=80,5,IF(E70>=70,4,IF(E70>=60,3.5,IF(E70>=50,3,IF(E70>=40,2,IF(E70>=33,1,0)))))))))
A71: ='Student Basic Info'!A71 -> 770 | B71: 8 | C71: 9 | D71: 20 | E71: =IF(B71+C71=0, "", B71+C71+D71) -> 37 | F71: =IF(E71="","", IF(AND(B71 >=8,C71>=17,D71>=8),"Pass","Fail")) -> Fail | G71: =(IF(E71="","",IF(F71="Fail","F",IF(E71>=80,"A+",IF(E71>=70,"A",IF(E71>=60,"A-",IF(E71>=50,"B",IF(E71>=40,"C",IF(E71>=33,"D","F"))))))))) -> F | H71: =(IF(E71="","",IF(G71="F",0,IF(E71>=80,5,IF(E71>=70,4,IF(E71>=60,3.5,IF(E71>=50,3,IF(E71>=40,2,IF(E71>=33,1,0))))))))) -> 0
A72: ='Student Basic Info'!A72 -> 771 | E72: =IF(B72+C72=0, "", B72+C72+D72) | F72: =IF(E72="","", IF(AND(B72 >=8,C72>=17,D72>=8),"Pass","Fail")) | G72: =(IF(E72="","",IF(F72="Fail","F",IF(E72>=80,"A+",IF(E72>=70,"A",IF(E72>=60,"A-",IF(E72>=50,"B",IF(E72>=40,"C",IF(E72>=33,"D","F"))))))))) | H72: =(IF(E72="","",IF(G72="F",0,IF(E72>=80,5,IF(E72>=70,4,IF(E72>=60,3.5,IF(E72>=50,3,IF(E72>=40,2,IF(E72>=33,1,0)))))))))
A73: ='Student Basic Info'!A73 -> 772 | B73: 6 | C73: 8 | D73: 20 | E73: =IF(B73+C73=0, "", B73+C73+D73) -> 34 | F73: =IF(E73="","", IF(AND(B73 >=8,C73>=17,D73>=8),"Pass","Fail")) -> Fail | G73: =(IF(E73="","",IF(F73="Fail","F",IF(E73>=80,"A+",IF(E73>=70,"A",IF(E73>=60,"A-",IF(E73>=50,"B",IF(E73>=40,"C",IF(E73>=33,"D","F"))))))))) -> F | H73: =(IF(E73="","",IF(G73="F",0,IF(E73>=80,5,IF(E73>=70,4,IF(E73>=60,3.5,IF(E73>=50,3,IF(E73>=40,2,IF(E73>=33,1,0))))))))) -> 0
A74: ='Student Basic Info'!A74 -> 773 | B74: 13 | C74: 7 | D74: 24 | E74: =IF(B74+C74=0, "", B74+C74+D74) -> 44 | F74: =IF(E74="","", IF(AND(B74 >=8,C74>=17,D74>=8),"Pass","Fail")) -> Fail | G74: =(IF(E74="","",IF(F74="Fail","F",IF(E74>=80,"A+",IF(E74>=70,"A",IF(E74>=60,"A-",IF(E74>=50,"B",IF(E74>=40,"C",IF(E74>=33,"D","F"))))))))) -> F | H74: =(IF(E74="","",IF(G74="F",0,IF(E74>=80,5,IF(E74>=70,4,IF(E74>=60,3.5,IF(E74>=50,3,IF(E74>=40,2,IF(E74>=33,1,0))))))))) -> 0
A75: ='Student Basic Info'!A75 -> 774 | B75: 8 | C75: 19 | D75: 24 | E75: =IF(B75+C75=0, "", B75+C75+D75) -> 51 | F75: =IF(E75="","", IF(AND(B75 >=8,C75>=17,D75>=8),"Pass","Fail")) -> Pass | G75: =(IF(E75="","",IF(F75="Fail","F",IF(E75>=80,"A+",IF(E75>=70,"A",IF(E75>=60,"A-",IF(E75>=50,"B",IF(E75>=40,"C",IF(E75>=33,"D","F"))))))))) -> B | H75: =(IF(E75="","",IF(G75="F",0,IF(E75>=80,5,IF(E75>=70,4,IF(E75>=60,3.5,IF(E75>=50,3,IF(E75>=40,2,IF(E75>=33,1,0))))))))) -> 3
A76: ='Student Basic Info'!A76 -> 775 | B76: 9 | C76: 10 | D76: 8 | E76: =IF(B76+C76=0, "", B76+C76+D76) -> 27 | F76: =IF(E76="","", IF(AND(B76 >=8,C76>=17,D76>=8),"Pass","Fail")) -> Fail | G76: =(IF(E76="","",IF(F76="Fail","F",IF(E76>=80,"A+",IF(E76>=70,"A",IF(E76>=60,"A-",IF(E76>=50,"B",IF(E76>=40,"C",IF(E76>=33,"D","F"))))))))) -> F | H76: =(IF(E76="","",IF(G76="F",0,IF(E76>=80,5,IF(E76>=70,4,IF(E76>=60,3.5,IF(E76>=50,3,IF(E76>=40,2,IF(E76>=33,1,0))))))))) -> 0
A77: ='Student Basic Info'!A77 -> 776 | B77: 6 | C77: 6 | D77: 8 | E77: =IF(B77+C77=0, "", B77+C77+D77) -> 20 | F77: =IF(E77="","", IF(AND(B77 >=8,C77>=17,D77>=8),"Pass","Fail")) -> Fail | G77: =(IF(E77="","",IF(F77="Fail","F",IF(E77>=80,"A+",IF(E77>=70,"A",IF(E77>=60,"A-",IF(E77>=50,"B",IF(E77>=40,"C",IF(E77>=33,"D","F"))))))))) -> F | H77: =(IF(E77="","",IF(G77="F",0,IF(E77>=80,5,IF(E77>=70,4,IF(E77>=60,3.5,IF(E77>=50,3,IF(E77>=40,2,IF(E77>=33,1,0))))))))) -> 0
A78: ='Student Basic Info'!A78 -> 777 | E78: =IF(B78+C78=0, "", B78+C78+D78) | F78: =IF(E78="","", IF(AND(B78 >=8,C78>=17,D78>=8),"Pass","Fail")) | G78: =(IF(E78="","",IF(F78="Fail","F",IF(E78>=80,"A+",IF(E78>=70,"A",IF(E78>=60,"A-",IF(E78>=50,"B",IF(E78>=40,"C",IF(E78>=33,"D","F"))))))))) | H78: =(IF(E78="","",IF(G78="F",0,IF(E78>=80,5,IF(E78>=70,4,IF(E78>=60,3.5,IF(E78>=50,3,IF(E78>=40,2,IF(E78>=33,1,0)))))))))
A79: ='Student Basic Info'!A79 -> 778 | E79: =IF(B79+C79=0, "", B79+C79+D79) | F79: =IF(E79="","", IF(AND(B79 >=8,C79>=17,D79>=8),"Pass","Fail")) | G79: =(IF(E79="","",IF(F79="Fail","F",IF(E79>=80,"A+",IF(E79>=70,"A",IF(E79>=60,"A-",IF(E79>=50,"B",IF(E79>=40,"C",IF(E79>=33,"D","F"))))))))) | H79: =(IF(E79="","",IF(G79="F",0,IF(E79>=80,5,IF(E79>=70,4,IF(E79>=60,3.5,IF(E79>=50,3,IF(E79>=40,2,IF(E79>=33,1,0)))))))))
A80: ='Student Basic Info'!A80 -> 779 | B80: 10 | D80: 24 | E80: =IF(B80+C80=0, "", B80+C80+D80) -> 34 | F80: =IF(E80="","", IF(AND(B80 >=8,C80>=17,D80>=8),"Pass","Fail")) -> Fail | G80: =(IF(E80="","",IF(F80="Fail","F",IF(E80>=80,"A+",IF(E80>=70,"A",IF(E80>=60,"A-",IF(E80>=50,"B",IF(E80>=40,"C",IF(E80>=33,"D","F"))))))))) -> F | H80: =(IF(E80="","",IF(G80="F",0,IF(E80>=80,5,IF(E80>=70,4,IF(E80>=60,3.5,IF(E80>=50,3,IF(E80>=40,2,IF(E80>=33,1,0))))))))) -> 0
A81: ='Student Basic Info'!A81 -> 780 | B81: 11 | C81: 1 | D81: 18 | E81: =IF(B81+C81=0, "", B81+C81+D81) -> 30 | F81: =IF(E81="","", IF(AND(B81 >=8,C81>=17,D81>=8),"Pass","Fail")) -> Fail | G81: =(IF(E81="","",IF(F81="Fail","F",IF(E81>=80,"A+",IF(E81>=70,"A",IF(E81>=60,"A-",IF(E81>=50,"B",IF(E81>=40,"C",IF(E81>=33,"D","F"))))))))) -> F | H81: =(IF(E81="","",IF(G81="F",0,IF(E81>=80,5,IF(E81>=70,4,IF(E81>=60,3.5,IF(E81>=50,3,IF(E81>=40,2,IF(E81>=33,1,0))))))))) -> 0
A82: ='Student Basic Info'!A82 -> 781 | E82: =IF(B82+C82=0, "", B82+C82+D82) | F82: =IF(E82="","", IF(AND(B82 >=8,C82>=17,D82>=8),"Pass","Fail")) | G82: =(IF(E82="","",IF(F82="Fail","F",IF(E82>=80,"A+",IF(E82>=70,"A",IF(E82>=60,"A-",IF(E82>=50,"B",IF(E82>=40,"C",IF(E82>=33,"D","F"))))))))) | H82: =(IF(E82="","",IF(G82="F",0,IF(E82>=80,5,IF(E82>=70,4,IF(E82>=60,3.5,IF(E82>=50,3,IF(E82>=40,2,IF(E82>=33,1,0)))))))))
A83: ='Student Basic Info'!A83 -> 782 | B83: 4 | C83: 8 | D83: 24 | E83: =IF(B83+C83=0, "", B83+C83+D83) -> 36 | F83: =IF(E83="","", IF(AND(B83 >=8,C83>=17,D83>=8),"Pass","Fail")) -> Fail | G83: =(IF(E83="","",IF(F83="Fail","F",IF(E83>=80,"A+",IF(E83>=70,"A",IF(E83>=60,"A-",IF(E83>=50,"B",IF(E83>=40,"C",IF(E83>=33,"D","F"))))))))) -> F | H83: =(IF(E83="","",IF(G83="F",0,IF(E83>=80,5,IF(E83>=70,4,IF(E83>=60,3.5,IF(E83>=50,3,IF(E83>=40,2,IF(E83>=33,1,0))))))))) -> 0
A84: ='Student Basic Info'!A84 -> 783 | E84: =IF(B84+C84=0, "", B84+C84+D84) | F84: =IF(E84="","", IF(AND(B84 >=8,C84>=17,D84>=8),"Pass","Fail")) | G84: =(IF(E84="","",IF(F84="Fail","F",IF(E84>=80,"A+",IF(E84>=70,"A",IF(E84>=60,"A-",IF(E84>=50,"B",IF(E84>=40,"C",IF(E84>=33,"D","F"))))))))) | H84: =(IF(E84="","",IF(G84="F",0,IF(E84>=80,5,IF(E84>=70,4,IF(E84>=60,3.5,IF(E84>=50,3,IF(E84>=40,2,IF(E84>=33,1,0)))))))))
A85: ='Student Basic Info'!A85 -> 784 | B85: 10 | C85: 9 | D85: 24 | E85: =IF(B85+C85=0, "", B85+C85+D85) -> 43 | F85: =IF(E85="","", IF(AND(B85 >=8,C85>=17,D85>=8),"Pass","Fail")) -> Fail | G85: =(IF(E85="","",IF(F85="Fail","F",IF(E85>=80,"A+",IF(E85>=70,"A",IF(E85>=60,"A-",IF(E85>=50,"B",IF(E85>=40,"C",IF(E85>=33,"D","F"))))))))) -> F | H85: =(IF(E85="","",IF(G85="F",0,IF(E85>=80,5,IF(E85>=70,4,IF(E85>=60,3.5,IF(E85>=50,3,IF(E85>=40,2,IF(E85>=33,1,0))))))))) -> 0
A86: ='Student Basic Info'!A86 -> 785 | B86: 3 | C86: 3 | D86: 20 | E86: =IF(B86+C86=0, "", B86+C86+D86) -> 26 | F86: =IF(E86="","", IF(AND(B86 >=8,C86>=17,D86>=8),"Pass","Fail")) -> Fail | G86: =(IF(E86="","",IF(F86="Fail","F",IF(E86>=80,"A+",IF(E86>=70,"A",IF(E86>=60,"A-",IF(E86>=50,"B",IF(E86>=40,"C",IF(E86>=33,"D","F"))))))))) -> F | H86: =(IF(E86="","",IF(G86="F",0,IF(E86>=80,5,IF(E86>=70,4,IF(E86>=60,3.5,IF(E86>=50,3,IF(E86>=40,2,IF(E86>=33,1,0))))))))) -> 0
A87: ='Student Basic Info'!A87 -> 786 | B87: 7 | C87: 1 | D87: 8 | E87: =IF(B87+C87=0, "", B87+C87+D87) -> 16 | F87: =IF(E87="","", IF(AND(B87 >=8,C87>=17,D87>=8),"Pass","Fail")) -> Fail | G87: =(IF(E87="","",IF(F87="Fail","F",IF(E87>=80,"A+",IF(E87>=70,"A",IF(E87>=60,"A-",IF(E87>=50,"B",IF(E87>=40,"C",IF(E87>=33,"D","F"))))))))) -> F | H87: =(IF(E87="","",IF(G87="F",0,IF(E87>=80,5,IF(E87>=70,4,IF(E87>=60,3.5,IF(E87>=50,3,IF(E87>=40,2,IF(E87>=33,1,0))))))))) -> 0
A88: ='Student Basic Info'!A88 -> 6812 | B88: 9 | C88: 17 | D88: 24 | E88: =IF(B88+C88=0, "", B88+C88+D88) -> 50 | F88: =IF(E88="","", IF(AND(B88 >=8,C88>=17,D88>=8),"Pass","Fail")) -> Pass | G88: =(IF(E88="","",IF(F88="Fail","F",IF(E88>=80,"A+",IF(E88>=70,"A",IF(E88>=60,"A-",IF(E88>=50,"B",IF(E88>=40,"C",IF(E88>=33,"D","F"))))))))) -> B | H88: =(IF(E88="","",IF(G88="F",0,IF(E88>=80,5,IF(E88>=70,4,IF(E88>=60,3.5,IF(E88>=50,3,IF(E88>=40,2,IF(E88>=33,1,0))))))))) -> 3

Sheet Physics
A1: Roll | B1: Marks MCQ | C1: Marks CQ | D1: Practical | E1: Total Marks | F1: Result | G1: Grade | H1: GPA
A2: ='Student Basic Info'!A2 -> 701 | B2: 14 | C2: 23 | D2: 16 | E2: =IF(B2+C2=0, "", B2+C2+D2) -> 53 | F2: =IF(E2="","", IF(AND(B2 >=8,C2>=17,D2>=8),"Pass","Fail")) -> Pass | G2: =(IF(E2="","",IF(F2="Fail","F",IF(E2>=80,"A+",IF(E2>=70,"A",IF(E2>=60,"A-",IF(E2>=50,"B",IF(E2>=40,"C",IF(E2>=33,"D","F"))))))))) -> B | H2: =(IF(E2="","",IF(G2="F",0,IF(E2>=80,5,IF(E2>=70,4,IF(E2>=60,3.5,IF(E2>=50,3,IF(E2>=40,2,IF(E2>=33,1,0))))))))) -> 3
A3: ='Student Basic Info'!A3 -> 702 | E3: =IF(B3+C3=0, "", B3+C3+D3) | F3: =IF(E3="","", IF(AND(B3 >=8,C3>=17,D3>=8),"Pass","Fail")) | G3: =(IF(E3="","",IF(F3="Fail","F",IF(E3>=80,"A+",IF(E3>=70,"A",IF(E3>=60,"A-",IF(E3>=50,"B",IF(E3>=40,"C",IF(E3>=33,"D","F"))))))))) | H3: =(IF(E3="","",IF(G3="F",0,IF(E3>=80,5,IF(E3>=70,4,IF(E3>=60,3.5,IF(E3>=50,3,IF(E3>=40,2,IF(E3>=33,1,0)))))))))
A4: ='Student Basic Info'!A4 -> 703 | E4: =IF(B4+C4=0, "", B4+C4+D4) | F4: =IF(E4="","", IF(AND(B4 >=8,C4>=17,D4>=8),"Pass","Fail")) | G4: =(IF(E4="","",IF(F4="Fail","F",IF(E4>=80,"A+",IF(E4>=70,"A",IF(E4>=60,"A-",IF(E4>=50,"B",IF(E4>=40,"C",IF(E4>=33,"D","F"))))))))) | H4: =(IF(E4="","",IF(G4="F",0,IF(E4>=80,5,IF(E4>=70,4,IF(E4>=60,3.5,IF(E4>=50,3,IF(E4>=40,2,IF(E4>=33,1,0)))))))))
A5: ='Student Basic Info'!A5 -> 704 | B5: 8 | C5: 4 | D5: 10 | E5: =IF(B5+C5=0, "", B5+C5+D5) -> 22 | F5: =IF(E5="","", IF(AND(B5 >=8,C5>=17,D5>=8),"Pass","Fail")) -> Fail | G5: =(IF(E5="","",IF(F5="Fail","F",IF(E5>=80,"A+",IF(E5>=70,"A",IF(E5>=60,"A-",IF(E5>=50,"B",IF(E5>=40,"C",IF(E5>=33,"D","F"))))))))) -> F | H5: =(IF(E5="","",IF(G5="F",0,IF(E5>=80,5,IF(E5>=70,4,IF(E5>=60,3.5,IF(E5>=50,3,IF(E5>=40,2,IF(E5>=33,1,0))))))))) -> 0
A6: ='Student Basic Info'!A6 -> 705 | E6: =IF(B6+C6=0, "", B6+C6+D6) | F6: =IF(E6="","", IF(AND(B6 >=8,C6>=17,D6>=8),"Pass","Fail")) | G6: =(IF(E6="","",IF(F6="Fail","F",IF(E6>=80,"A+",IF(E6>=70,"A",IF(E6>=60,"A-",IF(E6>=50,"B",IF(E6>=40,"C",IF(E6>=33,"D","F"))))))))) | H6: =(IF(E6="","",IF(G6="F",0,IF(E6>=80,5,IF(E6>=70,4,IF(E6>=60,3.5,IF(E6>=50,3,IF(E6>=40,2,IF(E6>=33,1,0)))))))))
A7: ='Student Basic Info'!A7 -> 706 | E7: =IF(B7+C7=0, "", B7+C7+D7) | F7: =IF(E7="","", IF(AND(B7 >=8,C7>=17,D7>=8),"Pass","Fail")) | G7: =(IF(E7="","",IF(F7="Fail","F",IF(E7>=80,"A+",IF(E7>=70,"A",IF(E7>=60,"A-",IF(E7>=50,"B",IF(E7>=40,"C",IF(E7>=33,"D","F"))))))))) | H7: =(IF(E7="","",IF(G7="F",0,IF(E7>=80,5,IF(E7>=70,4,IF(E7>=60,3.5,IF(E7>=50,3,IF(E7>=40,2,IF(E7>=33,1,0)))))))))
A8: ='Student Basic Info'!A8 -> 707 | E8: =IF(B8+C8=0, "", B8+C8+D8) | F8: =IF(E8="","", IF(AND(B8 >=8,C8>=17,D8>=8),"Pass","Fail")) | G8: =(IF(E8="","",IF(F8="Fail","F",IF(E8>=80,"A+",IF(E8>=70,"A",IF(E8>=60,"A-",IF(E8>=50,"B",IF(E8>=40,"C",IF(E8>=33,"D","F"))))))))) | H8: =(IF(E8="","",IF(G8="F",0,IF(E8>=80,5,IF(E8>=70,4,IF(E8>=60,3.5,IF(E8>=50,3,IF(E8>=40,2,IF(E8>=33,1,0)))))))))
A9: ='Student Basic Info'!A9 -> 708 | B9: 7 | C9: 11 | D9: 10 | E9: =IF(B9+C9=0, "", B9+C9+D9) -> 28 | F9: =IF(E9="","", IF(AND(B9 >=8,C9>=17,D9>=8),"Pass","Fail")) -> Fail | G9: =(IF(E9="","",IF(F9="Fail","F",IF(E9>=80,"A+",IF(E9>=70,"A",IF(E9>=60,"A-",IF(E9>=50,"B",IF(E9>=40,"C",IF(E9>=33,"D","F"))))))))) -> F | H9: =(IF(E9="","",IF(G9="F",0,IF(E9>=80,5,IF(E9>=70,4,IF(E9>=60,3.5,IF(E9>=50,3,IF(E9>=40,2,IF(E9>=33,1,0))))))))) -> 0
A10: ='Student Basic Info'!A10 -> 709 | B10: 9 | C10: 18 | D10: 13 | E10: =IF(B10+C10=0, "", B10+C10+D10) -> 40 | F10: =IF(E10="","", IF(AND(B10 >=8,C10>=17,D10>=8),"Pass","Fail")) -> Pass | G10: =(IF(E10="","",IF(F10="Fail","F",IF(E10>=80,"A+",IF(E10>=70,"A",IF(E10>=60,"A-",IF(E10>=50,"B",IF(E10>=40,"C",IF(E10>=33,"D","F"))))))))) -> C | H10: =(IF(E10="","",IF(G10="F",0,IF(E10>=80,5,IF(E10>=70,4,IF(E10>=60,3.5,IF(E10>=50,3,IF(E10>=40,2,IF(E10>=33,1,0))))))))) -> 2
A11: ='Student Basic Info'!A11 -> 710 | B11: 13 | C11: 17 | D11: 13 | E11: =IF(B11+C11=0, "", B11+C11+D11) -> 43 | F11: =IF(E11="","", IF(AND(B11 >=8,C11>=17,D11>=8),"Pass","Fail")) -> Pass | G11: =(IF(E11="","",IF(F11="Fail","F",IF(E11>=80,"A+",IF(E11>=70,"A",IF(E11>=60,"A-",IF(E11>=50,"B",IF(E11>=40,"C",IF(E11>=33,"D","F"))))))))) -> C | H11: =(IF(E11="","",IF(G11="F",0,IF(E11>=80,5,IF(E11>=70,4,IF(E11>=60,3.5,IF(E11>=50,3,IF(E11>=40,2,IF(E11>=33,1,0))))))))) -> 2
A12: ='Student Basic Info'!A12 -> 711 | E12: =IF(B12+C12=0, "", B12+C12+D12) | F12: =IF(E12="","", IF(AND(B12 >=8,C12>=17,D12>=8),"Pass","Fail")) | G12: =(IF(E12="","",IF(F12="Fail","F",IF(E12>=80,"A+",IF(E12>=70,"A",IF(E12>=60,"A-",IF(E12>=50,"B",IF(E12>=40,"C",IF(E12>=33,"D","F"))))))))) | H12: =(IF(E12="","",IF(G12="F",0,IF(E12>=80,5,IF(E12>=70,4,IF(E12>=60,3.5,IF(E12>=50,3,IF(E12>=40,2,IF(E12>=33,1,0)))))))))
A13: ='Student Basic Info'!A13 -> 712 | B13: 9 | C13: 27 | D13: 16 | E13: =IF(B13+C13=0, "", B13+C13+D13) -> 52 | F13: =IF(E13="","", IF(AND(B13 >=8,C13>=17,D13>=8),"Pass","Fail")) -> Pass | G13: =(IF(E13="","",IF(F13="Fail","F",IF(E13>=80,"A+",IF(E13>=70,"A",IF(E13>=60,"A-",IF(E13>=50,"B",IF(E13>=40,"C",IF(E13>=33,"D","F"))))))))) -> B | H13: =(IF(E13="","",IF(G13="F",0,IF(E13>=80,5,IF(E13>=70,4,IF(E13>=60,3.5,IF(E13>=50,3,IF(E13>=40,2,IF(E13>=33,1,0))))))))) -> 3
A14: ='Student Basic Info'!A14 -> 713 | B14: 11 | C14: 32 | D14: 18 | E14: =IF(B14+C14=0, "", B14+C14+D14) -> 61 | F14: =IF(E14="","", IF(AND(B14 >=8,C14>=17,D14>=8),"Pass","Fail")) -> Pass | G14: =(IF(E14="","",IF(F14="Fail","F",IF(E14>=80,"A+",IF(E14>=70,"A",IF(E14>=60,"A-",IF(E14>=50,"B",IF(E14>=40,"C",IF(E14>=33,"D","F"))))))))) -> A- | H14: =(IF(E14="","",IF(G14="F",0,IF(E14>=80,5,IF(E14>=70,4,IF(E14>=60,3.5,IF(E14>=50,3,IF(E14>=40,2,IF(E14>=33,1,0))))))))) -> 3.5
A15: ='Student Basic Info'!A15 -> 714 | B15: 10 | C15: 23 | D15: 17 | E15: =IF(B15+C15=0, "", B15+C15+D15) -> 50 | F15: =IF(E15="","", IF(AND(B15 >=8,C15>=17,D15>=8),"Pass","Fail")) -> Pass | G15: =(IF(E15="","",IF(F15="Fail","F",IF(E15>=80,"A+",IF(E15>=70,"A",IF(E15>=60,"A-",IF(E15>=50,"B",IF(E15>=40,"C",IF(E15>=33,"D","F"))))))))) -> B | H15: =(IF(E15="","",IF(G15="F",0,IF(E15>=80,5,IF(E15>=70,4,IF(E15>=60,3.5,IF(E15>=50,3,IF(E15>=40,2,IF(E15>=33,1,0))))))))) -> 3
A16: ='Student Basic Info'!A16 -> 715 | B16: 11 | C16: 23 | D16: 17 | E16: =IF(B16+C16=0, "", B16+C16+D16) -> 51 | F16: =IF(E16="","", IF(AND(B16 >=8,C16>=17,D16>=8),"Pass","Fail")) -> Pass | G16: =(IF(E16="","",IF(F16="Fail","F",IF(E16>=80,"A+",IF(E16>=70,"A",IF(E16>=60,"A-",IF(E16>=50,"B",IF(E16>=40,"C",IF(E16>=33,"D","F"))))))))) -> B | H16: =(IF(E16="","",IF(G16="F",0,IF(E16>=80,5,IF(E16>=70,4,IF(E16>=60,3.5,IF(E16>=50,3,IF(E16>=40,2,IF(E16>=33,1,0))))))))) -> 3
A17: ='Student Basic Info'!A17 -> 716 | B17: 12 | C17: 21 | D17: 17 | E17: =IF(B17+C17=0, "", B17+C17+D17) -> 50 | F17: =IF(E17="","", IF(AND(B17 >=8,C17>=17,D17>=8),"Pass","Fail")) -> Pass | G17: =(IF(E17="","",IF(F17="Fail","F",IF(E17>=80,"A+",IF(E17>=70,"A",IF(E17>=60,"A-",IF(E17>=50,"B",IF(E17>=40,"C",IF(E17>=33,"D","F"))))))))) -> B | H17: =(IF(E17="","",IF(G17="F",0,IF(E17>=80,5,IF(E17>=70,4,IF(E17>=60,3.5,IF(E17>=50,3,IF(E17>=40,2,IF(E17>=33,1,0))))))))) -> 3
A18: ='Student Basic Info'!A18 -> 717 | B18: 13 | C18: 26 | D18: 21 | E18: =IF(B18+C18=0, "", B18+C18+D18) -> 60 | F18: =IF(E18="","", IF(AND(B18 >=8,C18>=17,D18>=8),"Pass","Fail")) -> Pass | G18: =(IF(E18="","",IF(F18="Fail","F",IF(E18>=80,"A+",IF(E18>=70,"A",IF(E18>=60,"A-",IF(E18>=50,"B",IF(E18>=40,"C",IF(E18>=33,"D","F"))))))))) -> A- | H18: =(IF(E18="","",IF(G18="F",0,IF(E18>=80,5,IF(E18>=70,4,IF(E18>=60,3.5,IF(E18>=50,3,IF(E18>=40,2,IF(E18>=33,1,0))))))))) -> 3.5
A19: ='Student Basic Info'!A19 -> 718 | E19: =IF(B19+C19=0, "", B19+C19+D19) | F19: =IF(E19="","", IF(AND(B19 >=8,C19>=17,D19>=8),"Pass","Fail")) | G19: =(IF(E19="","",IF(F19="Fail","F",IF(E19>=80,"A+",IF(E19>=70,"A",IF(E19>=60,"A-",IF(E19>=50,"B",IF(E19>=40,"C",IF(E19>=33,"D","F"))))))))) | H19: =(IF(E19="","",IF(G19="F",0,IF(E19>=80,5,IF(E19>=70,4,IF(E19>=60,3.5,IF(E19>=50,3,IF(E19>=40,2,IF(E19>=33,1,0)))))))))
A20: ='Student Basic Info'!A20 -> 719 | B20: 8 | C20: 32 | D20: 21 | E20: =IF(B20+C20=0, "", B20+C20+D20) -> 61 | F20: =IF(E20="","", IF(AND(B20 >=8,C20>=17,D20>=8),"Pass","Fail")) -> Pass | G20: =(IF(E20="","",IF(F20="Fail","F",IF(E20>=80,"A+",IF(E20>=70,"A",IF(E20>=60,"A-",IF(E20>=50,"B",IF(E20>=40,"C",IF(E20>=33,"D","F"))))))))) -> A- | H20: =(IF(E20="","",IF(G20="F",0,IF(E20>=80,5,IF(E20>=70,4,IF(E20>=60,3.5,IF(E20>=50,3,IF(E20>=40,2,IF(E20>=33,1,0))))))))) -> 3.5
A21: ='Student Basic Info'!A21 -> 720 | B21: 10 | C21: 23 | D21: 17 | E21: =IF(B21+C21=0, "", B21+C21+D21) -> 50 | F21: =IF(E21="","", IF(AND(B21 >=8,C21>=17,D21>=8),"Pass","Fail")) -> Pass | G21: =(IF(E21="","",IF(F21="Fail","F",IF(E21>=80,"A+",IF(E21>=70,"A",IF(E21>=60,"A-",IF(E21>=50,"B",IF(E21>=40,"C",IF(E21>=33,"D","F"))))))))) -> B | H21: =(IF(E21="","",IF(G21="F",0,IF(E21>=80,5,IF(E21>=70,4,IF(E21>=60,3.5,IF(E21>=50,3,IF(E21>=40,2,IF(E21>=33,1,0))))))))) -> 3
A22: ='Student Basic Info'!A22 -> 721 | E22: =IF(B22+C22=0, "", B22+C22+D22) | F22: =IF(E22="","", IF(AND(B22 >=8,C22>=17,D22>=8),"Pass","Fail")) | G22: =(IF(E22="","",IF(F22="Fail","F",IF(E22>=80,"A+",IF(E22>=70,"A",IF(E22>=60,"A-",IF(E22>=50,"B",IF(E22>=40,"C",IF(E22>=33,"D","F"))))))))) | H22: =(IF(E22="","",IF(G22="F",0,IF(E22>=80,5,IF(E22>=70,4,IF(E22>=60,3.5,IF(E22>=50,3,IF(E22>=40,2,IF(E22>=33,1,0)))))))))
A23: ='Student Basic Info'!A23 -> 722 | B23: 14 | C23: 3 | D23: 12 | E23: =IF(B23+C23=0, "", B23+C23+D23) -> 29 | F23: =IF(E23="","", IF(AND(B23 >=8,C23>=17,D23>=8),"Pass","Fail")) -> Fail | G23: =(IF(E23="","",IF(F23="Fail","F",IF(E23>=80,"A+",IF(E23>=70,"A",IF(E23>=60,"A-",IF(E23>=50,"B",IF(E23>=40,"C",IF(E23>=33,"D","F"))))))))) -> F | H23: =(IF(E23="","",IF(G23="F",0,IF(E23>=80,5,IF(E23>=70,4,IF(E23>=60,3.5,IF(E23>=50,3,IF(E23>=40,2,IF(E23>=33,1,0))))))))) -> 0
A24: ='Student Basic Info'!A24 -> 723 | B24: 19 | C24: 50 | D24: 21 | E24: =IF(B24+C24=0, "", B24+C24+D24) -> 90 | F24: =IF(E24="","", IF(AND(B24 >=8,C24>=17,D24>=8),"Pass","Fail")) -> Pass | G24: =(IF(E24="","",IF(F24="Fail","F",IF(E24>=80,"A+",IF(E24>=70,"A",IF(E24>=60,"A-",IF(E24>=50,"B",IF(E24>=40,"C",IF(E24>=33,"D","F"))))))))) -> A+ | H24: =(IF(E24="","",IF(G24="F",0,IF(E24>=80,5,IF(E24>=70,4,IF(E24>=60,3.5,IF(E24>=50,3,IF(E24>=40,2,IF(E24>=33,1,0))))))))) -> 5
A25: ='Student Basic Info'!A25 -> 724 | B25: 13 | C25: 17 | D25: 15 | E25: =IF(B25+C25=0, "", B25+C25+D25) -> 45 | F25: =IF(E25="","", IF(AND(B25 >=8,C25>=17,D25>=8),"Pass","Fail")) -> Pass | G25: =(IF(E25="","",IF(F25="Fail","F",IF(E25>=80,"A+",IF(E25>=70,"A",IF(E25>=60,"A-",IF(E25>=50,"B",IF(E25>=40,"C",IF(E25>=33,"D","F"))))))))) -> C | H25: =(IF(E25="","",IF(G25="F",0,IF(E25>=80,5,IF(E25>=70,4,IF(E25>=60,3.5,IF(E25>=50,3,IF(E25>=40,2,IF(E25>=33,1,0))))))))) -> 2
A26: ='Student Basic Info'!A26 -> 725 | B26: 8 | C26: 20 | D26: 14 | E26: =IF(B26+C26=0, "", B26+C26+D26) -> 42 | F26: =IF(E26="","", IF(AND(B26 >=8,C26>=17,D26>=8),"Pass","Fail")) -> Pass | G26: =(IF(E26="","",IF(F26="Fail","F",IF(E26>=80,"A+",IF(E26>=70,"A",IF(E26>=60,"A-",IF(E26>=50,"B",IF(E26>=40,"C",IF(E26>=33,"D","F"))))))))) -> C | H26: =(IF(E26="","",IF(G26="F",0,IF(E26>=80,5,IF(E26>=70,4,IF(E26>=60,3.5,IF(E26>=50,3,IF(E26>=40,2,IF(E26>=33,1,0))))))))) -> 2
A27: ='Student Basic Info'!A27 -> 726 | E27: =IF(B27+C27=0, "", B27+C27+D27) | F27: =IF(E27="","", IF(AND(B27 >=8,C27>=17,D27>=8),"Pass","Fail")) | G27: =(IF(E27="","",IF(F27="Fail","F",IF(E27>=80,"A+",IF(E27>=70,"A",IF(E27>=60,"A-",IF(E27>=50,"B",IF(E27>=40,"C",IF(E27>=33,"D","F"))))))))) | H27: =(IF(E27="","",IF(G27="F",0,IF(E27>=80,5,IF(E27>=70,4,IF(E27>=60,3.5,IF(E27>=50,3,IF(E27>=40,2,IF(E27>=33,1,0)))))))))
A28: ='Student Basic Info'!A28 -> 727 | B28: 12 | C28: 36 | D28: 20 | E28: =IF(B28+C28=0, "", B28+C28+D28) -> 68 | F28: =IF(E28="","", IF(AND(B28 >=8,C28>=17,D28>=8),"Pass","Fail")) -> Pass | G28: =(IF(E28="","",IF(F28="Fail","F",IF(E28>=80,"A+",IF(E28>=70,"A",IF(E28>=60,"A-",IF(E28>=50,"B",IF(E28>=40,"C",IF(E28>=33,"D","F"))))))))) -> A- | H28: =(IF(E28="","",IF(G28="F",0,IF(E28>=80,5,IF(E28>=70,4,IF(E28>=60,3.5,IF(E28>=50,3,IF(E28>=40,2,IF(E28>=33,1,0))))))))) -> 3.5
A29: ='Student Basic Info'!A29 -> 728 | B29: 10 | C29: 19 | D29: 15 | E29: =IF(B29+C29=0, "", B29+C29+D29) -> 44 | F29: =IF(E29="","", IF(AND(B29 >=8,C29>=17,D29>=8),"Pass","Fail")) -> Pass | G29: =(IF(E29="","",IF(F29="Fail","F",IF(E29>=80,"A+",IF(E29>=70,"A",IF(E29>=60,"A-",IF(E29>=50,"B",IF(E29>=40,"C",IF(E29>=33,"D","F"))))))))) -> C | H29: =(IF(E29="","",IF(G29="F",0,IF(E29>=80,5,IF(E29>=70,4,IF(E29>=60,3.5,IF(E29>=50,3,IF(E29>=40,2,IF(E29>=33,1,0))))))))) -> 2
A30: ='Student Basic Info'!A30 -> 729 | B30: 7 | C30: 6 | D30: 10 | E30: =IF(B30+C30=0, "", B30+C30+D30) -> 23 | F30: =IF(E30="","", IF(AND(B30 >=8,C30>=17,D30>=8),"Pass","Fail")) -> Fail | G30: =(IF(E30="","",IF(F30="Fail","F",IF(E30>=80,"A+",IF(E30>=70,"A",IF(E30>=60,"A-",IF(E30>=50,"B",IF(E30>=40,"C",IF(E30>=33,"D","F"))))))))) -> F | H30: =(IF(E30="","",IF(G30="F",0,IF(E30>=80,5,IF(E30>=70,4,IF(E30>=60,3.5,IF(E30>=50,3,IF(E30>=40,2,IF(E30>=33,1,0))))))))) -> 0
A31: ='Student Basic Info'!A31 -> 730 | B31: 10 | C31: 9 | D31: 12 | E31: =IF(B31+C31=0, "", B31+C31+D31) -> 31 | F31: =IF(E31="","", IF(AND(B31 >=8,C31>=17,D31>=8),"Pass","Fail")) -> Fail | G31: =(IF(E31="","",IF(F31="Fail","F",IF(E31>=80,"A+",IF(E31>=70,"A",IF(E31>=60,"A-",IF(E31>=50,"B",IF(E31>=40,"C",IF(E31>=33,"D","F"))))))))) -> F | H31: =(IF(E31="","",IF(G31="F",0,IF(E31>=80,5,IF(E31>=70,4,IF(E31>=60,3.5,IF(E31>=50,3,IF(E31>=40,2,IF(E31>=33,1,0))))))))) -> 0
A32: ='Student Basic Info'!A32 -> 731 | B32: 10 | C32: 23 | D32: 17 | E32: =IF(B32+C32=0, "", B32+C32+D32) -> 50 | F32: =IF(E32="","", IF(AND(B32 >=8,C32>=17,D32>=8),"Pass","Fail")) -> Pass | G32: =(IF(E32="","",IF(F32="Fail","F",IF(E32>=80,"A+",IF(E32>=70,"A",IF(E32>=60,"A-",IF(E32>=50,"B",IF(E32>=40,"C",IF(E32>=33,"D","F"))))))))) -> B | H32: =(IF(E32="","",IF(G32="F",0,IF(E32>=80,5,IF(E32>=70,4,IF(E32>=60,3.5,IF(E32>=50,3,IF(E32>=40,2,IF(E32>=33,1,0))))))))) -> 3
A33: ='Student Basic Info'!A33 -> 732 | E33: =IF(B33+C33=0, "", B33+C33+D33) | F33: =IF(E33="","", IF(AND(B33 >=8,C33>=17,D33>=8),"Pass","Fail")) | G33: =(IF(E33="","",IF(F33="Fail","F",IF(E33>=80,"A+",IF(E33>=70,"A",IF(E33>=60,"A-",IF(E33>=50,"B",IF(E33>=40,"C",IF(E33>=33,"D","F"))))))))) | H33: =(IF(E33="","",IF(G33="F",0,IF(E33>=80,5,IF(E33>=70,4,IF(E33>=60,3.5,IF(E33>=50,3,IF(E33>=40,2,IF(E33>=33,1,0)))))))))
A34: ='Student Basic Info'!A34 -> 733 | B34: 6 | C34: 13 | D34: 10 | E34: =IF(B34+C34=0, "", B34+C34+D34) -> 29 | F34: =IF(E34="","", IF(AND(B34 >=8,C34>=17,D34>=8),"Pass","Fail")) -> Fail | G34: =(IF(E34="","",IF(F34="Fail","F",IF(E34>=80,"A+",IF(E34>=70,"A",IF(E34>=60,"A-",IF(E34>=50,"B",IF(E34>=40,"C",IF(E34>=33,"D","F"))))))))) -> F | H34: =(IF(E34="","",IF(G34="F",0,IF(E34>=80,5,IF(E34>=70,4,IF(E34>=60,3.5,IF(E34>=50,3,IF(E34>=40,2,IF(E34>=33,1,0))))))))) -> 0
A35: ='Student Basic Info'!A35 -> 734 | B35: 8 | C35: 27 | D35: 17 | E35: =IF(B35+C35=0, "", B35+C35+D35) -> 52 | F35: =IF(E35="","", IF(AND(B35 >=8,C35>=17,D35>=8),"Pass","Fail")) -> Pass | G35: =(IF(E35="","",IF(F35="Fail","F",IF(E35>=80,"A+",IF(E35>=70,"A",IF(E35>=60,"A-",IF(E35>=50,"B",IF(E35>=40,"C",IF(E35>=33,"D","F"))))))))) -> B | H35: =(IF(E35="","",IF(G35="F",0,IF(E35>=80,5,IF(E35>=70,4,IF(E35>=60,3.5,IF(E35>=50,3,IF(E35>=40,2,IF(E35>=33,1,0))))))))) -> 3
A36: ='Student Basic Info'!A36 -> 735 | B36: 8 | C36: 11 | D36: 10 | E36: =IF(B36+C36=0, "", B36+C36+D36) -> 29 | F36: =IF(E36="","", IF(AND(B36 >=8,C36>=17,D36>=8),"Pass","Fail")) -> Fail | G36: =(IF(E36="","",IF(F36="Fail","F",IF(E36>=80,"A+",IF(E36>=70,"A",IF(E36>=60,"A-",IF(E36>=50,"B",IF(E36>=40,"C",IF(E36>=33,"D","F"))))))))) -> F | H36: =(IF(E36="","",IF(G36="F",0,IF(E36>=80,5,IF(E36>=70,4,IF(E36>=60,3.5,IF(E36>=50,3,IF(E36>=40,2,IF(E36>=33,1,0))))))))) -> 0
A37: ='Student Basic Info'!A37 -> 736 | B37: 10 | C37: 28 | D37: 16 | E37: =IF(B37+C37=0, "", B37+C37+D37) -> 54 | F37: =IF(E37="","", IF(AND(B37 >=8,C37>=17,D37>=8),"Pass","Fail")) -> Pass | G37: =(IF(E37="","",IF(F37="Fail","F",IF(E37>=80,"A+",IF(E37>=70,"A",IF(E37>=60,"A-",IF(E37>=50,"B",IF(E37>=40,"C",IF(E37>=33,"D","F"))))))))) -> B | H37: =(IF(E37="","",IF(G37="F",0,IF(E37>=80,5,IF(E37>=70,4,IF(E37>=60,3.5,IF(E37>=50,3,IF(E37>=40,2,IF(E37>=33,1,0))))))))) -> 3
A38: ='Student Basic Info'!A38 -> 737 | B38: 8 | C38: 33 | D38: 19 | E38: =IF(B38+C38=0, "", B38+C38+D38) -> 60 | F38: =IF(E38="","", IF(AND(B38 >=8,C38>=17,D38>=8),"Pass","Fail")) -> Pass | G38: =(IF(E38="","",IF(F38="Fail","F",IF(E38>=80,"A+",IF(E38>=70,"A",IF(E38>=60,"A-",IF(E38>=50,"B",IF(E38>=40,"C",IF(E38>=33,"D","F"))))))))) -> A- | H38: =(IF(E38="","",IF(G38="F",0,IF(E38>=80,5,IF(E38>=70,4,IF(E38>=60,3.5,IF(E38>=50,3,IF(E38>=40,2,IF(E38>=33,1,0))))))))) -> 3.5
A39: ='Student Basic Info'!A39 -> 738 | B39: 10 | C39: 12 | D39: 15 | E39: =IF(B39+C39=0, "", B39+C39+D39) -> 37 | F39: =IF(E39="","", IF(AND(B39 >=8,C39>=17,D39>=8),"Pass","Fail")) -> Fail | G39: =(IF(E39="","",IF(F39="Fail","F",IF(E39>=80,"A+",IF(E39>=70,"A",IF(E39>=60,"A-",IF(E39>=50,"B",IF(E39>=40,"C",IF(E39>=33,"D","F"))))))))) -> F | H39: =(IF(E39="","",IF(G39="F",0,IF(E39>=80,5,IF(E39>=70,4,IF(E39>=60,3.5,IF(E39>=50,3,IF(E39>=40,2,IF(E39>=33,1,0))))))))) -> 0
A40: ='Student Basic Info'!A40 -> 739 | B40: 9 | C40: 25 | D40: 16 | E40: =IF(B40+C40=0, "", B40+C40+D40) -> 50 | F40: =IF(E40="","", IF(AND(B40 >=8,C40>=17,D40>=8),"Pass","Fail")) -> Pass | G40: =(IF(E40="","",IF(F40="Fail","F",IF(E40>=80,"A+",IF(E40>=70,"A",IF(E40>=60,"A-",IF(E40>=50,"B",IF(E40>=40,"C",IF(E40>=33,"D","F"))))))))) -> B | H40: =(IF(E40="","",IF(G40="F",0,IF(E40>=80,5,IF(E40>=70,4,IF(E40>=60,3.5,IF(E40>=50,3,IF(E40>=40,2,IF(E40>=33,1,0))))))))) -> 3
A41: ='Student Basic Info'!A41 -> 740 | B41: 10 | C41: 15 | D41: 15 | E41: =IF(B41+C41=0, "", B41+C41+D41) -> 40 | F41: =IF(E41="","", IF(AND(B41 >=8,C41>=17,D41>=8),"Pass","Fail")) -> Fail | G41: =(IF(E41="","",IF(F41="Fail","F",IF(E41>=80,"A+",IF(E41>=70,"A",IF(E41>=60,"A-",IF(E41>=50,"B",IF(E41>=40,"C",IF(E41>=33,"D","F"))))))))) -> F | H41: =(IF(E41="","",IF(G41="F",0,IF(E41>=80,5,IF(E41>=70,4,IF(E41>=60,3.5,IF(E41>=50,3,IF(E41>=40,2,IF(E41>=33,1,0))))))))) -> 0
A42: ='Student Basic Info'!A42 -> 741 | B42: 8 | C42: 30 | D42: 16 | E42: =IF(B42+C42=0, "", B42+C42+D42) -> 54 | F42: =IF(E42="","", IF(AND(B42 >=8,C42>=17,D42>=8),"Pass","Fail")) -> Pass | G42: =(IF(E42="","",IF(F42="Fail","F",IF(E42>=80,"A+",IF(E42>=70,"A",IF(E42>=60,"A-",IF(E42>=50,"B",IF(E42>=40,"C",IF(E42>=33,"D","F"))))))))) -> B | H42: =(IF(E42="","",IF(G42="F",0,IF(E42>=80,5,IF(E42>=70,4,IF(E42>=60,3.5,IF(E42>=50,3,IF(E42>=40,2,IF(E42>=33,1,0))))))))) -> 3
A43: ='Student Basic Info'!A43 -> 742 | E43: =IF(B43+C43=0, "", B43+C43+D43) | F43: =IF(E43="","", IF(AND(B43 >=8,C43>=17,D43>=8),"Pass","Fail")) | G43: =(IF(E43="","",IF(F43="Fail","F",IF(E43>=80,"A+",IF(E43>=70,"A",IF(E43>=60,"A-",IF(E43>=50,"B",IF(E43>=40,"C",IF(E43>=33,"D","F"))))))))) | H43: =(IF(E43="","",IF(G43="F",0,IF(E43>=80,5,IF(E43>=70,4,IF(E43>=60,3.5,IF(E43>=50,3,IF(E43>=40,2,IF(E43>=33,1,0)))))))))
A44: ='Student Basic Info'!A44 -> 743 | B44: 9 | C44: 0 | D44: 8 | E44: =IF(B44+C44=0, "", B44+C44+D44) -> 17 | F44: =IF(E44="","", IF(AND(B44 >=8,C44>=17,D44>=8),"Pass","Fail")) -> Fail | G44: =(IF(E44="","",IF(F44="Fail","F",IF(E44>=80,"A+",IF(E44>=70,"A",IF(E44>=60,"A-",IF(E44>=50,"B",IF(E44>=40,"C",IF(E44>=33,"D","F"))))))))) -> F | H44: =(IF(E44="","",IF(G44="F",0,IF(E44>=80,5,IF(E44>=70,4,IF(E44>=60,3.5,IF(E44>=50,3,IF(E44>=40,2,IF(E44>=33,1,0))))))))) -> 0
A45: ='Student Basic Info'!A45 -> 744 | B45: 9 | C45: 17 | D45: 15 | E45: =IF(B45+C45=0, "", B45+C45+D45) -> 41 | F45: =IF(E45="","", IF(AND(B45 >=8,C45>=17,D45>=8),"Pass","Fail")) -> Pass | G45: =(IF(E45="","",IF(F45="Fail","F",IF(E45>=80,"A+",IF(E45>=70,"A",IF(E45>=60,"A-",IF(E45>=50,"B",IF(E45>=40,"C",IF(E45>=33,"D","F"))))))))) -> C | H45: =(IF(E45="","",IF(G45="F",0,IF(E45>=80,5,IF(E45>=70,4,IF(E45>=60,3.5,IF(E45>=50,3,IF(E45>=40,2,IF(E45>=33,1,0))))))))) -> 2
A46: ='Student Basic Info'!A46 -> 745 | B46: 16 | C46: 42 | D46: 22 | E46: =IF(B46+C46=0, "", B46+C46+D46) -> 80 | F46: =IF(E46="","", IF(AND(B46 >=8,C46>=17,D46>=8),"Pass","Fail")) -> Pass | G46: =(IF(E46="","",IF(F46="Fail","F",IF(E46>=80,"A+",IF(E46>=70,"A",IF(E46>=60,"A-",IF(E46>=50,"B",IF(E46>=40,"C",IF(E46>=33,"D","F"))))))))) -> A+ | H46: =(IF(E46="","",IF(G46="F",0,IF(E46>=80,5,IF(E46>=70,4,IF(E46>=60,3.5,IF(E46>=50,3,IF(E46>=40,2,IF(E46>=33,1,0))))))))) -> 5
A47: ='Student Basic Info'!A47 -> 746 | B47: 11 | C47: 33 | D47: 17 | E47: =IF(B47+C47=0, "", B47+C47+D47) -> 61 | F47: =IF(E47="","", IF(AND(B47 >=8,C47>=17,D47>=8),"Pass","Fail")) -> Pass | G47: =(IF(E47="","",IF(F47="Fail","F",IF(E47>=80,"A+",IF(E47>=70,"A",IF(E47>=60,"A-",IF(E47>=50,"B",IF(E47>=40,"C",IF(E47>=33,"D","F"))))))))) -> A- | H47: =(IF(E47="","",IF(G47="F",0,IF(E47>=80,5,IF(E47>=70,4,IF(E47>=60,3.5,IF(E47>=50,3,IF(E47>=40,2,IF(E47>=33,1,0))))))))) -> 3.5
A48: ='Student Basic Info'!A48 -> 747 | B48: 13 | C48: 6 | D48: 12 | E48: =IF(B48+C48=0, "", B48+C48+D48) -> 31 | F48: =IF(E48="","", IF(AND(B48 >=8,C48>=17,D48>=8),"Pass","Fail")) -> Fail | G48: =(IF(E48="","",IF(F48="Fail","F",IF(E48>=80,"A+",IF(E48>=70,"A",IF(E48>=60,"A-",IF(E48>=50,"B",IF(E48>=40,"C",IF(E48>=33,"D","F"))))))))) -> F | H48: =(IF(E48="","",IF(G48="F",0,IF(E48>=80,5,IF(E48>=70,4,IF(E48>=60,3.5,IF(E48>=50,3,IF(E48>=40,2,IF(E48>=33,1,0))))))))) -> 0
A49: ='Student Basic Info'!A49 -> 748 | B49: 5 | C49: 0 | D49: 8 | E49: =IF(B49+C49=0, "", B49+C49+D49) -> 13 | F49: =IF(E49="","", IF(AND(B49 >=8,C49>=17,D49>=8),"Pass","Fail")) -> Fail | G49: =(IF(E49="","",IF(F49="Fail","F",IF(E49>=80,"A+",IF(E49>=70,"A",IF(E49>=60,"A-",IF(E49>=50,"B",IF(E49>=40,"C",IF(E49>=33,"D","F"))))))))) -> F | H49: =(IF(E49="","",IF(G49="F",0,IF(E49>=80,5,IF(E49>=70,4,IF(E49>=60,3.5,IF(E49>=50,3,IF(E49>=40,2,IF(E49>=33,1,0))))))))) -> 0
A50: ='Student Basic Info'!A50 -> 749 | B50: 8 | C50: 2 | D50: 8 | E50: =IF(B50+C50=0, "", B50+C50+D50) -> 18 | F50: =IF(E50="","", IF(AND(B50 >=8,C50>=17,D50>=8),"Pass","Fail")) -> Fail | G50: =(IF(E50="","",IF(F50="Fail","F",IF(E50>=80,"A+",IF(E50>=70,"A",IF(E50>=60,"A-",IF(E50>=50,"B",IF(E50>=40,"C",IF(E50>=33,"D","F"))))))))) -> F | H50: =(IF(E50="","",IF(G50="F",0,IF(E50>=80,5,IF(E50>=70,4,IF(E50>=60,3.5,IF(E50>=50,3,IF(E50>=40,2,IF(E50>=33,1,0))))))))) -> 0
A51: ='Student Basic Info'!A51 -> 750 | E51: =IF(B51+C51=0, "", B51+C51+D51) | F51: =IF(E51="","", IF(AND(B51 >=8,C51>=17,D51>=8),"Pass","Fail")) | G51: =(IF(E51="","",IF(F51="Fail","F",IF(E51>=80,"A+",IF(E51>=70,"A",IF(E51>=60,"A-",IF(E51>=50,"B",IF(E51>=40,"C",IF(E51>=33,"D","F"))))))))) | H51: =(IF(E51="","",IF(G51="F",0,IF(E51>=80,5,IF(E51>=70,4,IF(E51>=60,3.5,IF(E51>=50,3,IF(E51>=40,2,IF(E51>=33,1,0)))))))))
A52: ='Student Basic Info'!A52 -> 751 | B52: 9 | C52: 32 | D52: 19 | E52: =IF(B52+C52=0, "", B52+C52+D52) -> 60 | F52: =IF(E52="","", IF(AND(B52 >=8,C52>=17,D52>=8),"Pass","Fail")) -> Pass | G52: =(IF(E52="","",IF(F52="Fail","F",IF(E52>=80,"A+",IF(E52>=70,"A",IF(E52>=60,"A-",IF(E52>=50,"B",IF(E52>=40,"C",IF(E52>=33,"D","F"))))))))) -> A- | H52: =(IF(E52="","",IF(G52="F",0,IF(E52>=80,5,IF(E52>=70,4,IF(E52>=60,3.5,IF(E52>=50,3,IF(E52>=40,2,IF(E52>=33,1,0))))))))) -> 3.5
A53: ='Student Basic Info'!A53 -> 752 | E53: =IF(B53+C53=0, "", B53+C53+D53) | F53: =IF(E53="","", IF(AND(B53 >=8,C53>=17,D53>=8),"Pass","Fail")) | G53: =(IF(E53="","",IF(F53="Fail","F",IF(E53>=80,"A+",IF(E53>=70,"A",IF(E53>=60,"A-",IF(E53>=50,"B",IF(E53>=40,"C",IF(E53>=33,"D","F"))))))))) | H53: =(IF(E53="","",IF(G53="F",0,IF(E53>=80,5,IF(E53>=70,4,IF(E53>=60,3.5,IF(E53>=50,3,IF(E53>=40,2,IF(E53>=33,1,0)))))))))
A54: ='Student Basic Info'!A54 -> 753 | B54: 11 | C54: 4 | D54: 10 | E54: =IF(B54+C54=0, "", B54+C54+D54) -> 25 | F54: =IF(E54="","", IF(AND(B54 >=8,C54>=17,D54>=8),"Pass","Fail")) -> Fail | G54: =(IF(E54="","",IF(F54="Fail","F",IF(E54>=80,"A+",IF(E54>=70,"A",IF(E54>=60,"A-",IF(E54>=50,"B",IF(E54>=40,"C",IF(E54>=33,"D","F"))))))))) -> F | H54: =(IF(E54="","",IF(G54="F",0,IF(E54>=80,5,IF(E54>=70,4,IF(E54>=60,3.5,IF(E54>=50,3,IF(E54>=40,2,IF(E54>=33,1,0))))))))) -> 0
A55: ='Student Basic Info'!A55 -> 754 | B55: 7 | C55: 1 | D55: 8 | E55: =IF(B55+C55=0, "", B55+C55+D55) -> 16 | F55: =IF(E55="","", IF(AND(B55 >=8,C55>=17,D55>=8),"Pass","Fail")) -> Fail | G55: =(IF(E55="","",IF(F55="Fail","F",IF(E55>=80,"A+",IF(E55>=70,"A",IF(E55>=60,"A-",IF(E55>=50,"B",IF(E55>=40,"C",IF(E55>=33,"D","F"))))))))) -> F | H55: =(IF(E55="","",IF(G55="F",0,IF(E55>=80,5,IF(E55>=70,4,IF(E55>=60,3.5,IF(E55>=50,3,IF(E55>=40,2,IF(E55>=33,1,0))))))))) -> 0
A56: ='Student Basic Info'!A56 -> 755 | B56: 6 | C56: 0 | D56: 8 | E56: =IF(B56+C56=0, "", B56+C56+D56) -> 14 | F56: =IF(E56="","", IF(AND(B56 >=8,C56>=17,D56>=8),"Pass","Fail")) -> Fail | G56: =(IF(E56="","",IF(F56="Fail","F",IF(E56>=80,"A+",IF(E56>=70,"A",IF(E56>=60,"A-",IF(E56>=50,"B",IF(E56>=40,"C",IF(E56>=33,"D","F"))))))))) -> F | H56: =(IF(E56="","",IF(G56="F",0,IF(E56>=80,5,IF(E56>=70,4,IF(E56>=60,3.5,IF(E56>=50,3,IF(E56>=40,2,IF(E56>=33,1,0))))))))) -> 0
A57: ='Student Basic Info'!A57 -> 756 | B57: 8 | C57: 29 | D57: 16 | E57: =IF(B57+C57=0, "", B57+C57+D57) -> 53 | F57: =IF(E57="","", IF(AND(B57 >=8,C57>=17,D57>=8),"Pass","Fail")) -> Pass | G57: =(IF(E57="","",IF(F57="Fail","F",IF(E57>=80,"A+",IF(E57>=70,"A",IF(E57>=60,"A-",IF(E57>=50,"B",IF(E57>=40,"C",IF(E57>=33,"D","F"))))))))) -> B | H57: =(IF(E57="","",IF(G57="F",0,IF(E57>=80,5,IF(E57>=70,4,IF(E57>=60,3.5,IF(E57>=50,3,IF(E57>=40,2,IF(E57>=33,1,0))))))))) -> 3
A58: ='Student Basic Info'!A58 -> 757 | B58: 5 | C58: 3 | D58: 8 | E58: =IF(B58+C58=0, "", B58+C58+D58) -> 16 | F58: =IF(E58="","", IF(AND(B58 >=8,C58>=17,D58>=8),"Pass","Fail")) -> Fail | G58: =(IF(E58="","",IF(F58="Fail","F",IF(E58>=80,"A+",IF(E58>=70,"A",IF(E58>=60,"A-",IF(E58>=50,"B",IF(E58>=40,"C",IF(E58>=33,"D","F"))))))))) -> F | H58: =(IF(E58="","",IF(G58="F",0,IF(E58>=80,5,IF(E58>=70,4,IF(E58>=60,3.5,IF(E58>=50,3,IF(E58>=40,2,IF(E58>=33,1,0))))))))) -> 0
A59: ='Student Basic Info'!A59 -> 758 | B59: 8 | C59: 14 | D59: 12 | E59: =IF(B59+C59=0, "", B59+C59+D59) -> 34 | F59: =IF(E59="","", IF(AND(B59 >=8,C59>=17,D59>=8),"Pass","Fail")) -> Fail | G59: =(IF(E59="","",IF(F59="Fail","F",IF(E59>=80,"A+",IF(E59>=70,"A",IF(E59>=60,"A-",IF(E59>=50,"B",IF(E59>=40,"C",IF(E59>=33,"D","F"))))))))) -> F | H59: =(IF(E59="","",IF(G59="F",0,IF(E59>=80,5,IF(E59>=70,4,IF(E59>=60,3.5,IF(E59>=50,3,IF(E59>=40,2,IF(E59>=33,1,0))))))))) -> 0
A60: ='Student Basic Info'!A60 -> 759 | B60: 14 | C60: 34 | D60: 18 | E60: =IF(B60+C60=0, "", B60+C60+D60) -> 66 | F60: =IF(E60="","", IF(AND(B60 >=8,C60>=17,D60>=8),"Pass","Fail")) -> Pass | G60: =(IF(E60="","",IF(F60="Fail","F",IF(E60>=80,"A+",IF(E60>=70,"A",IF(E60>=60,"A-",IF(E60>=50,"B",IF(E60>=40,"C",IF(E60>=33,"D","F"))))))))) -> A- | H60: =(IF(E60="","",IF(G60="F",0,IF(E60>=80,5,IF(E60>=70,4,IF(E60>=60,3.5,IF(E60>=50,3,IF(E60>=40,2,IF(E60>=33,1,0))))))))) -> 3.5
A61: ='Student Basic Info'!A61 -> 760 | B61: 11 | C61: 9 | D61: 12 | E61: =IF(B61+C61=0, "", B61+C61+D61) -> 32 | F61: =IF(E61="","", IF(AND(B61 >=8,C61>=17,D61>=8),"Pass","Fail")) -> Fail | G61: =(IF(E61="","",IF(F61="Fail","F",IF(E61>=80,"A+",IF(E61>=70,"A",IF(E61>=60,"A-",IF(E61>=50,"B",IF(E61>=40,"C",IF(E61>=33,"D","F"))))))))) -> F | H61: =(IF(E61="","",IF(G61="F",0,IF(E61>=80,5,IF(E61>=70,4,IF(E61>=60,3.5,IF(E61>=50,3,IF(E61>=40,2,IF(E61>=33,1,0))))))))) -> 0
A62: ='Student Basic Info'!A62 -> 761 | B62: 10 | C62: 3 | D62: 10 | E62: =IF(B62+C62=0, "", B62+C62+D62) -> 23 | F62: =IF(E62="","", IF(AND(B62 >=8,C62>=17,D62>=8),"Pass","Fail")) -> Fail | G62: =(IF(E62="","",IF(F62="Fail","F",IF(E62>=80,"A+",IF(E62>=70,"A",IF(E62>=60,"A-",IF(E62>=50,"B",IF(E62>=40,"C",IF(E62>=33,"D","F"))))))))) -> F | H62: =(IF(E62="","",IF(G62="F",0,IF(E62>=80,5,IF(E62>=70,4,IF(E62>=60,3.5,IF(E62>=50,3,IF(E62>=40,2,IF(E62>=33,1,0))))))))) -> 0
A63: ='Student Basic Info'!A63 -> 762 | B63: 10 | C63: 5 | D63: 11 | E63: =IF(B63+C63=0, "", B63+C63+D63) -> 26 | F63: =IF(E63="","", IF(AND(B63 >=8,C63>=17,D63>=8),"Pass","Fail")) -> Fail | G63: =(IF(E63="","",IF(F63="Fail","F",IF(E63>=80,"A+",IF(E63>=70,"A",IF(E63>=60,"A-",IF(E63>=50,"B",IF(E63>=40,"C",IF(E63>=33,"D","F"))))))))) -> F | H63: =(IF(E63="","",IF(G63="F",0,IF(E63>=80,5,IF(E63>=70,4,IF(E63>=60,3.5,IF(E63>=50,3,IF(E63>=40,2,IF(E63>=33,1,0))))))))) -> 0
A64: ='Student Basic Info'!A64 -> 763 | B64: 13 | C64: 5 | D64: 12 | E64: =IF(B64+C64=0, "", B64+C64+D64) -> 30 | F64: =IF(E64="","", IF(AND(B64 >=8,C64>=17,D64>=8),"Pass","Fail")) -> Fail | G64: =(IF(E64="","",IF(F64="Fail","F",IF(E64>=80,"A+",IF(E64>=70,"A",IF(E64>=60,"A-",IF(E64>=50,"B",IF(E64>=40,"C",IF(E64>=33,"D","F"))))))))) -> F | H64: =(IF(E64="","",IF(G64="F",0,IF(E64>=80,5,IF(E64>=70,4,IF(E64>=60,3.5,IF(E64>=50,3,IF(E64>=40,2,IF(E64>=33,1,0))))))))) -> 0
A65: ='Student Basic Info'!A65 -> 764 | B65: 7 | C65: 14 | D65: 12 | E65: =IF(B65+C65=0, "", B65+C65+D65) -> 33 | F65: =IF(E65="","", IF(AND(B65 >=8,C65>=17,D65>=8),"Pass","Fail")) -> Fail | G65: =(IF(E65="","",IF(F65="Fail","F",IF(E65>=80,"A+",IF(E65>=70,"A",IF(E65>=60,"A-",IF(E65>=50,"B",IF(E65>=40,"C",IF(E65>=33,"D","F"))))))))) -> F | H65: =(IF(E65="","",IF(G65="F",0,IF(E65>=80,5,IF(E65>=70,4,IF(E65>=60,3.5,IF(E65>=50,3,IF(E65>=40,2,IF(E65>=33,1,0))))))))) -> 0
... A69: ='Student Basic Info'!A69 -> 768 | B69: 12 | C69: 24 | D69: 16 | E69: =IF(B69+C69=0, "", B69+C69+D69) -> 52 | F69: =IF(E69="","", IF(AND(B69 >=8,C69>=17,D69>=8),"Pass","Fail")) -> Pass | G69: =(IF(E69="","",IF(F69="Fail","F",IF(E69>=80,"A+",IF(E69>=70,"A",IF(E69>=60,"A-",IF(E69>=50,"B",IF(E69>=40,"C",IF(E69>=33,"D","F"))))))))) -> B | H69: =(IF(E69="","",IF(G69="F",0,IF(E69>=80,5,IF(E69>=70,4,IF(E69>=60,3.5,IF(E69>=50,3,IF(E69>=40,2,IF(E69>=33,1,0))))))))) -> 3
A70: ='Student Basic Info'!A70 -> 769 | E70: =IF(B70+C70=0, "", B70+C70+D70) | F70: =IF(E70="","", IF(AND(B70 >=8,C70>=17,D70>=8),"Pass","Fail")) | G70: =(IF(E70="","",IF(F70="Fail","F",IF(E70>=80,"A+",IF(E70>=70,"A",IF(E70>=60,"A-",IF(E70>=50,"B",IF(E70>=40,"C",IF(E70>=33,"D","F"))))))))) | H70: =(IF(E70="","",IF(G70="F",0,IF(E70>=80,5,IF(E70>=70,4,IF(E70>=60,3.5,IF(E70>=50,3,IF(E70>=40,2,IF(E70>=33,1,0)))))))))
A71: ='Student Basic Info'!A71 -> 770 | B71: 10 | C71: 15 | D71: 15 | E71: =IF(B71+C71=0, "", B71+C71+D71) -> 40 | F71: =IF(E71="","", IF(AND(B71 >=8,C71>=17,D71>=8),"Pass","Fail")) -> Fail | G71: =(IF(E71="","",IF(F71="Fail","F",IF(E71>=80,"A+",IF(E71>=70,"A",IF(E71>=60,"A-",IF(E71>=50,"B",IF(E71>=40,"C",IF(E71>=33,"D","F"))))))))) -> F | H71: =(IF(E71="","",IF(G71="F",0,IF(E71>=80,5,IF(E71>=70,4,IF(E71>=60,3.5,IF(E71>=50,3,IF(E71>=40,2,IF(E71>=33,1,0))))))))) -> 0
A72: ='Student Basic Info'!A72 -> 771 | B72: 15 | C72: 3 | D72: 12 | E72: =IF(B72+C72=0, "", B72+C72+D72) -> 30 | F72: =IF(E72="","", IF(AND(B72 >=8,C72>=17,D72>=8),"Pass","Fail")) -> Fail | G72: =(IF(E72="","",IF(F72="Fail","F",IF(E72>=80,"A+",IF(E72>=70,"A",IF(E72>=60,"A-",IF(E72>=50,"B",IF(E72>=40,"C",IF(E72>=33,"D","F"))))))))) -> F | H72: =(IF(E72="","",IF(G72="F",0,IF(E72>=80,5,IF(E72>=70,4,IF(E72>=60,3.5,IF(E72>=50,3,IF(E72>=40,2,IF(E72>=33,1,0))))))))) -> 0
A73: ='Student Basic Info'!A73 -> 772 | B73: 5 | C73: 6 | D73: 10 | E73: =IF(B73+C73=0, "", B73+C73+D73) -> 21 | F73: =IF(E73="","", IF(AND(B73 >=8,C73>=17,D73>=8),"Pass","Fail")) -> Fail | G73: =(IF(E73="","",IF(F73="Fail","F",IF(E73>=80,"A+",IF(E73>=70,"A",IF(E73>=60,"A-",IF(E73>=50,"B",IF(E73>=40,"C",IF(E73>=33,"D","F"))))))))) -> F | H73: =(IF(E73="","",IF(G73="F",0,IF(E73>=80,5,IF(E73>=70,4,IF(E73>=60,3.5,IF(E73>=50,3,IF(E73>=40,2,IF(E73>=33,1,0))))))))) -> 0
A74: ='Student Basic Info'!A74 -> 773 | B74: 9 | C74: 8 | D74: 12 | E74: =IF(B74+C74=0, "", B74+C74+D74) -> 29 | F74: =IF(E74="","", IF(AND(B74 >=8,C74>=17,D74>=8),"Pass","Fail")) -> Fail | G74: =(IF(E74="","",IF(F74="Fail","F",IF(E74>=80,"A+",IF(E74>=70,"A",IF(E74>=60,"A-",IF(E74>=50,"B",IF(E74>=40,"C",IF(E74>=33,"D","F"))))))))) -> F | H74: =(IF(E74="","",IF(G74="F",0,IF(E74>=80,5,IF(E74>=70,4,IF(E74>=60,3.5,IF(E74>=50,3,IF(E74>=40,2,IF(E74>=33,1,0))))))))) -> 0
A75: ='Student Basic Info'!A75 -> 774 | B75: 8 | C75: 20 | D75: 16 | E75: =IF(B75+C75=0, "", B75+C75+D75) -> 44 | F75: =IF(E75="","", IF(AND(B75 >=8,C75>=17,D75>=8),"Pass","Fail")) -> Pass | G75: =(IF(E75="","",IF(F75="Fail","F",IF(E75>=80,"A+",IF(E75>=70,"A",IF(E75>=60,"A-",IF(E75>=50,"B",IF(E75>=40,"C",IF(E75>=33,"D","F"))))))))) -> C | H75: =(IF(E75="","",IF(G75="F",0,IF(E75>=80,5,IF(E75>=70,4,IF(E75>=60,3.5,IF(E75>=50,3,IF(E75>=40,2,IF(E75>=33,1,0))))))))) -> 2
A76: ='Student Basic Info'!A76 -> 775 | B76: 10 | C76: 10 | D76: 12 | E76: =IF(B76+C76=0, "", B76+C76+D76) -> 32 | F76: =IF(E76="","", IF(AND(B76 >=8,C76>=17,D76>=8),"Pass","Fail")) -> Fail | G76: =(IF(E76="","",IF(F76="Fail","F",IF(E76>=80,"A+",IF(E76>=70,"A",IF(E76>=60,"A-",IF(E76>=50,"B",IF(E76>=40,"C",IF(E76>=33,"D","F"))))))))) -> F | H76: =(IF(E76="","",IF(G76="F",0,IF(E76>=80,5,IF(E76>=70,4,IF(E76>=60,3.5,IF(E76>=50,3,IF(E76>=40,2,IF(E76>=33,1,0))))))))) -> 0
A77: ='Student Basic Info'!A77 -> 776 | B77: 3 | C77: 3 | D77: 8 | E77: =IF(B77+C77=0, "", B77+C77+D77) -> 14 | F77: =IF(E77="","", IF(AND(B77 >=8,C77>=17,D77>=8),"Pass","Fail")) -> Fail | G77: =(IF(E77="","",IF(F77="Fail","F",IF(E77>=80,"A+",IF(E77>=70,"A",IF(E77>=60,"A-",IF(E77>=50,"B",IF(E77>=40,"C",IF(E77>=33,"D","F"))))))))) -> F | H77: =(IF(E77="","",IF(G77="F",0,IF(E77>=80,5,IF(E77>=70,4,IF(E77>=60,3.5,IF(E77>=50,3,IF(E77>=40,2,IF(E77>=33,1,0))))))))) -> 0
A78: ='Student Basic Info'!A78 -> 777 | E78: =IF(B78+C78=0, "", B78+C78+D78) | F78: =IF(E78="","", IF(AND(B78 >=8,C78>=17,D78>=8),"Pass","Fail")) | G78: =(IF(E78="","",IF(F78="Fail","F",IF(E78>=80,"A+",IF(E78>=70,"A",IF(E78>=60,"A-",IF(E78>=50,"B",IF(E78>=40,"C",IF(E78>=33,"D","F"))))))))) | H78: =(IF(E78="","",IF(G78="F",0,IF(E78>=80,5,IF(E78>=70,4,IF(E78>=60,3.5,IF(E78>=50,3,IF(E78>=40,2,IF(E78>=33,1,0)))))))))
A79: ='Student Basic Info'!A79 -> 778 | E79: =IF(B79+C79=0, "", B79+C79+D79) | F79: =IF(E79="","", IF(AND(B79 >=8,C79>=17,D79>=8),"Pass","Fail")) | G79: =(IF(E79="","",IF(F79="Fail","F",IF(E79>=80,"A+",IF(E79>=70,"A",IF(E79>=60,"A-",IF(E79>=50,"B",IF(E79>=40,"C",IF(E79>=33,"D","F"))))))))) | H79: =(IF(E79="","",IF(G79="F",0,IF(E79>=80,5,IF(E79>=70,4,IF(E79>=60,3.5,IF(E79>=50,3,IF(E79>=40,2,IF(E79>=33,1,0)))))))))
A80: ='Student Basic Info'!A80 -> 779 | B80: 2 | C80: 10 | D80: 8 | E80: =IF(B80+C80=0, "", B80+C80+D80) -> 20 | F80: =IF(E80="","", IF(AND(B80 >=8,C80>=17,D80>=8),"Pass","Fail")) -> Fail | G80: =(IF(E80="","",IF(F80="Fail","F",IF(E80>=80,"A+",IF(E80>=70,"A",IF(E80>=60,"A-",IF(E80>=50,"B",IF(E80>=40,"C",IF(E80>=33,"D","F"))))))))) -> F | H80: =(IF(E80="","",IF(G80="F",0,IF(E80>=80,5,IF(E80>=70,4,IF(E80>=60,3.5,IF(E80>=50,3,IF(E80>=40,2,IF(E80>=33,1,0))))))))) -> 0
A81: ='Student Basic Info'!A81 -> 780 | B81: 4 | C81: 17 | D81: 12 | E81: =IF(B81+C81=0, "", B81+C81+D81) -> 33 | F81: =IF(E81="","", IF(AND(B81 >=8,C81>=17,D81>=8),"Pass","Fail")) -> Fail | G81: =(IF(E81="","",IF(F81="Fail","F",IF(E81>=80,"A+",IF(E81>=70,"A",IF(E81>=60,"A-",IF(E81>=50,"B",IF(E81>=40,"C",IF(E81>=33,"D","F"))))))))) -> F | H81: =(IF(E81="","",IF(G81="F",0,IF(E81>=80,5,IF(E81>=70,4,IF(E81>=60,3.5,IF(E81>=50,3,IF(E81>=40,2,IF(E81>=33,1,0))))))))) -> 0
A82: ='Student Basic Info'!A82 -> 781 | E82: =IF(B82+C82=0, "", B82+C82+D82) | F82: =IF(E82="","", IF(AND(B82 >=8,C82>=17,D82>=8),"Pass","Fail")) | G82: =(IF(E82="","",IF(F82="Fail","F",IF(E82>=80,"A+",IF(E82>=70,"A",IF(E82>=60,"A-",IF(E82>=50,"B",IF(E82>=40,"C",IF(E82>=33,"D","F"))))))))) | H82: =(IF(E82="","",IF(G82="F",0,IF(E82>=80,5,IF(E82>=70,4,IF(E82>=60,3.5,IF(E82>=50,3,IF(E82>=40,2,IF(E82>=33,1,0)))))))))
A83: ='Student Basic Info'!A83 -> 782 | B83: 6 | C83: 4 | D83: 8 | E83: =IF(B83+C83=0, "", B83+C83+D83) -> 18 | F83: =IF(E83="","", IF(AND(B83 >=8,C83>=17,D83>=8),"Pass","Fail")) -> Fail | G83: =(IF(E83="","",IF(F83="Fail","F",IF(E83>=80,"A+",IF(E83>=70,"A",IF(E83>=60,"A-",IF(E83>=50,"B",IF(E83>=40,"C",IF(E83>=33,"D","F"))))))))) -> F | H83: =(IF(E83="","",IF(G83="F",0,IF(E83>=80,5,IF(E83>=70,4,IF(E83>=60,3.5,IF(E83>=50,3,IF(E83>=40,2,IF(E83>=33,1,0))))))))) -> 0
A84: ='Student Basic Info'!A84 -> 783 | E84: =IF(B84+C84=0, "", B84+C84+D84) | F84: =IF(E84="","", IF(AND(B84 >=8,C84>=17,D84>=8),"Pass","Fail")) | G84: =(IF(E84="","",IF(F84="Fail","F",IF(E84>=80,"A+",IF(E84>=70,"A",IF(E84>=60,"A-",IF(E84>=50,"B",IF(E84>=40,"C",IF(E84>=33,"D","F"))))))))) | H84: =(IF(E84="","",IF(G84="F",0,IF(E84>=80,5,IF(E84>=70,4,IF(E84>=60,3.5,IF(E84>=50,3,IF(E84>=40,2,IF(E84>=33,1,0)))))))))
A85: ='Student Basic Info'!A85 -> 784 | B85: 4 | C85: 9 | D85: 9 | E85: =IF(B85+C85=0, "", B85+C85+D85) -> 22 | F85: =IF(E85="","", IF(AND(B85 >=8,C85>=17,D85>=8),"Pass","Fail")) -> Fail | G85: =(IF(E85="","",IF(F85="Fail","F",IF(E85>=80,"A+",IF(E85>=70,"A",IF(E85>=60,"A-",IF(E85>=50,"B",IF(E85>=40,"C",IF(E85>=33,"D","F"))))))))) -> F | H85: =(IF(E85="","",IF(G85="F",0,IF(E85>=80,5,IF(E85>=70,4,IF(E85>=60,3.5,IF(E85>=50,3,IF(E85>=40,2,IF(E85>=33,1,0))))))))) -> 0
A86: ='Student Basic Info'!A86 -> 785 | B86: 9 | C86: 3 | D86: 8 | E86: =IF(B86+C86=0, "", B86+C86+D86) -> 20 | F86: =IF(E86="","", IF(AND(B86 >=8,C86>=17,D86>=8),"Pass","Fail")) -> Fail | G86: =(IF(E86="","",IF(F86="Fail","F",IF(E86>=80,"A+",IF(E86>=70,"A",IF(E86>=60,"A-",IF(E86>=50,"B",IF(E86>=40,"C",IF(E86>=33,"D","F"))))))))) -> F | H86: =(IF(E86="","",IF(G86="F",0,IF(E86>=80,5,IF(E86>=70,4,IF(E86>=60,3.5,IF(E86>=50,3,IF(E86>=40,2,IF(E86>=33,1,0))))))))) -> 0
A87: ='Student Basic Info'!A87 -> 786 | E87: =IF(B87+C87=0, "", B87+C87+D87) | F87: =IF(E87="","", IF(AND(B87 >=8,C87>=17,D87>=8),"Pass","Fail")) | G87: =(IF(E87="","",IF(F87="Fail","F",IF(E87>=80,"A+",IF(E87>=70,"A",IF(E87>=60,"A-",IF(E87>=50,"B",IF(E87>=40,"C",IF(E87>=33,"D","F"))))))))) | H87: =(IF(E87="","",IF(G87="F",0,IF(E87>=80,5,IF(E87>=70,4,IF(E87>=60,3.5,IF(E87>=50,3,IF(E87>=40,2,IF(E87>=33,1,0)))))))))
A88: ='Student Basic Info'!A88 -> 6812 | B88: 9 | C88: 31 | D88: 18 | E88: =IF(B88+C88=0, "", B88+C88+D88) -> 58 | F88: =IF(E88="","", IF(AND(B88 >=8,C88>=17,D88>=8),"Pass","Fail")) -> Pass | G88: =(IF(E88="","",IF(F88="Fail","F",IF(E88>=80,"A+",IF(E88>=70,"A",IF(E88>=60,"A-",IF(E88>=50,"B",IF(E88>=40,"C",IF(E88>=33,"D","F"))))))))) -> B | H88: =(IF(E88="","",IF(G88="F",0,IF(E88>=80,5,IF(E88>=70,4,IF(E88>=60,3.5,IF(E88>=50,3,IF(E88>=40,2,IF(E88>=33,1,0))))))))) -> 3

Sheet Chemistry
A1: Roll | B1: Marks MCQ | C1: Marks CQ | D1: Practical | E1: Total Marks | F1: Result | G1: Grade | H1: GPA
A2: ='Student Basic Info'!A2 -> 701 | B2: 16 | C2: 33 | D2: 21 | E2: =IF(B2+C2=0, "", B2+C2+D2) -> 70 | F2: =IF(E2="","", IF(AND(B2 >=8,C2>=17,D2>=8),"Pass","Fail")) -> Pass | G2: =(IF(E2="","",IF(F2="Fail","F",IF(E2>=80,"A+",IF(E2>=70,"A",IF(E2>=60,"A-",IF(E2>=50,"B",IF(E2>=40,"C",IF(E2>=33,"D","F"))))))))) -> A | H2: =(IF(E2="","",IF(G2="F",0,IF(E2>=80,5,IF(E2>=70,4,IF(E2>=60,3.5,IF(E2>=50,3,IF(E2>=40,2,IF(E2>=33,1,0))))))))) -> 4
A3: ='Student Basic Info'!A3 -> 702 | E3: =IF(B3+C3=0, "", B3+C3+D3) | F3: =IF(E3="","", IF(AND(B3 >=8,C3>=17,D3>=8),"Pass","Fail")) | G3: =(IF(E3="","",IF(F3="Fail","F",IF(E3>=80,"A+",IF(E3>=70,"A",IF(E3>=60,"A-",IF(E3>=50,"B",IF(E3>=40,"C",IF(E3>=33,"D","F"))))))))) | H3: =(IF(E3="","",IF(G3="F",0,IF(E3>=80,5,IF(E3>=70,4,IF(E3>=60,3.5,IF(E3>=50,3,IF(E3>=40,2,IF(E3>=33,1,0)))))))))
A4: ='Student Basic Info'!A4 -> 703 | E4: =IF(B4+C4=0, "", B4+C4+D4) | F4: =IF(E4="","", IF(AND(B4 >=8,C4>=17,D4>=8),"Pass","Fail")) | G4: =(IF(E4="","",IF(F4="Fail","F",IF(E4>=80,"A+",IF(E4>=70,"A",IF(E4>=60,"A-",IF(E4>=50,"B",IF(E4>=40,"C",IF(E4>=33,"D","F"))))))))) | H4: =(IF(E4="","",IF(G4="F",0,IF(E4>=80,5,IF(E4>=70,4,IF(E4>=60,3.5,IF(E4>=50,3,IF(E4>=40,2,IF(E4>=33,1,0)))))))))
A5: ='Student Basic Info'!A5 -> 704 | B5: 15 | C5: 14 | D5: 10 | E5: =IF(B5+C5=0, "", B5+C5+D5) -> 39 | F5: =IF(E5="","", IF(AND(B5 >=8,C5>=17,D5>=8),"Pass","Fail")) -> Fail | G5: =(IF(E5="","",IF(F5="Fail","F",IF(E5>=80,"A+",IF(E5>=70,"A",IF(E5>=60,"A-",IF(E5>=50,"B",IF(E5>=40,"C",IF(E5>=33,"D","F"))))))))) -> F | H5: =(IF(E5="","",IF(G5="F",0,IF(E5>=80,5,IF(E5>=70,4,IF(E5>=60,3.5,IF(E5>=50,3,IF(E5>=40,2,IF(E5>=33,1,0))))))))) -> 0
A6: ='Student Basic Info'!A6 -> 705 | E6: =IF(B6+C6=0, "", B6+C6+D6) | F6: =IF(E6="","", IF(AND(B6 >=8,C6>=17,D6>=8),"Pass","Fail")) | G6: =(IF(E6="","",IF(F6="Fail","F",IF(E6>=80,"A+",IF(E6>=70,"A",IF(E6>=60,"A-",IF(E6>=50,"B",IF(E6>=40,"C",IF(E6>=33,"D","F"))))))))) | H6: =(IF(E6="","",IF(G6="F",0,IF(E6>=80,5,IF(E6>=70,4,IF(E6>=60,3.5,IF(E6>=50,3,IF(E6>=40,2,IF(E6>=33,1,0)))))))))
A7: ='Student Basic Info'!A7 -> 706 | E7: =IF(B7+C7=0, "", B7+C7+D7) | F7: =IF(E7="","", IF(AND(B7 >=8,C7>=17,D7>=8),"Pass","Fail")) | G7: =(IF(E7="","",IF(F7="Fail","F",IF(E7>=80,"A+",IF(E7>=70,"A",IF(E7>=60,"A-",IF(E7>=50,"B",IF(E7>=40,"C",IF(E7>=33,"D","F"))))))))) | H7: =(IF(E7="","",IF(G7="F",0,IF(E7>=80,5,IF(E7>=70,4,IF(E7>=60,3.5,IF(E7>=50,3,IF(E7>=40,2,IF(E7>=33,1,0)))))))))
A8: ='Student Basic Info'!A8 -> 707 | E8: =IF(B8+C8=0, "", B8+C8+D8) | F8: =IF(E8="","", IF(AND(B8 >=8,C8>=17,D8>=8),"Pass","Fail")) | G8: =(IF(E8="","",IF(F8="Fail","F",IF(E8>=80,"A+",IF(E8>=70,"A",IF(E8>=60,"A-",IF(E8>=50,"B",IF(E8>=40,"C",IF(E8>=33,"D","F"))))))))) | H8: =(IF(E8="","",IF(G8="F",0,IF(E8>=80,5,IF(E8>=70,4,IF(E8>=60,3.5,IF(E8>=50,3,IF(E8>=40,2,IF(E8>=33,1,0)))))))))
A9: ='Student Basic Info'!A9 -> 708 | B9: 16 | C9: 13 | D9: 8 | E9: =IF(B9+C9=0, "", B9+C9+D9) -> 37 | F9: =IF(E9="","", IF(AND(B9 >=8,C9>=17,D9>=8),"Pass","Fail")) -> Fail | G9: =(IF(E9="","",IF(F9="Fail","F",IF(E9>=80,"A+",IF(E9>=70,"A",IF(E9>=60,"A-",IF(E9>=50,"B",IF(E9>=40,"C",IF(E9>=33,"D","F"))))))))) -> F | H9: =(IF(E9="","",IF(G9="F",0,IF(E9>=80,5,IF(E9>=70,4,IF(E9>=60,3.5,IF(E9>=50,3,IF(E9>=40,2,IF(E9>=33,1,0))))))))) -> 0
A10: ='Student Basic Info'!A10 -> 709 | B10: 15 | C10: 11 | D10: 8 | E10: =IF(B10+C10=0, "", B10+C10+D10) -> 34 | F10: =IF(E10="","", IF(AND(B10 >=8,C10>=17,D10>=8),"Pass","Fail")) -> Fail | G10: =(IF(E10="","",IF(F10="Fail","F",IF(E10>=80,"A+",IF(E10>=70,"A",IF(E10>=60,"A-",IF(E10>=50,"B",IF(E10>=40,"C",IF(E10>=33,"D","F"))))))))) -> F | H10: =(IF(E10="","",IF(G10="F",0,IF(E10>=80,5,IF(E10>=70,4,IF(E10>=60,3.5,IF(E10>=50,3,IF(E10>=40,2,IF(E10>=33,1,0))))))))) -> 0
A11: ='Student Basic Info'!A11 -> 710 | B11: 8 | C11: 12 | D11: 9 | E11: =IF(B11+C11=0, "", B11+C11+D11) -> 29 | F11: =IF(E11="","", IF(AND(B11 >=8,C11>=17,D11>=8),"Pass","Fail")) -> Fail | G11: =(IF(E11="","",IF(F11="Fail","F",IF(E11>=80,"A+",IF(E11>=70,"A",IF(E11>=60,"A-",IF(E11>=50,"B",IF(E11>=40,"C",IF(E11>=33,"D","F"))))))))) -> F | H11: =(IF(E11="","",IF(G11="F",0,IF(E11>=80,5,IF(E11>=70,4,IF(E11>=60,3.5,IF(E11>=50,3,IF(E11>=40,2,IF(E11>=33,1,0))))))))) -> 0
A12: ='Student Basic Info'!A12 -> 711 | E12: =IF(B12+C12=0, "", B12+C12+D12) | F12: =IF(E12="","", IF(AND(B12 >=8,C12>=17,D12>=8),"Pass","Fail")) | G12: =(IF(E12="","",IF(F12="Fail","F",IF(E12>=80,"A+",IF(E12>=70,"A",IF(E12>=60,"A-",IF(E12>=50,"B",IF(E12>=40,"C",IF(E12>=33,"D","F"))))))))) | H12: =(IF(E12="","",IF(G12="F",0,IF(E12>=80,5,IF(E12>=70,4,IF(E12>=60,3.5,IF(E12>=50,3,IF(E12>=40,2,IF(E12>=33,1,0)))))))))
A13: ='Student Basic Info'!A13 -> 712 | B13: 16 | C13: 18 | D13: 15 | E13: =IF(B13+C13=0, "", B13+C13+D13) -> 49 | F13: =IF(E13="","", IF(AND(B13 >=8,C13>=17,D13>=8),"Pass","Fail")) -> Pass | G13: =(IF(E13="","",IF(F13="Fail","F",IF(E13>=80,"A+",IF(E13>=70,"A",IF(E13>=60,"A-",IF(E13>=50,"B",IF(E13>=40,"C",IF(E13>=33,"D","F"))))))))) -> C | H13: =(IF(E13="","",IF(G13="F",0,IF(E13>=80,5,IF(E13>=70,4,IF(E13>=60,3.5,IF(E13>=50,3,IF(E13>=40,2,IF(E13>=33,1,0))))))))) -> 2
A14: ='Student Basic Info'!A14 -> 713 | B14: 16 | C14: 24 | D14: 20 | E14: =IF(B14+C14=0, "", B14+C14+D14) -> 60 | F14: =IF(E14="","", IF(AND(B14 >=8,C14>=17,D14>=8),"Pass","Fail")) -> Pass | G14: =(IF(E14="","",IF(F14="Fail","F",IF(E14>=80,"A+",IF(E14>=70,"A",IF(E14>=60,"A-",IF(E14>=50,"B",IF(E14>=40,"C",IF(E14>=33,"D","F"))))))))) -> A- | H14: =(IF(E14="","",IF(G14="F",0,IF(E14>=80,5,IF(E14>=70,4,IF(E14>=60,3.5,IF(E14>=50,3,IF(E14>=40,2,IF(E14>=33,1,0))))))))) -> 3.5
A15: ='Student Basic Info'!A15 -> 714 | B15: 16 | C15: 34 | D15: 20 | E15: =IF(B15+C15=0, "", B15+C15+D15) -> 70 | F15: =IF(E15="","", IF(AND(B15 >=8,C15>=17,D15>=8),"Pass","Fail")) -> Pass | G15: =(IF(E15="","",IF(F15="Fail","F",IF(E15>=80,"A+",IF(E15>=70,"A",IF(E15>=60,"A-",IF(E15>=50,"B",IF(E15>=40,"C",IF(E15>=33,"D","F"))))))))) -> A | H15: =(IF(E15="","",IF(G15="F",0,IF(E15>=80,5,IF(E15>=70,4,IF(E15>=60,3.5,IF(E15>=50,3,IF(E15>=40,2,IF(E15>=33,1,0))))))))) -> 4
A16: ='Student Basic Info'!A16 -> 715 | B16: 15 | C16: 24 | D16: 15 | E16: =IF(B16+C16=0, "", B16+C16+D16) -> 54 | F16: =IF(E16="","", IF(AND(B16 >=8,C16>=17,D16>=8),"Pass","Fail")) -> Pass | G16: =(IF(E16="","",IF(F16="Fail","F",IF(E16>=80,"A+",IF(E16>=70,"A",IF(E16>=60,"A-",IF(E16>=50,"B",IF(E16>=40,"C",IF(E16>=33,"D","F"))))))))) -> B | H16: =(IF(E16="","",IF(G16="F",0,IF(E16>=80,5,IF(E16>=70,4,IF(E16>=60,3.5,IF(E16>=50,3,IF(E16>=40,2,IF(E16>=33,1,0))))))))) -> 3
A17: ='Student Basic Info'!A17 -> 716 | B17: 18 | C17: 24 | D17: 15 | E17: =IF(B17+C17=0, "", B17+C17+D17) -> 57 | F17: =IF(E17="","", IF(AND(B17 >=8,C17>=17,D17>=8),"Pass","Fail")) -> Pass | G17: =(IF(E17="","",IF(F17="Fail","F",IF(E17>=80,"A+",IF(E17>=70,"A",IF(E17>=60,"A-",IF(E17>=50,"B",IF(E17>=40,"C",IF(E17>=33,"D","F"))))))))) -> B | H17: =(IF(E17="","",IF(G17="F",0,IF(E17>=80,5,IF(E17>=70,4,IF(E17>=60,3.5,IF(E17>=50,3,IF(E17>=40,2,IF(E17>=33,1,0))))))))) -> 3
A18: ='Student Basic Info'!A18 -> 717 | B18: 13 | C18: 21 | D18: 9 | E18: =IF(B18+C18=0, "", B18+C18+D18) -> 43 | F18: =IF(E18="","", IF(AND(B18 >=8,C18>=17,D18>=8),"Pass","Fail")) -> Pass | G18: =(IF(E18="","",IF(F18="Fail","F",IF(E18>=80,"A+",IF(E18>=70,"A",IF(E18>=60,"A-",IF(E18>=50,"B",IF(E18>=40,"C",IF(E18>=33,"D","F"))))))))) -> C | H18: =(IF(E18="","",IF(G18="F",0,IF(E18>=80,5,IF(E18>=70,4,IF(E18>=60,3.5,IF(E18>=50,3,IF(E18>=40,2,IF(E18>=33,1,0))))))))) -> 2
A19: ='Student Basic Info'!A19 -> 718 | E19: =IF(B19+C19=0, "", B19+C19+D19) | F19: =IF(E19="","", IF(AND(B19 >=8,C19>=17,D19>=8),"Pass","Fail")) | G19: =(IF(E19="","",IF(F19="Fail","F",IF(E19>=80,"A+",IF(E19>=70,"A",IF(E19>=60,"A-",IF(E19>=50,"B",IF(E19>=40,"C",IF(E19>=33,"D","F"))))))))) | H19: =(IF(E19="","",IF(G19="F",0,IF(E19>=80,5,IF(E19>=70,4,IF(E19>=60,3.5,IF(E19>=50,3,IF(E19>=40,2,IF(E19>=33,1,0)))))))))
A20: ='Student Basic Info'!A20 -> 719 | B20: 15 | C20: 21 | D20: 15 | E20: =IF(B20+C20=0, "", B20+C20+D20) -> 51 | F20: =IF(E20="","", IF(AND(B20 >=8,C20>=17,D20>=8),"Pass","Fail")) -> Pass | G20: =(IF(E20="","",IF(F20="Fail","F",IF(E20>=80,"A+",IF(E20>=70,"A",IF(E20>=60,"A-",IF(E20>=50,"B",IF(E20>=40,"C",IF(E20>=33,"D","F"))))))))) -> B | H20: =(IF(E20="","",IF(G20="F",0,IF(E20>=80,5,IF(E20>=70,4,IF(E20>=60,3.5,IF(E20>=50,3,IF(E20>=40,2,IF(E20>=33,1,0))))))))) -> 3
A21: ='Student Basic Info'!A21 -> 720 | B21: 10 | C21: 15 | D21: 10 | E21: =IF(B21+C21=0, "", B21+C21+D21) -> 35 | F21: =IF(E21="","", IF(AND(B21 >=8,C21>=17,D21>=8),"Pass","Fail")) -> Fail | G21: =(IF(E21="","",IF(F21="Fail","F",IF(E21>=80,"A+",IF(E21>=70,"A",IF(E21>=60,"A-",IF(E21>=50,"B",IF(E21>=40,"C",IF(E21>=33,"D","F"))))))))) -> F | H21: =(IF(E21="","",IF(G21="F",0,IF(E21>=80,5,IF(E21>=70,4,IF(E21>=60,3.5,IF(E21>=50,3,IF(E21>=40,2,IF(E21>=33,1,0))))))))) -> 0
A22: ='Student Basic Info'!A22 -> 721 | E22: =IF(B22+C22=0, "", B22+C22+D22) | F22: =IF(E22="","", IF(AND(B22 >=8,C22>=17,D22>=8),"Pass","Fail")) | G22: =(IF(E22="","",IF(F22="Fail","F",IF(E22>=80,"A+",IF(E22>=70,"A",IF(E22>=60,"A-",IF(E22>=50,"B",IF(E22>=40,"C",IF(E22>=33,"D","F"))))))))) | H22: =(IF(E22="","",IF(G22="F",0,IF(E22>=80,5,IF(E22>=70,4,IF(E22>=60,3.5,IF(E22>=50,3,IF(E22>=40,2,IF(E22>=33,1,0)))))))))
A23: ='Student Basic Info'!A23 -> 722 | B23: 14 | C23: 12 | D23: 8 | E23: =IF(B23+C23=0, "", B23+C23+D23) -> 34 | F23: =IF(E23="","", IF(AND(B23 >=8,C23>=17,D23>=8),"Pass","Fail")) -> Fail | G23: =(IF(E23="","",IF(F23="Fail","F",IF(E23>=80,"A+",IF(E23>=70,"A",IF(E23>=60,"A-",IF(E23>=50,"B",IF(E23>=40,"C",IF(E23>=33,"D","F"))))))))) -> F | H23: =(IF(E23="","",IF(G23="F",0,IF(E23>=80,5,IF(E23>=70,4,IF(E23>=60,3.5,IF(E23>=50,3,IF(E23>=40,2,IF(E23>=33,1,0))))))))) -> 0
A24: ='Student Basic Info'!A24 -> 723 | B24: 19 | C24: 46 | D24: 25 | E24: =IF(B24+C24=0, "", B24+C24+D24) -> 90 | F24: =IF(E24="","", IF(AND(B24 >=8,C24>=17,D24>=8),"Pass","Fail")) -> Pass | G24: =(IF(E24="","",IF(F24="Fail","F",IF(E24>=80,"A+",IF(E24>=70,"A",IF(E24>=60,"A-",IF(E24>=50,"B",IF(E24>=40,"C",IF(E24>=33,"D","F"))))))))) -> A+ | H24: =(IF(E24="","",IF(G24="F",0,IF(E24>=80,5,IF(E24>=70,4,IF(E24>=60,3.5,IF(E24>=50,3,IF(E24>=40,2,IF(E24>=33,1,0))))))))) -> 5
A25: ='Student Basic Info'!A25 -> 724 | B25: 10 | C25: 26 | D25: 15 | E25: =IF(B25+C25=0, "", B25+C25+D25) -> 51 | F25: =IF(E25="","", IF(AND(B25 >=8,C25>=17,D25>=8),"Pass","Fail")) -> Pass | G25: =(IF(E25="","",IF(F25="Fail","F",IF(E25>=80,"A+",IF(E25>=70,"A",IF(E25>=60,"A-",IF(E25>=50,"B",IF(E25>=40,"C",IF(E25>=33,"D","F"))))))))) -> B | H25: =(IF(E25="","",IF(G25="F",0,IF(E25>=80,5,IF(E25>=70,4,IF(E25>=60,3.5,IF(E25>=50,3,IF(E25>=40,2,IF(E25>=33,1,0))))))))) -> 3
A26: ='Student Basic Info'!A26 -> 725 | B26: 14 | C26: 13 | D26: 10 | E26: =IF(B26+C26=0, "", B26+C26+D26) -> 37 | F26: =IF(E26="","", IF(AND(B26 >=8,C26>=17,D26>=8),"Pass","Fail")) -> Fail | G26: =(IF(E26="","",IF(F26="Fail","F",IF(E26>=80,"A+",IF(E26>=70,"A",IF(E26>=60,"A-",IF(E26>=50,"B",IF(E26>=40,"C",IF(E26>=33,"D","F"))))))))) -> F | H26: =(IF(E26="","",IF(G26="F",0,IF(E26>=80,5,IF(E26>=70,4,IF(E26>=60,3.5,IF(E26>=50,3,IF(E26>=40,2,IF(E26>=33,1,0))))))))) -> 0
A27: ='Student Basic Info'!A27 -> 726 | E27: =IF(B27+C27=0, "", B27+C27+D27) | F27: =IF(E27="","", IF(AND(B27 >=8,C27>=17,D27>=8),"Pass","Fail")) | G27: =(IF(E27="","",IF(F27="Fail","F",IF(E27>=80,"A+",IF(E27>=70,"A",IF(E27>=60,"A-",IF(E27>=50,"B",IF(E27>=40,"C",IF(E27>=33,"D","F"))))))))) | H27: =(IF(E27="","",IF(G27="F",0,IF(E27>=80,5,IF(E27>=70,4,IF(E27>=60,3.5,IF(E27>=50,3,IF(E27>=40,2,IF(E27>=33,1,0)))))))))
A28: ='Student Basic Info'!A28 -> 727 | B28: 12 | C28: 17 | D28: 15 | E28: =IF(B28+C28=0, "", B28+C28+D28) -> 44 | F28: =IF(E28="","", IF(AND(B28 >=8,C28>=17,D28>=8),"Pass","Fail")) -> Pass | G28: =(IF(E28="","",IF(F28="Fail","F",IF(E28>=80,"A+",IF(E28>=70,"A",IF(E28>=60,"A-",IF(E28>=50,"B",IF(E28>=40,"C",IF(E28>=33,"D","F"))))))))) -> C | H28: =(IF(E28="","",IF(G28="F",0,IF(E28>=80,5,IF(E28>=70,4,IF(E28>=60,3.5,IF(E28>=50,3,IF(E28>=40,2,IF(E28>=33,1,0))))))))) -> 2
A29: ='Student Basic Info'!A29 -> 728 | B29: 9 | C29: 27 | D29: 16 | E29: =IF(B29+C29=0, "", B29+C29+D29) -> 52 | F29: =IF(E29="","", IF(AND(B29 >=8,C29>=17,D29>=8),"Pass","Fail")) -> Pass | G29: =(IF(E29="","",IF(F29="Fail","F",IF(E29>=80,"A+",IF(E29>=70,"A",IF(E29>=60,"A-",IF(E29>=50,"B",IF(E29>=40,"C",IF(E29>=33,"D","F"))))))))) -> B | H29: =(IF(E29="","",IF(G29="F",0,IF(E29>=80,5,IF(E29>=70,4,IF(E29>=60,3.5,IF(E29>=50,3,IF(E29>=40,2,IF(E29>=33,1,0))))))))) -> 3
A30: ='Student Basic Info'!A30 -> 729 | B30: 8 | C30: 11 | D30: 8 | E30: =IF(B30+C30=0, "", B30+C30+D30) -> 27 | F30: =IF(E30="","", IF(AND(B30 >=8,C30>=17,D30>=8),"Pass","Fail")) -> Fail | G30: =(IF(E30="","",IF(F30="Fail","F",IF(E30>=80,"A+",IF(E30>=70,"A",IF(E30>=60,"A-",IF(E30>=50,"B",IF(E30>=40,"C",IF(E30>=33,"D","F"))))))))) -> F | H30: =(IF(E30="","",IF(G30="F",0,IF(E30>=80,5,IF(E30>=70,4,IF(E30>=60,3.5,IF(E30>=50,3,IF(E30>=40,2,IF(E30>=33,1,0))))))))) -> 0
A31: ='Student Basic Info'!A31 -> 730 | B31: 11 | C31: 14 | D31: 8 | E31: =IF(B31+C31=0, "", B31+C31+D31) -> 33 | F31: =IF(E31="","", IF(AND(B31 >=8,C31>=17,D31>=8),"Pass","Fail")) -> Fail | G31: =(IF(E31="","",IF(F31="Fail","F",IF(E31>=80,"A+",IF(E31>=70,"A",IF(E31>=60,"A-",IF(E31>=50,"B",IF(E31>=40,"C",IF(E31>=33,"D","F"))))))))) -> F | H31: =(IF(E31="","",IF(G31="F",0,IF(E31>=80,5,IF(E31>=70,4,IF(E31>=60,3.5,IF(E31>=50,3,IF(E31>=40,2,IF(E31>=33,1,0))))))))) -> 0
A32: ='Student Basic Info'!A32 -> 731 | B32: 11 | C32: 12 | D32: 8 | E32: =IF(B32+C32=0, "", B32+C32+D32) -> 31 | F32: =IF(E32="","", IF(AND(B32 >=8,C32>=17,D32>=8),"Pass","Fail")) -> Fail | G32: =(IF(E32="","",IF(F32="Fail","F",IF(E32>=80,"A+",IF(E32>=70,"A",IF(E32>=60,"A-",IF(E32>=50,"B",IF(E32>=40,"C",IF(E32>=33,"D","F"))))))))) -> F | H32: =(IF(E32="","",IF(G32="F",0,IF(E32>=80,5,IF(E32>=70,4,IF(E32>=60,3.5,IF(E32>=50,3,IF(E32>=40,2,IF(E32>=33,1,0))))))))) -> 0
A33: ='Student Basic Info'!A33 -> 732 | B33: 9 | C33: 17 | D33: 12 | E33: =IF(B33+C33=0, "", B33+C33+D33) -> 38 | F33: =IF(E33="","", IF(AND(B33 >=8,C33>=17,D33>=8),"Pass","Fail")) -> Pass | G33: =(IF(E33="","",IF(F33="Fail","F",IF(E33>=80,"A+",IF(E33>=70,"A",IF(E33>=60,"A-",IF(E33>=50,"B",IF(E33>=40,"C",IF(E33>=33,"D","F"))))))))) -> D | H33: =(IF(E33="","",IF(G33="F",0,IF(E33>=80,5,IF(E33>=70,4,IF(E33>=60,3.5,IF(E33>=50,3,IF(E33>=40,2,IF(E33>=33,1,0))))))))) -> 1
A34: ='Student Basic Info'!A34 -> 733 | B34: 12 | C34: 13 | D34: 10 | E34: =IF(B34+C34=0, "", B34+C34+D34) -> 35 | F34: =IF(E34="","", IF(AND(B34 >=8,C34>=17,D34>=8),"Pass","Fail")) -> Fail | G34: =(IF(E34="","",IF(F34="Fail","F",IF(E34>=80,"A+",IF(E34>=70,"A",IF(E34>=60,"A-",IF(E34>=50,"B",IF(E34>=40,"C",IF(E34>=33,"D","F"))))))))) -> F | H34: =(IF(E34="","",IF(G34="F",0,IF(E34>=80,5,IF(E34>=70,4,IF(E34>=60,3.5,IF(E34>=50,3,IF(E34>=40,2,IF(E34>=33,1,0))))))))) -> 0
A35: ='Student Basic Info'!A35 -> 734 | B35: 9 | C35: 18 | D35: 12 | E35: =IF(B35+C35=0, "", B35+C35+D35) -> 39 | F35: =IF(E35="","", IF(AND(B35 >=8,C35>=17,D35>=8),"Pass","Fail")) -> Pass | G35: =(IF(E35="","",IF(F35="Fail","F",IF(E35>=80,"A+",IF(E35>=70,"A",IF(E35>=60,"A-",IF(E35>=50,"B",IF(E35>=40,"C",IF(E35>=33,"D","F"))))))))) -> D | H35: =(IF(E35="","",IF(G35="F",0,IF(E35>=80,5,IF(E35>=70,4,IF(E35>=60,3.5,IF(E35>=50,3,IF(E35>=40,2,IF(E35>=33,1,0))))))))) -> 1
A36: ='Student Basic Info'!A36 -> 735 | E36: =IF(B36+C36=0, "", B36+C36+D36) | F36: =IF(E36="","", IF(AND(B36 >=8,C36>=17,D36>=8),"Pass","Fail")) | G36: =(IF(E36="","",IF(F36="Fail","F",IF(E36>=80,"A+",IF(E36>=70,"A",IF(E36>=60,"A-",IF(E36>=50,"B",IF(E36>=40,"C",IF(E36>=33,"D","F"))))))))) | H36: =(IF(E36="","",IF(G36="F",0,IF(E36>=80,5,IF(E36>=70,4,IF(E36>=60,3.5,IF(E36>=50,3,IF(E36>=40,2,IF(E36>=33,1,0)))))))))
A37: ='Student Basic Info'!A37 -> 736 | B37: 9 | C37: 15 | D37: 10 | E37: =IF(B37+C37=0, "", B37+C37+D37) -> 34 | F37: =IF(E37="","", IF(AND(B37 >=8,C37>=17,D37>=8),"Pass","Fail")) -> Fail | G37: =(IF(E37="","",IF(F37="Fail","F",IF(E37>=80,"A+",IF(E37>=70,"A",IF(E37>=60,"A-",IF(E37>=50,"B",IF(E37>=40,"C",IF(E37>=33,"D","F"))))))))) -> F | H37: =(IF(E37="","",IF(G37="F",0,IF(E37>=80,5,IF(E37>=70,4,IF(E37>=60,3.5,IF(E37>=50,3,IF(E37>=40,2,IF(E37>=33,1,0))))))))) -> 0
A38: ='Student Basic Info'!A38 -> 737 | B38: 15 | C38: 14 | D38: 9 | E38: =IF(B38+C38=0, "", B38+C38+D38) -> 38 | F38: =IF(E38="","", IF(AND(B38 >=8,C38>=17,D38>=8),"Pass","Fail")) -> Fail | G38: =(IF(E38="","",IF(F38="Fail","F",IF(E38>=80,"A+",IF(E38>=70,"A",IF(E38>=60,"A-",IF(E38>=50,"B",IF(E38>=40,"C",IF(E38>=33,"D","F"))))))))) -> F | H38: =(IF(E38="","",IF(G38="F",0,IF(E38>=80,5,IF(E38>=70,4,IF(E38>=60,3.5,IF(E38>=50,3,IF(E38>=40,2,IF(E38>=33,1,0))))))))) -> 0
A39: ='Student Basic Info'!A39 -> 738 | B39: 12 | C39: 13 | D39: 9 | E39: =IF(B39+C39=0, "", B39+C39+D39) -> 34 | F39: =IF(E39="","", IF(AND(B39 >=8,C39>=17,D39>=8),"Pass","Fail")) -> Fail | G39: =(IF(E39="","",IF(F39="Fail","F",IF(E39>=80,"A+",IF(E39>=70,"A",IF(E39>=60,"A-",IF(E39>=50,"B",IF(E39>=40,"C",IF(E39>=33,"D","F"))))))))) -> F | H39: =(IF(E39="","",IF(G39="F",0,IF(E39>=80,5,IF(E39>=70,4,IF(E39>=60,3.5,IF(E39>=50,3,IF(E39>=40,2,IF(E39>=33,1,0))))))))) -> 0
A40: ='Student Basic Info'!A40 -> 739 | B40: 12 | C40: 12 | D40: 9 | E40: =IF(B40+C40=0, "", B40+C40+D40) -> 33 | F40: =IF(E40="","", IF(AND(B40 >=8,C40>=17,D40>=8),"Pass","Fail")) -> Fail | G40: =(IF(E40="","",IF(F40="Fail","F",IF(E40>=80,"A+",IF(E40>=70,"A",IF(E40>=60,"A-",IF(E40>=50,"B",IF(E40>=40,"C",IF(E40>=33,"D","F"))))))))) -> F | H40: =(IF(E40="","",IF(G40="F",0,IF(E40>=80,5,IF(E40>=70,4,IF(E40>=60,3.5,IF(E40>=50,3,IF(E40>=40,2,IF(E40>=33,1,0))))))))) -> 0
A41: ='Student Basic Info'!A41 -> 740 | B41: 13 | C41: 20 | D41: 12 | E41: =IF(B41+C41=0, "", B41+C41+D41) -> 45 | F41: =IF(E41="","", IF(AND(B41 >=8,C41>=17,D41>=8),"Pass","Fail")) -> Pass | G41: =(IF(E41="","",IF(F41="Fail","F",IF(E41>=80,"A+",IF(E41>=70,"A",IF(E41>=60,"A-",IF(E41>=50,"B",IF(E41>=40,"C",IF(E41>=33,"D","F"))))))))) -> C | H41: =(IF(E41="","",IF(G41="F",0,IF(E41>=80,5,IF(E41>=70,4,IF(E41>=60,3.5,IF(E41>=50,3,IF(E41>=40,2,IF(E41>=33,1,0))))))))) -> 2
A42: ='Student Basic Info'!A42 -> 741 | B42: 20 | C42: 12 | D42: 20 | E42: =IF(B42+C42=0, "", B42+C42+D42) -> 52 | F42: =IF(E42="","", IF(AND(B42 >=8,C42>=17,D42>=8),"Pass","Fail")) -> Fail | G42: =(IF(E42="","",IF(F42="Fail","F",IF(E42>=80,"A+",IF(E42>=70,"A",IF(E42>=60,"A-",IF(E42>=50,"B",IF(E42>=40,"C",IF(E42>=33,"D","F"))))))))) -> F | H42: =(IF(E42="","",IF(G42="F",0,IF(E42>=80,5,IF(E42>=70,4,IF(E42>=60,3.5,IF(E42>=50,3,IF(E42>=40,2,IF(E42>=33,1,0))))))))) -> 0
A43: ='Student Basic Info'!A43 -> 742 | E43: =IF(B43+C43=0, "", B43+C43+D43) | F43: =IF(E43="","", IF(AND(B43 >=8,C43>=17,D43>=8),"Pass","Fail")) | G43: =(IF(E43="","",IF(F43="Fail","F",IF(E43>=80,"A+",IF(E43>=70,"A",IF(E43>=60,"A-",IF(E43>=50,"B",IF(E43>=40,"C",IF(E43>=33,"D","F"))))))))) | H43: =(IF(E43="","",IF(G43="F",0,IF(E43>=80,5,IF(E43>=70,4,IF(E43>=60,3.5,IF(E43>=50,3,IF(E43>=40,2,IF(E43>=33,1,0)))))))))
A44: ='Student Basic Info'!A44 -> 743 | B44: 10 | C44: 8 | D44: 10 | E44: =IF(B44+C44=0, "", B44+C44+D44) -> 28 | F44: =IF(E44="","", IF(AND(B44 >=8,C44>=17,D44>=8),"Pass","Fail")) -> Fail | G44: =(IF(E44="","",IF(F44="Fail","F",IF(E44>=80,"A+",IF(E44>=70,"A",IF(E44>=60,"A-",IF(E44>=50,"B",IF(E44>=40,"C",IF(E44>=33,"D","F"))))))))) -> F | H44: =(IF(E44="","",IF(G44="F",0,IF(E44>=80,5,IF(E44>=70,4,IF(E44>=60,3.5,IF(E44>=50,3,IF(E44>=40,2,IF(E44>=33,1,0))))))))) -> 0
A45: ='Student Basic Info'!A45 -> 744 | B45: 8 | C45: 9 | D45: 8 | E45: =IF(B45+C45=0, "", B45+C45+D45) -> 25 | F45: =IF(E45="","", IF(AND(B45 >=8,C45>=17,D45>=8),"Pass","Fail")) -> Fail | G45: =(IF(E45="","",IF(F45="Fail","F",IF(E45>=80,"A+",IF(E45>=70,"A",IF(E45>=60,"A-",IF(E45>=50,"B",IF(E45>=40,"C",IF(E45>=33,"D","F"))))))))) -> F | H45: =(IF(E45="","",IF(G45="F",0,IF(E45>=80,5,IF(E45>=70,4,IF(E45>=60,3.5,IF(E45>=50,3,IF(E45>=40,2,IF(E45>=33,1,0))))))))) -> 0
A46: ='Student Basic Info'!A46 -> 745 | B46: 9 | C46: 15 | D46: 8 | E46: =IF(B46+C46=0, "", B46+C46+D46) -> 32 | F46: =IF(E46="","", IF(AND(B46 >=8,C46>=17,D46>=8),"Pass","Fail")) -> Fail | G46: =(IF(E46="","",IF(F46="Fail","F",IF(E46>=80,"A+",IF(E46>=70,"A",IF(E46>=60,"A-",IF(E46>=50,"B",IF(E46>=40,"C",IF(E46>=33,"D","F"))))))))) -> F | H46: =(IF(E46="","",IF(G46="F",0,IF(E46>=80,5,IF(E46>=70,4,IF(E46>=60,3.5,IF(E46>=50,3,IF(E46>=40,2,IF(E46>=33,1,0))))))))) -> 0
A47: ='Student Basic Info'!A47 -> 746 | B47: 10 | C47: 7 | D47: 9 | E47: =IF(B47+C47=0, "", B47+C47+D47) -> 26 | F47: =IF(E47="","", IF(AND(B47 >=8,C47>=17,D47>=8),"Pass","Fail")) -> Fail | G47: =(IF(E47="","",IF(F47="Fail","F",IF(E47>=80,"A+",IF(E47>=70,"A",IF(E47>=60,"A-",IF(E47>=50,"B",IF(E47>=40,"C",IF(E47>=33,"D","F"))))))))) -> F | H47: =(IF(E47="","",IF(G47="F",0,IF(E47>=80,5,IF(E47>=70,4,IF(E47>=60,3.5,IF(E47>=50,3,IF(E47>=40,2,IF(E47>=33,1,0))))))))) -> 0
A48: ='Student Basic Info'!A48 -> 747 | B48: 9 | C48: 11 | D48: 9 | E48: =IF(B48+C48=0, "", B48+C48+D48) -> 29 | F48: =IF(E48="","", IF(AND(B48 >=8,C48>=17,D48>=8),"Pass","Fail")) -> Fail | G48: =(IF(E48="","",IF(F48="Fail","F",IF(E48>=80,"A+",IF(E48>=70,"A",IF(E48>=60,"A-",IF(E48>=50,"B",IF(E48>=40,"C",IF(E48>=33,"D","F"))))))))) -> F | H48: =(IF(E48="","",IF(G48="F",0,IF(E48>=80,5,IF(E48>=70,4,IF(E48>=60,3.5,IF(E48>=50,3,IF(E48>=40,2,IF(E48>=33,1,0))))))))) -> 0
A49: ='Student Basic Info'!A49 -> 748 | B49: 10 | C49: 9 | D49: 10 | E49: =IF(B49+C49=0, "", B49+C49+D49) -> 29 | F49: =IF(E49="","", IF(AND(B49 >=8,C49>=17,D49>=8),"Pass","Fail")) -> Fail | G49: =(IF(E49="","",IF(F49="Fail","F",IF(E49>=80,"A+",IF(E49>=70,"A",IF(E49>=60,"A-",IF(E49>=50,"B",IF(E49>=40,"C",IF(E49>=33,"D","F"))))))))) -> F | H49: =(IF(E49="","",IF(G49="F",0,IF(E49>=80,5,IF(E49>=70,4,IF(E49>=60,3.5,IF(E49>=50,3,IF(E49>=40,2,IF(E49>=33,1,0))))))))) -> 0
A50: ='Student Basic Info'!A50 -> 749 | B50: 10 | C50: 1 | D50: 11 | E50: =IF(B50+C50=0, "", B50+C50+D50) -> 22 | F50: =IF(E50="","", IF(AND(B50 >=8,C50>=17,D50>=8),"Pass","Fail")) -> Fail | G50: =(IF(E50="","",IF(F50="Fail","F",IF(E50>=80,"A+",IF(E50>=70,"A",IF(E50>=60,"A-",IF(E50>=50,"B",IF(E50>=40,"C",IF(E50>=33,"D","F"))))))))) -> F | H50: =(IF(E50="","",IF(G50="F",0,IF(E50>=80,5,IF(E50>=70,4,IF(E50>=60,3.5,IF(E50>=50,3,IF(E50>=40,2,IF(E50>=33,1,0))))))))) -> 0
A51: ='Student Basic Info'!A51 -> 750 | E51: =IF(B51+C51=0, "", B51+C51+D51) | F51: =IF(E51="","", IF(AND(B51 >=8,C51>=17,D51>=8),"Pass","Fail")) | G51: =(IF(E51="","",IF(F51="Fail","F",IF(E51>=80,"A+",IF(E51>=70,"A",IF(E51>=60,"A-",IF(E51>=50,"B",IF(E51>=40,"C",IF(E51>=33,"D","F"))))))))) | H51: =(IF(E51="","",IF(G51="F",0,IF(E51>=80,5,IF(E51>=70,4,IF(E51>=60,3.5,IF(E51>=50,3,IF(E51>=40,2,IF(E51>=33,1,0)))))))))
A52: ='Student Basic Info'!A52 -> 751 | B52: 11 | C52: 11 | D52: 10 | E52: =IF(B52+C52=0, "", B52+C52+D52) -> 32 | F52: =IF(E52="","", IF(AND(B52 >=8,C52>=17,D52>=8),"Pass","Fail")) -> Fail | G52: =(IF(E52="","",IF(F52="Fail","F",IF(E52>=80,"A+",IF(E52>=70,"A",IF(E52>=60,"A-",IF(E52>=50,"B",IF(E52>=40,"C",IF(E52>=33,"D","F"))))))))) -> F | H52: =(IF(E52="","",IF(G52="F",0,IF(E52>=80,5,IF(E52>=70,4,IF(E52>=60,3.5,IF(E52>=50,3,IF(E52>=40,2,IF(E52>=33,1,0))))))))) -> 0
A53: ='Student Basic Info'!A53 -> 752 | E53: =IF(B53+C53=0, "", B53+C53+D53) | F53: =IF(E53="","", IF(AND(B53 >=8,C53>=17,D53>=8),"Pass","Fail")) | G53: =(IF(E53="","",IF(F53="Fail","F",IF(E53>=80,"A+",IF(E53>=70,"A",IF(E53>=60,"A-",IF(E53>=50,"B",IF(E53>=40,"C",IF(E53>=33,"D","F"))))))))) | H53: =(IF(E53="","",IF(G53="F",0,IF(E53>=80,5,IF(E53>=70,4,IF(E53>=60,3.5,IF(E53>=50,3,IF(E53>=40,2,IF(E53>=33,1,0)))))))))
A54: ='Student Basic Info'!A54 -> 753 | B54: 16 | C54: 11 | D54: 8 | E54: =IF(B54+C54=0, "", B54+C54+D54) -> 35 | F54: =IF(E54="","", IF(AND(B54 >=8,C54>=17,D54>=8),"Pass","Fail")) -> Fail | G54: =(IF(E54="","",IF(F54="Fail","F",IF(E54>=80,"A+",IF(E54>=70,"A",IF(E54>=60,"A-",IF(E54>=50,"B",IF(E54>=40,"C",IF(E54>=33,"D","F"))))))))) -> F | H54: =(IF(E54="","",IF(G54="F",0,IF(E54>=80,5,IF(E54>=70,4,IF(E54>=60,3.5,IF(E54>=50,3,IF(E54>=40,2,IF(E54>=33,1,0))))))))) -> 0
A55: ='Student Basic Info'!A55 -> 754 | B55: 14 | C55: 13 | D55: 8 | E55: =IF(B55+C55=0, "", B55+C55+D55) -> 35 | F55: =IF(E55="","", IF(AND(B55 >=8,C55>=17,D55>=8),"Pass","Fail")) -> Fail | G55: =(IF(E55="","",IF(F55="Fail","F",IF(E55>=80,"A+",IF(E55>=70,"A",IF(E55>=60,"A-",IF(E55>=50,"B",IF(E55>=40,"C",IF(E55>=33,"D","F"))))))))) -> F | H55: =(IF(E55="","",IF(G55="F",0,IF(E55>=80,5,IF(E55>=70,4,IF(E55>=60,3.5,IF(E55>=50,3,IF(E55>=40,2,IF(E55>=33,1,0))))))))) -> 0
A56: ='Student Basic Info'!A56 -> 755 | B56: 7 | C56: 1 | D56: 8 | E56: =IF(B56+C56=0, "", B56+C56+D56) -> 16 | F56: =IF(E56="","", IF(AND(B56 >=8,C56>=17,D56>=8),"Pass","Fail")) -> Fail | G56: =(IF(E56="","",IF(F56="Fail","F",IF(E56>=80,"A+",IF(E56>=70,"A",IF(E56>=60,"A-",IF(E56>=50,"B",IF(E56>=40,"C",IF(E56>=33,"D","F"))))))))) -> F | H56: =(IF(E56="","",IF(G56="F",0,IF(E56>=80,5,IF(E56>=70,4,IF(E56>=60,3.5,IF(E56>=50,3,IF(E56>=40,2,IF(E56>=33,1,0))))))))) -> 0
A57: ='Student Basic Info'!A57 -> 756 | B57: 16 | C57: 11 | D57: 10 | E57: =IF(B57+C57=0, "", B57+C57+D57) -> 37 | F57: =IF(E57="","", IF(AND(B57 >=8,C57>=17,D57>=8),"Pass","Fail")) -> Fail | G57: =(IF(E57="","",IF(F57="Fail","F",IF(E57>=80,"A+",IF(E57>=70,"A",IF(E57>=60,"A-",IF(E57>=50,"B",IF(E57>=40,"C",IF(E57>=33,"D","F"))))))))) -> F | H57: =(IF(E57="","",IF(G57="F",0,IF(E57>=80,5,IF(E57>=70,4,IF(E57>=60,3.5,IF(E57>=50,3,IF(E57>=40,2,IF(E57>=33,1,0))))))))) -> 0
A58: ='Student Basic Info'!A58 -> 757 | B58: 16 | C58: 6 | D58: 10 | E58: =IF(B58+C58=0, "", B58+C58+D58) -> 32 | F58: =IF(E58="","", IF(AND(B58 >=8,C58>=17,D58>=8),"Pass","Fail")) -> Fail | G58: =(IF(E58="","",IF(F58="Fail","F",IF(E58>=80,"A+",IF(E58>=70,"A",IF(E58>=60,"A-",IF(E58>=50,"B",IF(E58>=40,"C",IF(E58>=33,"D","F"))))))))) -> F | H58: =(IF(E58="","",IF(G58="F",0,IF(E58>=80,5,IF(E58>=70,4,IF(E58>=60,3.5,IF(E58>=50,3,IF(E58>=40,2,IF(E58>=33,1,0))))))))) -> 0
A59: ='Student Basic Info'!A59 -> 758 | B59: 18 | C59: 12 | D59: 8 | E59: =IF(B59+C59=0, "", B59+C59+D59) -> 38 | F59: =IF(E59="","", IF(AND(B59 >=8,C59>=17,D59>=8),"Pass","Fail")) -> Fail | G59: =(IF(E59="","",IF(F59="Fail","F",IF(E59>=80,"A+",IF(E59>=70,"A",IF(E59>=60,"A-",IF(E59>=50,"B",IF(E59>=40,"C",IF(E59>=33,"D","F"))))))))) -> F | H59: =(IF(E59="","",IF(G59="F",0,IF(E59>=80,5,IF(E59>=70,4,IF(E59>=60,3.5,IF(E59>=50,3,IF(E59>=40,2,IF(E59>=33,1,0))))))))) -> 0
A60: ='Student Basic Info'!A60 -> 759 | B60: 18 | C60: 41 | D60: 25 | E60: =IF(B60+C60=0, "", B60+C60+D60) -> 84 | F60: =IF(E60="","", IF(AND(B60 >=8,C60>=17,D60>=8),"Pass","Fail")) -> Pass | G60: =(IF(E60="","",IF(F60="Fail","F",IF(E60>=80,"A+",IF(E60>=70,"A",IF(E60>=60,"A-",IF(E60>=50,"B",IF(E60>=40,"C",IF(E60>=33,"D","F"))))))))) -> A+ | H60: =(IF(E60="","",IF(G60="F",0,IF(E60>=80,5,IF(E60>=70,4,IF(E60>=60,3.5,IF(E60>=50,3,IF(E60>=40,2,IF(E60>=33,1,0))))))))) -> 5
A61: ='Student Basic Info'!A61 -> 760 | B61: 16 | C61: 21 | D61: 15 | E61: =IF(B61+C61=0, "", B61+C61+D61) -> 52 | F61: =IF(E61="","", IF(AND(B61 >=8,C61>=17,D61>=8),"Pass","Fail")) -> Pass | G61: =(IF(E61="","",IF(F61="Fail","F",IF(E61>=80,"A+",IF(E61>=70,"A",IF(E61>=60,"A-",IF(E61>=50,"B",IF(E61>=40,"C",IF(E61>=33,"D","F"))))))))) -> B | H61: =(IF(E61="","",IF(G61="F",0,IF(E61>=80,5,IF(E61>=70,4,IF(E61>=60,3.5,IF(E61>=50,3,IF(E61>=40,2,IF(E61>=33,1,0))))))))) -> 3
A62: ='Student Basic Info'!A62 -> 761 | E62: =IF(B62+C62=0, "", B62+C62+D62) | F62: =IF(E62="","", IF(AND(B62 >=8,C62>=17,D62>=8),"Pass","Fail")) | G62: =(IF(E62="","",IF(F62="Fail","F",IF(E62>=80,"A+",IF(E62>=70,"A",IF(E62>=60,"A-",IF(E62>=50,"B",IF(E62>=40,"C",IF(E62>=33,"D","F"))))))))) | H62: =(IF(E62="","",IF(G62="F",0,IF(E62>=80,5,IF(E62>=70,4,IF(E62>=60,3.5,IF(E62>=50,3,IF(E62>=40,2,IF(E62>=33,1,0)))))))))
A63: ='Student Basic Info'!A63 -> 762 | B63: 12 | C63: 21 | D63: 15 | E63: =IF(B63+C63=0, "", B63+C63+D63) -> 48 | F63: =IF(E63="","", IF(AND(B63 >=8,C63>=17,D63>=8),"Pass","Fail")) -> Pass | G63: =(IF(E63="","",IF(F63="Fail","F",IF(E63>=80,"A+",IF(E63>=70,"A",IF(E63>=60,"A-",IF(E63>=50,"B",IF(E63>=40,"C",IF(E63>=33,"D","F"))))))))) -> C | H63: =(IF(E63="","",IF(G63="F",0,IF(E63>=80,5,IF(E63>=70,4,IF(E63>=60,3.5,IF(E63>=50,3,IF(E63>=40,2,IF(E63>=33,1,0))))))))) -> 2
A64: ='Student Basic Info'!A64 -> 763 | B64: 17 | C64: 20 | D64: 15 | E64: =IF(B64+C64=0, "", B64+C64+D64) -> 52 | F64: =IF(E64="","", IF(AND(B64 >=8,C64>=17,D64>=8),"Pass","Fail")) -> Pass | G64: =(IF(E64="","",IF(F64="Fail","F",IF(E64>=80,"A+",IF(E64>=70,"A",IF(E64>=60,"A-",IF(E64>=50,"B",IF(E64>=40,"C",IF(E64>=33,"D","F"))))))))) -> B | H64: =(IF(E64="","",IF(G64="F",0,IF(E64>=80,5,IF(E64>=70,4,IF(E64>=60,3.5,IF(E64>=50,3,IF(E64>=40,2,IF(E64>=33,1,0))))))))) -> 3
A65: ='Student Basic Info'!A65 -> 764 | B65: 11 | C65: 11 | D65: 9 | E65: =IF(B65+C65=0, "", B65+C65+D65) -> 31 | F65: =IF(E65="","", IF(AND(B65 >=8,C65>=17,D65>=8),"Pass","Fail")) -> Fail | G65: =(IF(E65="","",IF(F65="Fail","F",IF(E65>=80,"A+",IF(E65>=70,"A",IF(E65>=60,"A-",IF(E65>=50,"B",IF(E65>=40,"C",IF(E65>=33,"D","F"))))))))) -> F | H65: =(IF(E65="","",IF(G65="F",0,IF(E65>=80,5,IF(E65>=70,4,IF(E65>=60,3.5,IF(E65>=50,3,IF(E65>=40,2,IF(E65>=33,1,0))))))))) -> 0
A66: ='Student Basic Info'!A66 -> 765 | B66: 15 | C66: 35 | D66: 25 | E66: =IF(B66+C66=0, "", B66+C66+D66) -> 75 | F66: =IF(E66="","", IF(AND(B66 >=8,C66>=17,D66>=8),"Pass","Fail")) -> Pass | G66: =(IF(E66="","",IF(F66="Fail","F",IF(E66>=80,"A+",IF(E66>=70,"A",IF(E66>=60,"A-",IF(E66>=50,"B",IF(E66>=40,"C",IF(E66>=33,"D","F"))))))))) -> A | H66: =(IF(E66="","",IF(G66="F",0,IF(E66>=80,5,IF(E66>=70,4,IF(E66>=60,3.5,IF(E66>=50,3,IF(E66>=40,2,IF(E66>=33,1,0))))))))) -> 4
A67: ='Student Basic Info'!A67 -> 766 | B67: 9 | C67: 31 | D67: 20 | E67: =IF(B67+C67=0, "", B67+C67+D67) -> 60 | F67: =IF(E67="","", IF(AND(B67 >=8,C67>=17,D67>=8),"Pass","Fail")) -> Pass | G67: =(IF(E67="","",IF(F67="Fail","F",IF(E67>=80,"A+",IF(E67>=70,"A",IF(E67>=60,"A-",IF(E67>=50,"B",IF(E67>=40,"C",IF(E67>=33,"D","F"))))))))) -> A- | H67: =(IF(E67="","",IF(G67="F",0,IF(E67>=80,5,IF(E67>=70,4,IF(E67>=60,3.5,IF(E67>=50,3,IF(E67>=40,2,IF(E67>=33,1,0))))))))) -> 3.5
A68: ='Student Basic Info'!A68 -> 767 | B68: 12 | C68: 26 | D68: 16 | E68: =IF(B68+C68=0, "", B68+C68+D68) -> 54 | F68: =IF(E68="","", IF(AND(B68 >=8,C68>=17,D68>=8),"Pass","Fail")) -> Pass | G68: =(IF(E68="","",IF(F68="Fail","F",IF(E68>=80,"A+",IF(E68>=70,"A",IF(E68>=60,"A-",IF(E68>=50,"B",IF(E68>=40,"C",IF(E68>=33,"D","F"))))))))) -> B | H68: =(IF(E68="","",IF(G68="F",0,IF(E68>=80,5,IF(E68>=70,4,IF(E68>=60,3.5,IF(E68>=50,3,IF(E68>=40,2,IF(E68>=33,1,0))))))))) -> 3
A69: ='Student Basic Info'!A69 -> 768 | B69: 5 | C69: 3 | D69: 10 | E69: =IF(B69+C69=0, "", B69+C69+D69) -> 18 | F69: =IF(E69="","", IF(AND(B69 >=8,C69>=17,D69>=8),"Pass","Fail")) -> Fail | G69: =(IF(E69="","",IF(F69="Fail","F",IF(E69>=80,"A+",IF(E69>=70,"A",IF(E69>=60,"A-",IF(E69>=50,"B",IF(E69>=40,"C",IF(E69>=33,"D","F"))))))))) -> F | H69: =(IF(E69="","",IF(G69="F",0,IF(E69>=80,5,IF(E69>=70,4,IF(E69>=60,3.5,IF(E69>=50,3,IF(E69>=40,2,IF(E69>=33,1,0))))))))) -> 0
A70: ='Student Basic Info'!A70 -> 769 | B70: 8 | C70: 7 | D70: 8 | E70: =IF(B70+C70=0, "", B70+C70+D70) -> 23 | F70: =IF(E70="","", IF(AND(B70 >=8,C70>=17,D70>=8),"Pass","Fail")) -> Fail | G70: =(IF(E70="","",IF(F70="Fail","F",IF(E70>=80,"A+",IF(E70>=70,"A",IF(E70>=60,"A-",IF(E70>=50,"B",IF(E70>=40,"C",IF(E70>=33,"D","F"))))))))) -> F | H70: =(IF(E70="","",IF(G70="F",0,IF(E70>=80,5,IF(E70>=70,4,IF(E70>=60,3.5,IF(E70>=50,3,IF(E70>=40,2,IF(E70>=33,1,0))))))))) -> 0
A71: ='Student Basic Info'!A71 -> 770 | E71: =IF(B71+C71=0, "", B71+C71+D71) | F71: =IF(E71="","", IF(AND(B71 >=8,C71>=17,D71>=8),"Pass","Fail")) | G71: =(IF(E71="","",IF(F71="Fail","F",IF(E71>=80,"A+",IF(E71>=70,"A",IF(E71>=60,"A-",IF(E71>=50,"B",IF(E71>=40,"C",IF(E71>=33,"D","F"))))))))) | H71: =(IF(E71="","",IF(G71="F",0,IF(E71>=80,5,IF(E71>=70,4,IF(E71>=60,3.5,IF(E71>=50,3,IF(E71>=40,2,IF(E71>=33,1,0)))))))))
A72: ='Student Basic Info'!A72 -> 771 | E72: =IF(B72+C72=0, "", B72+C72+D72) | F72: =IF(E72="","", IF(AND(B72 >=8,C72>=17,D72>=8),"Pass","Fail")) | G72: =(IF(E72="","",IF(F72="Fail","F",IF(E72>=80,"A+",IF(E72>=70,"A",IF(E72>=60,"A-",IF(E72>=50,"B",IF(E72>=40,"C",IF(E72>=33,"D","F"))))))))) | H72: =(IF(E72="","",IF(G72="F",0,IF(E72>=80,5,IF(E72>=70,4,IF(E72>=60,3.5,IF(E72>=50,3,IF(E72>=40,2,IF(E72>=33,1,0)))))))))
A73: ='Student Basic Info'!A73 -> 772 | E73: =IF(B73+C73=0, "", B73+C73+D73) | F73: =IF(E73="","", IF(AND(B73 >=8,C73>=17,D73>=8),"Pass","Fail")) | G73: =(IF(E73="","",IF(F73="Fail","F",IF(E73>=80,"A+",IF(E73>=70,"A",IF(E73>=60,"A-",IF(E73>=50,"B",IF(E73>=40,"C",IF(E73>=33,"D","F"))))))))) | H73: =(IF(E73="","",IF(G73="F",0,IF(E73>=80,5,IF(E73>=70,4,IF(E73>=60,3.5,IF(E73>=50,3,IF(E73>=40,2,IF(E73>=33,1,0)))))))))
A74: ='Student Basic Info'!A74 -> 773 | E74: =IF(B74+C74=0, "", B74+C74+D74) | F74: =IF(E74="","", IF(AND(B74 >=8,C74>=17,D74>=8),"Pass","Fail")) | G74: =(IF(E74="","",IF(F74="Fail","F",IF(E74>=80,"A+",IF(E74>=70,"A",IF(E74>=60,"A-",IF(E74>=50,"B",IF(E74>=40,"C",IF(E74>=33,"D","F"))))))))) | H74: =(IF(E74="","",IF(G74="F",0,IF(E74>=80,5,IF(E74>=70,4,IF(E74>=60,3.5,IF(E74>=50,3,IF(E74>=40,2,IF(E74>=33,1,0)))))))))
A75: ='Student Basic Info'!A75 -> 774 | B75: 10 | C75: 3 | D75: 8 | E75: =IF(B75+C75=0, "", B75+C75+D75) -> 21 | F75: =IF(E75="","", IF(AND(B75 >=8,C75>=17,D75>=8),"Pass","Fail")) -> Fail | G75: =(IF(E75="","",IF(F75="Fail","F",IF(E75>=80,"A+",IF(E75>=70,"A",IF(E75>=60,"A-",IF(E75>=50,"B",IF(E75>=40,"C",IF(E75>=33,"D","F"))))))))) -> F | H75: =(IF(E75="","",IF(G75="F",0,IF(E75>=80,5,IF(E75>=70,4,IF(E75>=60,3.5,IF(E75>=50,3,IF(E75>=40,2,IF(E75>=33,1,0))))))))) -> 0
A76: ='Student Basic Info'!A76 -> 775 | E76: =IF(B76+C76=0, "", B76+C76+D76) | F76: =IF(E76="","", IF(AND(B76 >=8,C76>=17,D76>=8),"Pass","Fail")) | G76: =(IF(E76="","",IF(F76="Fail","F",IF(E76>=80,"A+",IF(E76>=70,"A",IF(E76>=60,"A-",IF(E76>=50,"B",IF(E76>=40,"C",IF(E76>=33,"D","F"))))))))) | H76: =(IF(E76="","",IF(G76="F",0,IF(E76>=80,5,IF(E76>=70,4,IF(E76>=60,3.5,IF(E76>=50,3,IF(E76>=40,2,IF(E76>=33,1,0)))))))))
A77: ='Student Basic Info'!A77 -> 776 | B77: 6 | C77: 0 | D77: 8 | E77: =IF(B77+C77=0, "", B77+C77+D77) -> 14 | F77: =IF(E77="","", IF(AND(B77 >=8,C77>=17,D77>=8),"Pass","Fail")) -> Fail | G77: =(IF(E77="","",IF(F77="Fail","F",IF(E77>=80,"A+",IF(E77>=70,"A",IF(E77>=60,"A-",IF(E77>=50,"B",IF(E77>=40,"C",IF(E77>=33,"D","F"))))))))) -> F | H77: =(IF(E77="","",IF(G77="F",0,IF(E77>=80,5,IF(E77>=70,4,IF(E77>=60,3.5,IF(E77>=50,3,IF(E77>=40,2,IF(E77>=33,1,0))))))))) -> 0
A78: ='Student Basic Info'!A78 -> 777 | E78: =IF(B78+C78=0, "", B78+C78+D78) | F78: =IF(E78="","", IF(AND(B78 >=8,C78>=17,D78>=8),"Pass","Fail")) | G78: =(IF(E78="","",IF(F78="Fail","F",IF(E78>=80,"A+",IF(E78>=70,"A",IF(E78>=60,"A-",IF(E78>=50,"B",IF(E78>=40,"C",IF(E78>=33,"D","F"))))))))) | H78: =(IF(E78="","",IF(G78="F",0,IF(E78>=80,5,IF(E78>=70,4,IF(E78>=60,3.5,IF(E78>=50,3,IF(E78>=40,2,IF(E78>=33,1,0)))))))))
A79: ='Student Basic Info'!A79 -> 778 | E79: =IF(B79+C79=0, "", B79+C79+D79) | F79: =IF(E79="","", IF(AND(B79 >=8,C79>=17,D79>=8),"Pass","Fail")) | G79: =(IF(E79="","",IF(F79="Fail","F",IF(E79>=80,"A+",IF(E79>=70,"A",IF(E79>=60,"A-",IF(E79>=50,"B",IF(E79>=40,"C",IF(E79>=33,"D","F"))))))))) | H79: =(IF(E79="","",IF(G79="F",0,IF(E79>=80,5,IF(E79>=70,4,IF(E79>=60,3.5,IF(E79>=50,3,IF(E79>=40,2,IF(E79>=33,1,0)))))))))
A80: ='Student Basic Info'!A80 -> 779 | B80: 7 | C80: 3 | D80: 8 | E80: =IF(B80+C80=0, "", B80+C80+D80) -> 18 | F80: =IF(E80="","", IF(AND(B80 >=8,C80>=17,D80>=8),"Pass","Fail")) -> Fail | G80: =(IF(E80="","",IF(F80="Fail","F",IF(E80>=80,"A+",IF(E80>=70,"A",IF(E80>=60,"A-",IF(E80>=50,"B",IF(E80>=40,"C",IF(E80>=33,"D","F"))))))))) -> F | H80: =(IF(E80="","",IF(G80="F",0,IF(E80>=80,5,IF(E80>=70,4,IF(E80>=60,3.5,IF(E80>=50,3,IF(E80>=40,2,IF(E80>=33,1,0))))))))) -> 0
A81: ='Student Basic Info'!A81 -> 780 | B81: 15 | C81: 0 | D81: 8 | E81: =IF(B81+C81=0, "", B81+C81+D81) -> 23 | F81: =IF(E81="","", IF(AND(B81 >=8,C81>=17,D81>=8),"Pass","Fail")) -> Fail | G81: =(IF(E81="","",IF(F81="Fail","F",IF(E81>=80,"A+",IF(E81>=70,"A",IF(E81>=60,"A-",IF(E81>=50,"B",IF(E81>=40,"C",IF(E81>=33,"D","F"))))))))) -> F | H81: =(IF(E81="","",IF(G81="F",0,IF(E81>=80,5,IF(E81>=70,4,IF(E81>=60,3.5,IF(E81>=50,3,IF(E81>=40,2,IF(E81>=33,1,0))))))))) -> 0
