Workbook

Sheet Introduction
D8: RESULT PROCESSING SYSTEM Developed by ALI HOSSAIN
D9: BSc. in Computer Science & Enginnering, University of Chittagong
D10: Lecturer in Information & Communication Technology, Bamni Degree College

Sheet Inputs
A2: Title of Exam | C2: First Year - Term Exam 2024
A4: Number of Science Students
A6: Number of Commerce Students
A8: Number of Arts Students
A10: Total Number of Students | C10: =C4+C6+C8 -> 0
A12: MCQ Mark | C12: 25
A14: CQ Mark | C14: 50
A16: Practical Mark | C16: 25
A18: Total Marks | C18: =C12+C14+C16 -> 100

Sheet Sheet1
A1: Group | B1: Roll | C1: Subject1 | D1: Subject2 | E1: Subject3 | F1: Subject4
A2: Science | B2: 701
A3: Science | B3: 702
A4: Science | B4: 703
A5: Science | B5: 704
A6: Science | B6: 705
A7: Science | B7: 706
A8: Science | B8: 707
A9: Science | B9: 708
A10: Science | B10: 709
A11: Science | B11: 710
A12: Commerce
A13: Commerce
A14: Commerce
A15: Commerce
A16: Commerce
A17: Arts
A18: Arts
A19: Arts
A20: Arts
A21: Arts

Sheet Student Basic Info
A1: ID | B1: Group | C1: Name | D1: Father | E1: Mother | F1: Gender | G1: Religion | H1: Address | I1: Contact | J1: Session | K1: Remarks
A2: 101 | B2: Humanities | C2: Sazzad Hossain | D2: Sana Ullah | E2: Jesmin Aktar | F2: Male | G2: Islam | H2: Bamni Bank Road, Companiganj, Noakhali | I2: 1837251716 | J2: 2023-24
A3: 102 | B3: Humanities | C3: Bibi Marium | D3: Kamal Hossain | E3: Osima Begum | F3: Female | G3: Islam | H3: Bamni Bank Road, Companiganj, Noakhali | I3: 1822723930 | J3: 2023-24
A4: 103 | B4: Humanities | C4: Razib Hossain Raju | D4: Kamal Uddin | E4: Zahanara Begum | F4: Male | G4: Islam | H4: Bamni Bank Road, Companiganj, Noakhali | I4: 1879445931 | J4: 2023-24
A5: 104 | B5: Humanities | C5: Bibi Fatema | D5: Oli Ullah | E5: Rokeya Begum | F5: Female | G5: Islam | H5: Bamni Bank Road, Companiganj, Noakhali | I5: 1817409545 | J5: 2023-24
A6: 105 | B6: Humanities | C6: Bibi Kulsum | D6: Saleh Ahmed | E6: Anjuman Ara Begum | F6: Female | G6: Islam | H6: Bamni Bank Road, Companiganj, Noakhali | I6: 1859507326 | J6: 2023-24
A7: 106 | B7: Humanities | C7: Nowshin Sultana | D7: Md. Mohshin | E7: Nahid Sultana | F7: Female | G7: Islam | H7: Bamni Bank Road, Companiganj, Noakhali | I7: 1717090400 | J7: 2023-24
A8: 107 | B8: Humanities | C8: Imtiaj Islam | D8: Rafiqul Islam | E8: Nur Nahar | F8: Male | G8: Islam | H8: Bamni Bank Road, Companiganj, Noakhali | I8: 186988607 | J8: 2023-24
A9: 108 | B9: Humanities | C9: Tanjila Zahan | D9: Nur Mommad | E9: Marzahan Begum | F9: Female | G9: Islam | H9: Bamni Bank Road, Companiganj, Noakhali | I9: 1740047174 | J9: 2023-24
A10: 109 | B10: Humanities | C10: Hajera Khatun | D10: Md. Ismail | E10: Sultana Aktar | F10: Female | G10: Islam | H10: Bamni Bank Road, Companiganj, Noakhali | J10: 2023-24
A11: 110 | B11: Humanities | C11: Israt Ara Tumpa | D11: Md. Zohir Uddin | E11: Zannatul Ferdaus Ara | F11: Female | G11: Islam | H11: Bamni Bank Road, Companiganj, Noakhali | I11: 1840636907 | J11: 2023-24
A12: 111 | B12: Humanities | C12: Faojia Nowshin Tisha | D12: Zahangir Alom | E12: Nasima Aktar Banu | F12: Female | G12: Islam | H12: Bamni Bank Road, Companiganj, Noakhali | I12: 1818416684 | J12: 2023-24
A13: 112 | B13: Humanities | C13: Bibi Rohima Khatun | D13: Md. Belal Hossain | E13: Fatema Khatun | F13: Female | G13: Islam | H13: Bamni Bank Road, Companiganj, Noakhali | I13: 1858154588 | J13: 2023-24
A14: 113 | B14: Humanities | C14: Sarmina Aktar Aalma | D14: Golam Mowla | E14: Anowara Begum | F14: Female | G14: Islam | H14: Bamni Bank Road, Companiganj, Noakhali | I14: 1880636919 | J14: 2023-24
A15: 114 | B15: Humanities | C15: Belayet Hossain | D15: Aiyub Ali | E15: Bodra Begum | F15: Male | G15: Islam | H15: Bamni Bank Road, Companiganj, Noakhali | I15: 1832881444 | J15: 2023-24
A16: 115 | B16: Humanities | C16: Nur Zahan Aktar | D16: Abu Taher | E16: Fatema Begum | F16: Female | G16: Islam | H16: Bamni Bank Road, Companiganj, Noakhali | I16: 1819782369 | J16: 2023-24
A17: 116 | B17: Humanities | C17: Sabrina Lor Maha | D17: Shahab Uddin | E17: Sokina Khatun Sheuly | F17: Female | G17: Islam | H17: Bamni Bank Road, Companiganj, Noakhali | I17: 1612940023 | J17: 2023-24
A18: 117 | B18: Humanities | C18: Saima Islam | D18: Saiful Islam | E18: Ismot Zahan | F18: Female | G18: Islam | H18: Bamni Bank Road, Companiganj, Noakhali | I18: 1850711042 | J18: 2023-24
A19: 118 | B19: Humanities | C19: Sanzida Siddik Nitu | D19: Kamruzzaman Siddik | E19: Shamsunnahar Bokul | F19: Female | G19: Islam | H19: Bamni Bank Road, Companiganj, Noakhali | I19: 18317051404 | J19: 2023-24
A20: 119 | B20: Humanities | C20: Khaja Nazim Uddin Haidar | D20: Zohirul Haidar | E20: Hosne Ara Begum | F20: Male | G20: Islam | H20: Bamni Bank Road, Companiganj, Noakhali | I20: 1822213362 | J20: 2023-24
A21: 120 | B21: Humanities | C21: Imran Farhad Shakil | D21: Ahsan Ullah | E21: Khotiza Khatun | F21: Male | G21: Islam | H21: Bamni Bank Road, Companiganj, Noakhali | I21: 1873749023 | J21: 2023-24
A22: 121 | B22: Humanities | C22: Nur Hasan | D22: Nur Uddin | E22: Rahela Aktar | F22: Male | G22: Islam | H22: Bamni Bank Road, Companiganj, Noakhali | I22: 1878012390 | J22: 2023-25
... A77: 176 | B77: Humanities | C77: Fawzia Hossain Payel | D77: Mohammad Belal Hossain | E77: Parvin Aktar | F77: Female | G77: Islam | H77: Bamni Bank Road, Companiganj, Noakhali | I77: 1799881922 | J77: 2023-24
A78: 177 | B78: Humanities | C78: Sadia Sultana Iqra | D78: Sala Uddin | E78: Anjumanara Begum | F78: Female | G78: Islam | H78: Bamni Bank Road, Companiganj, Noakhali | I78: 01859-687342 | J78: 2023-24
A79: 178 | B79: Humanities | C79: Ahammad Zariful Islam | D79: Md. Main Uddin | E79: Shirin Aktar | F79: Male | G79: Islam | H79: Bamni Bank Road, Companiganj, Noakhali | I79: 1823851566 | J79: 2023-24
A80: 179 | B80: Humanities | C80: Tanha Farzin Siddik | D80: Kawsar Ahmed | E80: Jesmin Aktar | F80: Female | G80: Islam | H80: Bamni Bank Road, Companiganj, Noakhali | I80: 1612849441 | J80: 2023-24
A81: 180 | B81: Humanities | C81: Arafat Sultana | D81: Rafiq Ullah | E81: Nazmun Nahar | F81: Female | G81: Islam | H81: Bamni Bank Road, Companiganj, Noakhali | I81: 1833264076 | J81: 2023-24
A82: 181 | B82: Humanities | C82: Sanzida Sultana | D82: Abdul Malek | E82: Shahena Aktar | F82: Female | G82: Islam | H82: Bamni Bank Road, Companiganj, Noakhali | I82: 1612846643 | J82: 2023-24
A83: 182 | B83: Humanities | C83: Samiya Mehanaz | D83: Saiful Islam | E83: Halima Khatun | F83: Female | G83: Islam | H83: Bamni Bank Road, Companiganj, Noakhali | I83: 1882099435 | J83: 2023-24
A84: 183 | B84: Humanities | C84: Zannatul Tanzila | D84: Mohammad Moin Uddin | E84: Zannatul Ferdous | F84: Female | G84: Islam | H84: Bamni Bank Road, Companiganj, Noakhali | J84: 2023-24
A85: 184 | B85: Humanities | C85: Zoinob Aktar | D85: Ahammal Ullah | E85: Nur Zahan Begum | F85: Female | G85: Islam | H85: Bamni Bank Road, Companiganj, Noakhali | J85: 2023-24
A86: 185 | B86: Humanities | C86: Zannatul Nayem | D86: Mohammad Delower Hossain | E86: Kohinur Begum | F86: Female | G86: Islam | H86: Bamni Bank Road, Companiganj, Noakhali | J86: 2023-24
A87: 186 | B87: Humanities | C87: Hamida Aktar | D87: Md. Harun Roshid | E87: Hasina Aktar | F87: Female | G87: Islam | H87: Bamni Bank Road, Companiganj, Noakhali | I87: 1856794206 | J87: 2023-24
A88: 187 | B88: Humanities | C88: Bibi Kulsum | D88: Anamul Haque | E88: Amena Khatun | F88: Female | G88: Islam | H88: Bamni Bank Road, Companiganj, Noakhali | I88: 1865214378 | J88: 2023-24
A89: 188 | B89: Humanities | C89: Ziko Aktar | D89: Md. Belal HOssain | E89: Zananara Begum | F89: Female | G89: Islam | H89: Bamni Bank Road, Companiganj, Noakhali | I89: 1852041885 | J89: 2023-24
A90: 189 | B90: Humanities | C90: Nadia Begum | D90: Golam Faruk | E90: Bilkis Ara Begum | F90: Female | G90: Islam | H90: Bamni Bank Road, Companiganj, Noakhali | I90: 1832469909 | J90: 2023-24
A91: 190 | B91: Humanities | C91: Abdul Aziz | D91: Abdus Sattar | E91: Fatema Khatun | F91: Male | G91: Islam | H91: Bamni Bank Road, Companiganj, Noakhali | I91: 1879489221 | J91: 2023-24
A92: 191 | B92: Humanities | C92: Nazrul Islam | D92: Md. Abdullah | E92: Kamrun Nahar | F92: Male | G92: Islam | H92: Bamni Bank Road, Companiganj, Noakhali | I92: 1815258464 | J92: 2023-24
A93: 192 | B93: Humanities | C93: Ripat Hossain | D93: Shahjahan | E93: Bibi Kulsum | F93: Male | G93: Islam | H93: Bamni Bank Road, Companiganj, Noakhali | I93: 1719540649 | J93: 2023-24
A94: 193 | B94: Humanities | C94: Amdadul Haque | D94: Akramul Haque | E94: Ferdaus Ara Begum | F94: Male | G94: Islam | H94: Bamni Bank Road, Companiganj, Noakhali | I94: 1824710498 | J94: 2023-24
A95: 194 | B95: Humanities | C95: Poly Begum | D95: Monir Ahmed | E95: Semona Khatun | F95: Female | G95: Islam | H95: Bamni Bank Road, Companiganj, Noakhali | I95: 1894183317 | J95: 2023-24
A96: 195 | B96: Humanities | C96: Abdur Rahman | D96: Abdul Karim | E96: Kamrun Nanar | F96: Male | G96: Islam | H96: Bamni Bank Road, Companiganj, Noakhali | I96: 1604084784 | J96: 2023-24
A97: 196 | B97: Humanities | C97: Md. Emran Uddin | D97: Md. Nur Nobi | E97: Rokeya Begum | F97: Male | G97: Islam | H97: Bamni Bank Road, Companiganj, Noakhali | I97: 1843273403 | J97: 2023-24
A98: 197 | B98: Humanities | C98: Musleh Uddin | D98: Md. Kamal Uddin | E98: Rehana Aktar | F98: Male | G98: Islam | H98: Bamni Bank Road, Companiganj, Noakhali | I98: 1727270369 | J98: 2023-24
... A112: 211 | B112: Humanities | C112: Sumiaya Nijhum | D112: Omor Faruk | E112: Sanowara Begum | F112: Female | G112: Islam | H112: Bamni Bank Road, Companiganj, Noakhali | I112: 1822111209 | J112: 2023-24
A113: 212 | B113: Humanities | C113: Khadija Aktar | D113: Sayef Uddin | E113: Khaleda Aktar | F113: Female | G113: Islam | H113: Bamni Bank Road, Companiganj, Noakhali | J113: 2023-24
A114: 213 | B114: Humanities | C114: Md. Hojaifa Marup | D114: Md. Jashim Uddim | E114: Salma Aktar | F114: Male | G114: Islam | H114: Bamni Bank Road, Companiganj, Noakhali | I114: 1611865397 | J114: 2023-24
A115: 214 | B115: Humanities | C115: Shakib Ahmad | D115: Shahab Uddin | E115: Asiya Khatun | F115: Male | G115: Islam | H115: Bamni Bank Road, Companiganj, Noakhali | I115: 131068585628 | J115: 2023-24
A116: 215 | B116: Humanities | C116: Zubayer Bin Forid | D116: Forid Ahmed | E116: Rokeya Begum | F116: Male | G116: Islam | H116: Bamni Bank Road, Companiganj, Noakhali | I116: 1828392769 | J116: 2023-24
A117: 216 | B117: Humanities | C117: Nusrat Jahan Mollika | D117: Md. Mostafa | E117: Jannat Ara Begum | F117: Female | G117: Islam | H117: Bamni Bank Road, Companiganj, Noakhali | I117: 1766011447 | J117: 2023-24
A118: 217 | B118: Humanities | C118: Israt Jahan | D118: Omor Faruk | E118: Rahela Aktar | F118: Female | G118: Islam | H118: Bamni Bank Road, Companiganj, Noakhali | I118: 1882954857 | J118: 2023-24
A119: 218 | B119: Humanities | C119: Farhana Aktar | D119: Harunur Roshid | E119: Bibi Kulsum | F119: Female | G119: Islam | H119: Bamni Bank Road, Companiganj, Noakhali | I119: 1824105649 | J119: 2023-24
A120: 219 | B120: Humanities | C120: Mehedi Hasan | D120: Zahangir Alom | E120: Kohinur Aktar | F120: Male | G120: Islam | H120: Bamni Bank Road, Companiganj, Noakhali | I120: 1610977258 | J120: 2023-24
A121: 220 | B121: Humanities | C121: Mishu Aktar Opu | D121: Mosharof Hossain | E121: Kamrun Nahar | F121: Female | G121: Islam | H121: Bamni Bank Road, Companiganj, Noakhali | I121: 1840260708 | J121: 2023-24
A122: 221 | B122: Humanities | C122: Hajera Aktar | D122: Abul Bashar | E122: Momotaz Begum | F122: Female | G122: Islam | H122: Bamni Bank Road, Companiganj, Noakhali | I122: 187274800 | J122: 2023-24
A123: 222 | B123: Humanities | C123: Nusrat Jahan | D123: Md. Shafi Uddin | E123: Bibi Julekha | F123: Female | G123: Islam | H123: Bamni Bank Road, Companiganj, Noakhali | I123: 1833032445 | J123: 2023-24
A124: 223 | B124: Humanities | C124: Fahima Najnin | D124: Firoj Alom | E124: Zannatul Ferdous | F124: Female | G124: Islam | H124: Bamni Bank Road, Companiganj, Noakhali | I124: 1863747121 | J124: 2023-24
A125: 224 | B125: Humanities | C125: Md. Ashraful Islam | D125: Shahid Ullah | E125: Fahima Aktar | F125: Male | G125: Islam | H125: Bamni Bank Road, Companiganj, Noakhali | I125: 1609437389 | J125: 2023-24
... A187: 286 | B187: Humanities | C187: Rafsan Uddin Rafin | D187: Md. Zoshim Uddin | E187: Nazmun Nahar | F187: Male | G187: Islam | H187: Bamni Bank Road, Companiganj, Noakhali | I187: 1885288214 | J187: 2023-24
A188: 287 | B188: Humanities | C188: Aftab Uddin | D188: Md Mostafa | E188: Nazmun Nahar | F188: Male | G188: Islam | H188: Bamni Bank Road, Companiganj, Noakhali | I188: - | J188: 2023-25
A189: 288 | B189: Humanities | C189: Tinoy Mojumdar | D189: Liton Mojumdar | E189: Lipi Mojumdar | F189: Male | G189: Hindu | H189: Bamni Bank Road, Companiganj, Noakhali | I189: 1830797497 | J189: 2023-24
A190: 289 | B190: Humanities | C190: Maksuda Aktar | D190: Solim Ullah | E190: Kamrun Nahar | F190: Female | G190: Islam | H190: Bamni Bank Road, Companiganj, Noakhali | I190: 1864729213 | J190: 2023-24
A191: 290 | B191: Humanities | C191: Joly Aktar | D191: Md. Solim Ullah | E191: Kamrun Nahar | F191: Female | G191: Islam | H191: Bamni Bank Road, Companiganj, Noakhali | I191: 1864729213 | J191: 2023-24
A192: 291 | B192: Humanities | C192: Md. Shahin | D192: Bahar Mia | E192: Aklima Khatun | F192: Male | G192: Islam | H192: Bamni Bank Road, Companiganj, Noakhali | I192: 1854712222 | J192: 2023-24
A193: 292 | B193: Humanities | C193: Md. Jahedul Islam | D193: Md. Mostafa | E193: Monowara Begum | F193: Male | G193: Islam | H193: Bamni Bank Road, Companiganj, Noakhali | I193: 1814342075 | J193: 2023-24
A194: 293 | B194: Humanities | C194: Md. Arif Hossain | D194: Kamal Uddin | E194: Aleya Khatun | F194: Male | G194: Islam | H194: Bamni Bank Road, Companiganj, Noakhali | I194: 1869949368 | J194: 2023-24
A195: 294 | B195: Humanities | C195: Imran Hossain | D195: Alomgir Hossain | E195: Saniya Sultana | F195: Male | G195: Islam | H195: Bamni Bank Road, Companiganj, Noakhali | I195: 1840455471 | J195: 2023-24
A196: 295 | B196: Humanities | C196: Bibi Morium | D196: Shah Alom | E196: Firoza Begum | F196: Female | G196: Islam | H196: Bamni Bank Road, Companiganj, Noakhali | I196: 1840753778 | J196: 2023-24
A197: 296 | B197: Humanities | C197: Fahima Islam Anika | D197: Mofiz Ullah | E197: Halima Khatun | F197: Female | G197: Islam | H197: Bamni Bank Road, Companiganj, Noakhali | I197: 1884222571 | J197: 2023-24
A198: 297 | B198: Humanities | C198: Abdullah Al Mamun | D198: Ala Uddin | E198: Shamsun Nana | F198: Male | G198: Islam | H198: Bamni Bank Road, Companiganj, Noakhali | I198: 1646060477 | J198: 2023-24
A199: 298 | B199: Humanities | C199: Shalma Aktar | D199: Abul Kalam | E199: Aleya Begum | F199: Female | G199: Islam | H199: Bamni Bank Road, Companiganj, Noakhali | I199: 18424690627 | J199: 2023-24
A200: 299 | B200: Humanities | C200: Arup Mitro | D200: Bishnu Mitro | E200: Gita Rani Mitro | F200: Male | G200: Hindu | H200: Bamni Bank Road, Companiganj, Noakhali | I200: 1869423805 | J200: 2023-24
... A223: 322 | B223: Humanities | C223: Bibi Khotija | D223: Abdul Hannan | E223: Bibi Asma | F223: Female | G223: Islam | H223: Bamni Bank Road, Companiganj, Noakhali | I223: 1864245499 | J223: 2023-24
A224: 323 | B224: Humanities | C224: Md. Nazrul Islam | D224: Zoshim Uddin | E224: Rahima Aktar | F224: Male | G224: Islam | H224: Bamni Bank Road, Companiganj, Noakhali | J224: 2023-24
A225: 324 | B225: Humanities | C225: Farhana Aktar | D225: Abdul Sattar | E225: Nur Jahan Begum | F225: Female | G225: Islam | H225: Bamni Bank Road, Companiganj, Noakhali | I225: 1863239847 | J225: 2023-24
A226: 325 | B226: Humanities | C226: Meherab Hossain | D226: Md. Mostofa | E226: Aklima Khatun | F226: Male | G226: Islam | H226: Bamni Bank Road, Companiganj, Noakhali | I226: 1822714412 | J226: 2023-24
A227: 326 | B227: Humanities | C227: Bibi Morium | D227: Md. Shahab Uddin | E227: Umme Kulsum | F227: Female | G227: Islam | H227: Bamni Bank Road, Companiganj, Noakhali | I227: 1872916400 | J227: 2023-24
A228: 327 | B228: Humanities | C228: Fatema Aktar | D228: Abdul Mannan | E228: Monowara Begum | F228: Female | G228: Islam | H228: Bamni Bank Road, Companiganj, Noakhali | I228: 1848163791 | J228: 2023-24
A229: 328 | B229: Humanities | C229: Salma Aktar | D229: Abdus Sattar | E229: Bibi Ayesha | F229: Female | G229: Islam | H229: Bamni Bank Road, Companiganj, Noakhali | I229: 1843782408 | J229: 2023-24
A230: 329 | B230: Humanities | C230: Bibi Sultana | D230: Abu Naser | E230: Fatema Khatun | F230: Female | G230: Islam | H230: Bamni Bank Road, Companiganj, Noakhali | I230: 1843342031 | J230: 2023-24
A231: 330 | B231: Humanities | C231: Sumaiya Jahan | D231: Serajul Haque | E231: Hasina Khatun | F231: Female | G231: Islam | H231: Bamni Bank Road, Companiganj, Noakhali | I231: 1792094176 | J231: 2023-24
A232: 331 | B232: Humanities | C232: Joya Rani Das | D232: Sumon Chandra Das | E232: Khuku Rani Das | F232: Female | G232: Islam | H232: Bamni Bank Road, Companiganj, Noakhali | I232: 1857687612 | J232: 2023-24
A233: 332 | B233: Humanities | C233: Ibnat Jahan | D233: Mosharef Hossain | E233: Zannatul Fredous | F233: Female | G233: Islam | H233: Bamni Bank Road, Companiganj, Noakhali | I233: 1857791664 | J233: 2023-24
A234: 333 | B234: Humanities | C234: Tanjila Aktar | D234: Abdur Razzak | E234: Marjahan Aktar | F234: Female | G234: Islam | H234: Bamni Bank Road, Companiganj, Noakhali | I234: 1821335060 | J234: 2023-24
A235: 334 | B235: Humanities | C235: Dip Deb Nath | D235: Late Somor Chandra Bhowmik | E235: Anita Rani Bhoumik | F235: Male | G235: Hindu | H235: Bamni Bank Road, Companiganj, Noakhali | I235: 1879789623 | J235: 2023-24
A236: 335 | B236: Humanities | C236: Farhana Fredous | D236: Enayet Ullah | E236: Daulat Ara | F236: Female | G236: Islam | H236: Bamni Bank Road, Companiganj, Noakhali | I236: 1815258423 | J236: 2023-24
... A288: 387 | B288: Humanities | C288: Sajeda Aktar | D288: Abul Kalam | E288: Sultana Aktar | F288: Female | G288: Islam | H288: Bamni Bank Road, Companiganj, Noakhali | I288: 1818418986 | J288: 2023-24
A289: 388 | B289: Humanities | C289: Halima Akter | D289: Mosharrof Hossain | E289: Ayesha Akter | F289: Female | G289: Islam | H289: Bamni Bank Road, Companiganj, Noakhali | J289: 2023-25
A290: 389 | B290: Humanities | C290: Sharmin Akter | D290: Jaker Hoossain | E290: Nur Nahar Begum | F290: Female | G290: Islam | H290: Bamni Bank Road, Companiganj, Noakhali | J290: 2023-26
A291: 390 | B291: Humanities | C291: Tanvir Ahmed | D291: Daud Ahmed | E291: Sakina Khatun | F291: Male | G291: Islam | H291: Bamni Bank Road, Companiganj, Noakhali | J291: 2023-27
A292: 391 | B292: Humanities | C292: Aminrul Islam | D292: Sana Ullah | E292: Golshan Ara | F292: Male | G292: Islam | H292: Bamni Bank Road, Companiganj, Noakhali | J292: 2023-28
A293: 392 | B293: Humanities | C293: Farzana Akter Mitu | D293: Abdul mannan | E293: Monowara Begum | F293: Female | G293: Islam | H293: Bamni Bank Road, Companiganj, Noakhali | J293: 2023-29
A294: 393 | B294: Humanities | C294: Fakhrul Islam | D294: Abdul Mannan | E294: Monowara Begum | F294: Male | G294: Islam | H294: Bamni Bank Road, Companiganj, Noakhali | J294: 2023-30
A295: 394 | B295: Humanities | C295: Mahmudul Hasan Fuad | D295: Mahfuzul Haque | E295: Rahima Akter | F295: Male | G295: Islam | H295: Bamni Bank Road, Companiganj, Noakhali | J295: 2023-31
A296: 395 | B296: Humanities | C296: Al Amin Haider | D296: Mishu Haider | E296: Rehana Haider | F296: Male | G296: Islam | H296: Bamni Bank Road, Companiganj, Noakhali | J296: 2023-32
A297: 396 | B297: Humanities | C297: Osman Goni | D297: Ala Uddin | E297: Bibi Amena | F297: Male | G297: Islam | H297: Bamni Bank Road, Companiganj, Noakhali | J297: 2023-33
A298: 397 | B298: Humanities | C298: Monowar Hossain | D298: Delowar Hossain | E298: Rezia Sultana | F298: Male | G298: Islam | H298: Bamni Bank Road, Companiganj, Noakhali | J298: 2023-34
A299: 398 | B299: Humanities | C299: Mehedi hasan | D299: Ala Uddin | E299: Parvin Akter | F299: Male | G299: Islam | H299: Bamni Bank Road, Companiganj, Noakhali | J299: 2023-35
A300: 399 | B300: Humanities | C300: Mishu Alam Siddique | D300: Abu Bakar Siddique | E300: Selina Aktar | F300: Male | G300: Islam | H300: Bamni Bank Road, Companiganj, Noakhali | J300: 2023-36
... A307: 1287 | B307: Humanities | C307: Al Amin | D307: Unknown | E307: Unknown | F307: Male | G307: Islam | H307: Bamni Bank Road, Companiganj, Noakhali | J307: 2023-43

Sheet Prev. Academic
A1: ID | B1: Institution Name | C1: Group | D1: Session | E1: GPA | F1: Board Name | G1: Roll | H1: Reg No
A2: ='Student Basic Info'!A2 -> 101 | B2: Bamni High School | C2: Arts | D2: 2022-23 | E2: 5 | F2: Cumilla | H2: 2111897195
A3: ='Student Basic Info'!A3 -> 102 | B3: Bamni High School | C3: Arts | D3: 2022-24 | E3: 5 | F3: Cumilla | H3: 2111897230
A4: ='Student Basic Info'!A4 -> 103 | B4: Bamni High School | C4: Arts | D4: 2022-25 | E4: 5 | F4: Cumilla | H4: 2111896557
A5: ='Student Basic Info'!A5 -> 104 | B5: Bamni High School | C5: Arts | D5: 2022-26 | E5: 5 | F5: Cumilla | H5: 2011600400
A6: ='Student Basic Info'!A6 -> 105 | B6: Bamni High School | C6: Arts | D6: 2022-27 | E6: 5 | F6: Cumilla | H6: 2111896454
A7: ='Student Basic Info'!A7 -> 106 | B7: Bamni High School | C7: Arts | D7: 2022-28 | E7: 5 | F7: Cumilla | H7: 2111897040
A8: ='Student Basic Info'!A8 -> 107 | B8: Bamni High School | C8: Arts | D8: 2022-29 | E8: 5 | F8: Cumilla | H8: 2111895023
A9: ='Student Basic Info'!A9 -> 108 | B9: Bamni High School | C9: Arts | D9: 2022-30 | E9: 5 | F9: Cumilla | H9: 2011602371
A10: ='Student Basic Info'!A10 -> 109 | B10: Bamni High School | C10: Arts | D10: 2022-31 | E10: 5 | F10: Cumilla | H10: 2011600444
A11: ='Student Basic Info'!A11 -> 110 | B11: Bamni High School | C11: Arts | D11: 2022-32 | E11: 5 | F11: Cumilla | H11: 2111895048
A12: ='Student Basic Info'!A12 -> 111 | B12: Bamni High School | C12: Arts | D12: 2022-33 | E12: 5 | F12: Cumilla | H12: 2011600142
A13: ='Student Basic Info'!A13 -> 112 | B13: Bamni High School | C13: Arts | D13: 2022-34 | E13: 5 | F13: Cumilla | H13: 2111897198
... A88: ='Student Basic Info'!A88 -> 187 | B88: Bamni High School | C88: Arts | D88: 2022-109 | E88: 5 | F88: Cumilla | H88: 2011601550
A89: ='Student Basic Info'!A89 -> 188 | C89: Arts | H89: 2011601552
A90: ='Student Basic Info'!A90 -> 189 | C90: Arts | H90: 2011601562
A91: ='Student Basic Info'!A91 -> 190 | C91: Arts | H91: 2111897242
A92: ='Student Basic Info'!A92 -> 191 | C92: Arts | H92: 2011599834
A93: ='Student Basic Info'!A93 -> 192 | C93: Arts | H93: 2111897172
A94: ='Student Basic Info'!A94 -> 193 | C94: Arts | H94: 2111896300
A95: ='Student Basic Info'!A95 -> 194 | C95: Arts | H95: 2011602370
A96: ='Student Basic Info'!A96 -> 195 | C96: Arts | H96: 2011600458
A97: ='Student Basic Info'!A97 -> 196 | C97: Arts | H97: 2111896294
A98: ='Student Basic Info'!A98 -> 197 | C98: Arts | H98: 2111849077
A99: ='Student Basic Info'!A99 -> 198 | C99: Arts | H99: 2111897012
A100: ='Student Basic Info'!A100 -> 199 | C100: Arts | H100: 2011602540
... A130: ='Student Basic Info'!A130 -> 229 | C130: Arts | H130: 2011602105
A131: ='Student Basic Info'!A131 -> 230 | C131: Arts
A132: ='Student Basic Info'!A132 -> 231 | C132: Arts
A133: ='Student Basic Info'!A133 -> 232 | C133: Arts
A134: ='Student Basic Info'!A134 -> 233 | C134: Arts
A135: ='Student Basic Info'!A135 -> 234 | C135: Arts
A136: ='Student Basic Info'!A136 -> 235 | C136: Arts
A137: ='Student Basic Info'!A137 -> 236 | C137: Arts
A138: ='Student Basic Info'!A138 -> 237 | C138: Arts
A139: ='Student Basic Info'!A139 -> 238 | C139: Arts
A140: ='Student Basic Info'!A140 -> 239 | C140: Arts
A141: ='Student Basic Info'!A141 -> 240 | C141: Arts
A142: ='Student Basic Info'!A142 -> 241 | C142: Arts
... A306: ='Student Basic Info'!A306 -> 1392 | C306: Arts

Sheet SubjectList
A1: ID | B1: Compulsory1 | C1: Compulsory2 | D1: Compulsory3 | E1: Subject1 | F1: Subject2 | G1: Subject3 | H1: Subject4 | I1: Optioinal | J1: C1_Code | K1: C2_Code | L1: C3_Code | M1: S1_Code | N1: S2_Code | O1: S3_Code | P1: S4_Code
A2: ='Student Basic Info'!A2 -> 101 | B2: Bangla | C2: English | D2: ICT | E2: Civics | F2: Islamic History | G2: Social Work | H2: Islamic Studies | I2: =H2 -> Islamic Studies
A3: ='Student Basic Info'!A3 -> 102 | B3: Bangla | C3: English | D3: ICT | E3: Civics | F3: Islamic History | G3: Social Work | H3: Islamic Studies | I3: =H3 -> Islamic Studies
A4: ='Student Basic Info'!A4 -> 103 | B4: Bangla | C4: English | D4: ICT | E4: Civics | F4: Islamic History | G4: Social Work | H4: Islamic Studies | I4: =H4 -> Islamic Studies
A5: ='Student Basic Info'!A5 -> 104 | B5: Bangla | C5: English | D5: ICT | E5: Civics | F5: Islamic History | G5: Social Work | H5: Islamic Studies | I5: =H5 -> Islamic Studies
A6: ='Student Basic Info'!A6 -> 105 | B6: Bangla | C6: English | D6: ICT | E6: Civics | F6: Islamic History | G6: Social Work | H6: Islamic Studies | I6: =H6 -> Islamic Studies
A7: ='Student Basic Info'!A7 -> 106 | B7: Bangla | C7: English | D7: ICT | E7: Civics | F7: Islamic History | G7: Social Work | H7: Islamic Studies | I7: =H7 -> Islamic Studies
A8: ='Student Basic Info'!A8 -> 107 | B8: Bangla | C8: English | D8: ICT | E8: Civics | F8: Islamic History | G8: Social Work | H8: Islamic Studies | I8: =H8 -> Islamic Studies
A9: ='Student Basic Info'!A9 -> 108 | B9: Bangla | C9: English | D9: ICT | E9: Civics | F9: Islamic History | G9: Social Work | H9: Islamic Studies | I9: =H9 -> Islamic Studies
A10: ='Student Basic Info'!A10 -> 109 | B10: Bangla | C10: English | D10: ICT | E10: Civics | F10: Islamic History | G10: Social Work | H10: Islamic Studies | I10: =H10 -> Islamic Studies
A11: ='Student Basic Info'!A11 -> 110 | B11: Bangla | C11: English | D11: ICT | E11: Civics | F11: Islamic History | G11: Social Work | H11: Islamic Studies | I11: =H11 -> Islamic Studies
A12: ='Student Basic Info'!A12 -> 111 | B12: Bangla | C12: English | D12: ICT | E12: Civics | F12: Islamic History | G12: Social Work | H12: Islamic Studies | I12: =H12 -> Islamic Studies
A13: ='Student Basic Info'!A13 -> 112 | B13: Bangla | C13: English | D13: ICT | E13: Civics | F13: Islamic History | G13: Social Work | H13: Islamic Studies | I13: =H13 -> Islamic Studies
... A306: ='Student Basic Info'!A306 -> 1392 | B306: Bangla | C306: English | D306: ICT | E306: Civics | F306: Islamic History | G306: Social Work | H306: Islamic Studies | I306: =H306 -> Islamic Studies

Sheet Bangla
A1: Roll | B1: Marks MCQ | C1: Marks CQ | D1: Total Marks | E1: Result | F1: Grade | G1: GPA
A2: ='Student Basic Info'!A2 -> 101 | C2: 33 | D2: =IF(B2+C2=0, "", B2+C2) -> 33 | E2: =IF(D2="","", IF(C2>=33,"Pass","Fail")) -> Pass | F2: =(IF(D2="","",IF(E2="Fail","F",IF(D2>=80,"A+",IF(D2>=70,"A",IF(D2>=60,"A-",IF(D2>=50,"B",IF(D2>=40,"C",IF(D2>=33,"D","F"))))))))) -> D | G2: =(IF(D2="","",IF(F2="F",0,IF(D2>=80,5,IF(D2>=70,4,IF(D2>=60,3.5,IF(D2>=50,3,IF(D2>=40,2,IF(D2>=33,1,0))))))))) -> 1
A3: ='Student Basic Info'!A3 -> 102 | C3: 50 | D3: =IF(B3+C3=0, "", B3+C3) -> 50 | E3: =IF(D3="","", IF(C3>=33,"Pass","Fail")) -> Pass | F3: =(IF(D3="","",IF(E3="Fail","F",IF(D3>=80,"A+",IF(D3>=70,"A",IF(D3>=60,"A-",IF(D3>=50,"B",IF(D3>=40,"C",IF(D3>=33,"D","F"))))))))) -> B | G3: =(IF(D3="","",IF(F3="F",0,IF(D3>=80,5,IF(D3>=70,4,IF(D3>=60,3.5,IF(D3>=50,3,IF(D3>=40,2,IF(D3>=33,1,0))))))))) -> 3
A4: ='Student Basic Info'!A4 -> 103 | C4: 34 | D4: =IF(B4+C4=0, "", B4+C4) -> 34 | E4: =IF(D4="","", IF(C4>=33,"Pass","Fail")) -> Pass | F4: =(IF(D4="","",IF(E4="Fail","F",IF(D4>=80,"A+",IF(D4>=70,"A",IF(D4>=60,"A-",IF(D4>=50,"B",IF(D4>=40,"C",IF(D4>=33,"D","F"))))))))) -> D | G4: =(IF(D4="","",IF(F4="F",0,IF(D4>=80,5,IF(D4>=70,4,IF(D4>=60,3.5,IF(D4>=50,3,IF(D4>=40,2,IF(D4>=33,1,0))))))))) -> 1
A5: ='Student Basic Info'!A5 -> 104 | C5: 52 | D5: =IF(B5+C5=0, "", B5+C5) -> 52 | E5: =IF(D5="","", IF(C5>=33,"Pass","Fail")) -> Pass | F5: =(IF(D5="","",IF(E5="Fail","F",IF(D5>=80,"A+",IF(D5>=70,"A",IF(D5>=60,"A-",IF(D5>=50,"B",IF(D5>=40,"C",IF(D5>=33,"D","F"))))))))) -> B | G5: =(IF(D5="","",IF(F5="F",0,IF(D5>=80,5,IF(D5>=70,4,IF(D5>=60,3.5,IF(D5>=50,3,IF(D5>=40,2,IF(D5>=33,1,0))))))))) -> 3
A6: ='Student Basic Info'!A6 -> 105 | C6: 53 | D6: =IF(B6+C6=0, "", B6+C6) -> 53 | E6: =IF(D6="","", IF(C6>=33,"Pass","Fail")) -> Pass | F6: =(IF(D6="","",IF(E6="Fail","F",IF(D6>=80,"A+",IF(D6>=70,"A",IF(D6>=60,"A-",IF(D6>=50,"B",IF(D6>=40,"C",IF(D6>=33,"D","F"))))))))) -> B | G6: =(IF(D6="","",IF(F6="F",0,IF(D6>=80,5,IF(D6>=70,4,IF(D6>=60,3.5,IF(D6>=50,3,IF(D6>=40,2,IF(D6>=33,1,0))))))))) -> 3
A7: ='Student Basic Info'!A7 -> 106 | C7: 46 | D7: =IF(B7+C7=0, "", B7+C7) -> 46 | E7: =IF(D7="","", IF(C7>=33,"Pass","Fail")) -> Pass | F7: =(IF(D7="","",IF(E7="Fail","F",IF(D7>=80,"A+",IF(D7>=70,"A",IF(D7>=60,"A-",IF(D7>=50,"B",IF(D7>=40,"C",IF(D7>=33,"D","F"))))))))) -> C | G7: =(IF(D7="","",IF(F7="F",0,IF(D7>=80,5,IF(D7>=70,4,IF(D7>=60,3.5,IF(D7>=50,3,IF(D7>=40,2,IF(D7>=33,1,0))))))))) -> 2
A8: ='Student Basic Info'!A8 -> 107 | C8: 40 | D8: =IF(B8+C8=0, "", B8+C8) -> 40 | E8: =IF(D8="","", IF(C8>=33,"Pass","Fail")) -> Pass | F8: =(IF(D8="","",IF(E8="Fail","F",IF(D8>=80,"A+",IF(D8>=70,"A",IF(D8>=60,"A-",IF(D8>=50,"B",IF(D8>=40,"C",IF(D8>=33,"D","F"))))))))) -> C | G8: =(IF(D8="","",IF(F8="F",0,IF(D8>=80,5,IF(D8>=70,4,IF(D8>=60,3.5,IF(D8>=50,3,IF(D8>=40,2,IF(D8>=33,1,0))))))))) -> 2
A9: ='Student Basic Info'!A9 -> 108 | C9: 37 | D9: =IF(B9+C9=0, "", B9+C9) -> 37 | E9: =IF(D9="","", IF(C9>=33,"Pass","Fail")) -> Pass | F9: =(IF(D9="","",IF(E9="Fail","F",IF(D9>=80,"A+",IF(D9>=70,"A",IF(D9>=60,"A-",IF(D9>=50,"B",IF(D9>=40,"C",IF(D9>=33,"D","F"))))))))) -> D | G9: =(IF(D9="","",IF(F9="F",0,IF(D9>=80,5,IF(D9>=70,4,IF(D9>=60,3.5,IF(D9>=50,3,IF(D9>=40,2,IF(D9>=33,1,0))))))))) -> 1
A10: ='Student Basic Info'!A10 -> 109 | D10: =IF(B10+C10=0, "", B10+C10) | E10: =IF(D10="","", IF(C10>=33,"Pass","Fail")) | F10: =(IF(D10="","",IF(E10="Fail","F",IF(D10>=80,"A+",IF(D10>=70,"A",IF(D10>=60,"A-",IF(D10>=50,"B",IF(D10>=40,"C",IF(D10>=33,"D","F"))))))))) | G10: =(IF(D10="","",IF(F10="F",0,IF(D10>=80,5,IF(D10>=70,4,IF(D10>=60,3.5,IF(D10>=50,3,IF(D10>=40,2,IF(D10>=33,1,0)))))))))
A11: ='Student Basic Info'!A11 -> 110 | C11: 33 | D11: =IF(B11+C11=0, "", B11+C11) -> 33 | E11: =IF(D11="","", IF(C11>=33,"Pass","Fail")) -> Pass | F11: =(IF(D11="","",IF(E11="Fail","F",IF(D11>=80,"A+",IF(D11>=70,"A",IF(D11>=60,"A-",IF(D11>=50,"B",IF(D11>=40,"C",IF(D11>=33,"D","F"))))))))) -> D | G11: =(IF(D11="","",IF(F11="F",0,IF(D11>=80,5,IF(D11>=70,4,IF(D11>=60,3.5,IF(D11>=50,3,IF(D11>=40,2,IF(D11>=33,1,0))))))))) -> 1
A12: ='Student Basic Info'!A12 -> 111 | D12: =IF(B12+C12=0, "", B12+C12) | E12: =IF(D12="","", IF(C12>=33,"Pass","Fail")) | F12: =(IF(D12="","",IF(E12="Fail","F",IF(D12>=80,"A+",IF(D12>=70,"A",IF(D12>=60,"A-",IF(D12>=50,"B",IF(D12>=40,"C",IF(D12>=33,"D","F"))))))))) | G12: =(IF(D12="","",IF(F12="F",0,IF(D12>=80,5,IF(D12>=70,4,IF(D12>=60,3.5,IF(D12>=50,3,IF(D12>=40,2,IF(D12>=33,1,0)))))))))
A13: ='Student Basic Info'!A13 -> 112 | D13: =IF(B13+C13=0, "", B13+C13) | E13: =IF(D13="","", IF(C13>=33,"Pass","Fail")) | F13: =(IF(D13="","",IF(E13="Fail","F",IF(D13>=80,"A+",IF(D13>=70,"A",IF(D13>=60,"A-",IF(D13>=50,"B",IF(D13>=40,"C",IF(D13>=33,"D","F"))))))))) | G13: =(IF(D13="","",IF(F13="F",0,IF(D13>=80,5,IF(D13>=70,4,IF(D13>=60,3.5,IF(D13>=50,3,IF(D13>=40,2,IF(D13>=33,1,0)))))))))
A14: ='Student Basic Info'!A14 -> 113 | C14: 46 | D14: =IF(B14+C14=0, "", B14+C14) -> 46 | E14: =IF(D14="","", IF(C14>=33,"Pass","Fail")) -> Pass | F14: =(IF(D14="","",IF(E14="Fail","F",IF(D14>=80,"A+",IF(D14>=70,"A",IF(D14>=60,"A-",IF(D14>=50,"B",IF(D14>=40,"C",IF(D14>=33,"D","F"))))))))) -> C | G14: =(IF(D14="","",IF(F14="F",0,IF(D14>=80,5,IF(D14>=70,4,IF(D14>=60,3.5,IF(D14>=50,3,IF(D14>=40,2,IF(D14>=33,1,0))))))))) -> 2
A15: ='Student Basic Info'!A15 -> 114 | D15: =IF(B15+C15=0, "", B15+C15) | E15: =IF(D15="","", IF(C15>=33,"Pass","Fail")) | F15: =(IF(D15="","",IF(E15="Fail","F",IF(D15>=80,"A+",IF(D15>=70,"A",IF(D15>=60,"A-",IF(D15>=50,"B",IF(D15>=40,"C",IF(D15>=33,"D","F"))))))))) | G15: =(IF(D15="","",IF(F15="F",0,IF(D15>=80,5,IF(D15>=70,4,IF(D15>=60,3.5,IF(D15>=50,3,IF(D15>=40,2,IF(D15>=33,1,0)))))))))
A16: ='Student Basic Info'!A16 -> 115 | D16: =IF(B16+C16=0, "", B16+C16) | E16: =IF(D16="","", IF(C16>=33,"Pass","Fail")) | F16: =(IF(D16="","",IF(E16="Fail","F",IF(D16>=80,"A+",IF(D16>=70,"A",IF(D16>=60,"A-",IF(D16>=50,"B",IF(D16>=40,"C",IF(D16>=33,"D","F"))))))))) | G16: =(IF(D16="","",IF(F16="F",0,IF(D16>=80,5,IF(D16>=70,4,IF(D16>=60,3.5,IF(D16>=50,3,IF(D16>=40,2,IF(D16>=33,1,0)))))))))
A17: ='Student Basic Info'!A17 -> 116 | C17: 44 | D17: =IF(B17+C17=0, "", B17+C17) -> 44 | E17: =IF(D17="","", IF(C17>=33,"Pass","Fail")) -> Pass | F17: =(IF(D17="","",IF(E17="Fail","F",IF(D17>=80,"A+",IF(D17>=70,"A",IF(D17>=60,"A-",IF(D17>=50,"B",IF(D17>=40,"C",IF(D17>=33,"D","F"))))))))) -> C | G17: =(IF(D17="","",IF(F17="F",0,IF(D17>=80,5,IF(D17>=70,4,IF(D17>=60,3.5,IF(D17>=50,3,IF(D17>=40,2,IF(D17>=33,1,0))))))))) -> 2
A18: ='Student Basic Info'!A18 -> 117 | C18: 43 | D18: =IF(B18+C18=0, "", B18+C18) -> 43 | E18: =IF(D18="","", IF(C18>=33,"Pass","Fail")) -> Pass | F18: =(IF(D18="","",IF(E18="Fail","F",IF(D18>=80,"A+",IF(D18>=70,"A",IF(D18>=60,"A-",IF(D18>=50,"B",IF(D18>=40,"C",IF(D18>=33,"D","F"))))))))) -> C | G18: =(IF(D18="","",IF(F18="F",0,IF(D18>=80,5,IF(D18>=70,4,IF(D18>=60,3.5,IF(D18>=50,3,IF(D18>=40,2,IF(D18>=33,1,0))))))))) -> 2
A19: ='Student Basic Info'!A19 -> 118 | C19: 53 | D19: =IF(B19+C19=0, "", B19+C19) -> 53 | E19: =IF(D19="","", IF(C19>=33,"Pass","Fail")) -> Pass | F19: =(IF(D19="","",IF(E19="Fail","F",IF(D19>=80,"A+",IF(D19>=70,"A",IF(D19>=60,"A-",IF(D19>=50,"B",IF(D19>=40,"C",IF(D19>=33,"D","F"))))))))) -> B | G19: =(IF(D19="","",IF(F19="F",0,IF(D19>=80,5,IF(D19>=70,4,IF(D19>=60,3.5,IF(D19>=50,3,IF(D19>=40,2,IF(D19>=33,1,0))))))))) -> 3
A20: ='Student Basic Info'!A20 -> 119 | D20: =IF(B20+C20=0, "", B20+C20) | E20: =IF(D20="","", IF(C20>=33,"Pass","Fail")) | F20: =(IF(D20="","",IF(E20="Fail","F",IF(D20>=80,"A+",IF(D20>=70,"A",IF(D20>=60,"A-",IF(D20>=50,"B",IF(D20>=40,"C",IF(D20>=33,"D","F"))))))))) | G20: =(IF(D20="","",IF(F20="F",0,IF(D20>=80,5,IF(D20>=70,4,IF(D20>=60,3.5,IF(D20>=50,3,IF(D20>=40,2,IF(D20>=33,1,0)))))))))
A21: ='Student Basic Info'!A21 -> 120 | C21: 33 | D21: =IF(B21+C21=0, "", B21+C21) -> 33 | E21: =IF(D21="","", IF(C21>=33,"Pass","Fail")) -> Pass | F21: =(IF(D21="","",IF(E21="Fail","F",IF(D21>=80,"A+",IF(D21>=70,"A",IF(D21>=60,"A-",IF(D21>=50,"B",IF(D21>=40,"C",IF(D21>=33,"D","F"))))))))) -> D | G21: =(IF(D21="","",IF(F21="F",0,IF(D21>=80,5,IF(D21>=70,4,IF(D21>=60,3.5,IF(D21>=50,3,IF(D21>=40,2,IF(D21>=33,1,0))))))))) -> 1
A22: ='Student Basic Info'!A22 -> 121 | C22: 33 | D22: =IF(B22+C22=0, "", B22+C22) -> 33 | E22: =IF(D22="","", IF(C22>=33,"Pass","Fail")) -> Pass | F22: =(IF(D22="","",IF(E22="Fail","F",IF(D22>=80,"A+",IF(D22>=70,"A",IF(D22>=60,"A-",IF(D22>=50,"B",IF(D22>=40,"C",IF(D22>=33,"D","F"))))))))) -> D | G22: =(IF(D22="","",IF(F22="F",0,IF(D22>=80,5,IF(D22>=70,4,IF(D22>=60,3.5,IF(D22>=50,3,IF(D22>=40,2,IF(D22>=33,1,0))))))))) -> 1
A23: ='Student Basic Info'!A23 -> 122 | C23: 40 | D23: =IF(B23+C23=0, "", B23+C23) -> 40 | E23: =IF(D23="","", IF(C23>=33,"Pass","Fail")) -> Pass | F23: =(IF(D23="","",IF(E23="Fail","F",IF(D23>=80,"A+",IF(D23>=70,"A",IF(D23>=60,"A-",IF(D23>=50,"B",IF(D23>=40,"C",IF(D23>=33,"D","F"))))))))) -> C | G23: =(IF(D23="","",IF(F23="F",0,IF(D23>=80,5,IF(D23>=70,4,IF(D23>=60,3.5,IF(D23>=50,3,IF(D23>=40,2,IF(D23>=33,1,0))))))))) -> 2
A24: ='Student Basic Info'!A24 -> 123 | C24: 46 | D24: =IF(B24+C24=0, "", B24+C24) -> 46 | E24: =IF(D24="","", IF(C24>=33,"Pass","Fail")) -> Pass | F24: =(IF(D24="","",IF(E24="Fail","F",IF(D24>=80,"A+",IF(D24>=70,"A",IF(D24>=60,"A-",IF(D24>=50,"B",IF(D24>=40,"C",IF(D24>=33,"D","F"))))))))) -> C | G24: =(IF(D24="","",IF(F24="F",0,IF(D24>=80,5,IF(D24>=70,4,IF(D24>=60,3.5,IF(D24>=50,3,IF(D24>=40,2,IF(D24>=33,1,0))))))))) -> 2
A25: ='Student Basic Info'!A25 -> 124 | D25: =IF(B25+C25=0, "", B25+C25) | E25: =IF(D25="","", IF(C25>=33,"Pass","Fail")) | F25: =(IF(D25="","",IF(E25="Fail","F",IF(D25>=80,"A+",IF(D25>=70,"A",IF(D25>=60,"A-",IF(D25>=50,"B",IF(D25>=40,"C",IF(D25>=33,"D","F"))))))))) | G25: =(IF(D25="","",IF(F25="F",0,IF(D25>=80,5,IF(D25>=70,4,IF(D25>=60,3.5,IF(D25>=50,3,IF(D25>=40,2,IF(D25>=33,1,0)))))))))
A26: ='Student Basic Info'!A26 -> 125 | D26: =IF(B26+C26=0, "", B26+C26) | E26: =IF(D26="","", IF(C26>=33,"Pass","Fail")) | F26: =(IF(D26="","",IF(E26="Fail","F",IF(D26>=80,"A+",IF(D26>=70,"A",IF(D26>=60,"A-",IF(D26>=50,"B",IF(D26>=40,"C",IF(D26>=33,"D","F"))))))))) | G26: =(IF(D26="","",IF(F26="F",0,IF(D26>=80,5,IF(D26>=70,4,IF(D26>=60,3.5,IF(D26>=50,3,IF(D26>=40,2,IF(D26>=33,1,0)))))))))
A27: ='Student Basic Info'!A27 -> 126 | D27: =IF(B27+C27=0, "", B27+C27) | E27: =IF(D27="","", IF(C27>=33,"Pass","Fail")) | F27: =(IF(D27="","",IF(E27="Fail","F",IF(D27>=80,"A+",IF(D27>=70,"A",IF(D27>=60,"A-",IF(D27>=50,"B",IF(D27>=40,"C",IF(D27>=33,"D","F"))))))))) | G27: =(IF(D27="","",IF(F27="F",0,IF(D27>=80,5,IF(D27>=70,4,IF(D27>=60,3.5,IF(D27>=50,3,IF(D27>=40,2,IF(D27>=33,1,0)))))))))
A28: ='Student Basic Info'!A28 -> 127 | D28: =IF(B28+C28=0, "", B28+C28) | E28: =IF(D28="","", IF(C28>=33,"Pass","Fail")) | F28: =(IF(D28="","",IF(E28="Fail","F",IF(D28>=80,"A+",IF(D28>=70,"A",IF(D28>=60,"A-",IF(D28>=50,"B",IF(D28>=40,"C",IF(D28>=33,"D","F"))))))))) | G28: =(IF(D28="","",IF(F28="F",0,IF(D28>=80,5,IF(D28>=70,4,IF(D28>=60,3.5,IF(D28>=50,3,IF(D28>=40,2,IF(D28>=33,1,0)))))))))
A29: ='Student Basic Info'!A29 -> 128 | C29: 25 | D29: =IF(B29+C29=0, "", B29+C29) -> 25 | E29: =IF(D29="","", IF(C29>=33,"Pass","Fail")) -> Fail | F29: =(IF(D29="","",IF(E29="Fail","F",IF(D29>=80,"A+",IF(D29>=70,"A",IF(D29>=60,"A-",IF(D29>=50,"B",IF(D29>=40,"C",IF(D29>=33,"D","F"))))))))) -> F | G29: =(IF(D29="","",IF(F29="F",0,IF(D29>=80,5,IF(D29>=70,4,IF(D29>=60,3.5,IF(D29>=50,3,IF(D29>=40,2,IF(D29>=33,1,0))))))))) -> 0
A30: ='Student Basic Info'!A30 -> 129 | C30: 33 | D30: =IF(B30+C30=0, "", B30+C30) -> 33 | E30: =IF(D30="","", IF(C30>=33,"Pass","Fail")) -> Pass | F30: =(IF(D30="","",IF(E30="Fail","F",IF(D30>=80,"A+",IF(D30>=70,"A",IF(D30>=60,"A-",IF(D30>=50,"B",IF(D30>=40,"C",IF(D30>=33,"D","F"))))))))) -> D | G30: =(IF(D30="","",IF(F30="F",0,IF(D30>=80,5,IF(D30>=70,4,IF(D30>=60,3.5,IF(D30>=50,3,IF(D30>=40,2,IF(D30>=33,1,0))))))))) -> 1
A31: ='Student Basic Info'!A31 -> 130 | C31: 40 | D31: =IF(B31+C31=0, "", B31+C31) -> 40 | E31: =IF(D31="","", IF(C31>=33,"Pass","Fail")) -> Pass | F31: =(IF(D31="","",IF(E31="Fail","F",IF(D31>=80,"A+",IF(D31>=70,"A",IF(D31>=60,"A-",IF(D31>=50,"B",IF(D31>=40,"C",IF(D31>=33,"D","F"))))))))) -> C | G31: =(IF(D31="","",IF(F31="F",0,IF(D31>=80,5,IF(D31>=70,4,IF(D31>=60,3.5,IF(D31>=50,3,IF(D31>=40,2,IF(D31>=33,1,0))))))))) -> 2
A32: ='Student Basic Info'!A32 -> 131 | C32: 42 | D32: =IF(B32+C32=0, "", B32+C32) -> 42 | E32: =IF(D32="","", IF(C32>=33,"Pass","Fail")) -> Pass | F32: =(IF(D32="","",IF(E32="Fail","F",IF(D32>=80,"A+",IF(D32>=70,"A",IF(D32>=60,"A-",IF(D32>=50,"B",IF(D32>=40,"C",IF(D32>=33,"D","F"))))))))) -> C | G32: =(IF(D32="","",IF(F32="F",0,IF(D32>=80,5,IF(D32>=70,4,IF(D32>=60,3.5,IF(D32>=50,3,IF(D32>=40,2,IF(D32>=33,1,0))))))))) -> 2
A33: ='Student Basic Info'!A33 -> 132 | C33: 37 | D33: =IF(B33+C33=0, "", B33+C33) -> 37 | E33: =IF(D33="","", IF(C33>=33,"Pass","Fail")) -> Pass | F33: =(IF(D33="","",IF(E33="Fail","F",IF(D33>=80,"A+",IF(D33>=70,"A",IF(D33>=60,"A-",IF(D33>=50,"B",IF(D33>=40,"C",IF(D33>=33,"D","F"))))))))) -> D | G33: =(IF(D33="","",IF(F33="F",0,IF(D33>=80,5,IF(D33>=70,4,IF(D33>=60,3.5,IF(D33>=50,3,IF(D33>=40,2,IF(D33>=33,1,0))))))))) -> 1
A34: ='Student Basic Info'!A34 -> 133 | C34: 33 | D34: =IF(B34+C34=0, "", B34+C34) -> 33 | E34: =IF(D34="","", IF(C34>=33,"Pass","Fail")) -> Pass | F34: =(IF(D34="","",IF(E34="Fail","F",IF(D34>=80,"A+",IF(D34>=70,"A",IF(D34>=60,"A-",IF(D34>=50,"B",IF(D34>=40,"C",IF(D34>=33,"D","F"))))))))) -> D | G34: =(IF(D34="","",IF(F34="F",0,IF(D34>=80,5,IF(D34>=70,4,IF(D34>=60,3.5,IF(D34>=50,3,IF(D34>=40,2,IF(D34>=33,1,0))))))))) -> 1
A35: ='Student Basic Info'!A35 -> 134 | D35: =IF(B35+C35=0, "", B35+C35) | E35: =IF(D35="","", IF(C35>=33,"Pass","Fail")) | F35: =(IF(D35="","",IF(E35="Fail","F",IF(D35>=80,"A+",IF(D35>=70,"A",IF(D35>=60,"A-",IF(D35>=50,"B",IF(D35>=40,"C",IF(D35>=33,"D","F"))))))))) | G35: =(IF(D35="","",IF(F35="F",0,IF(D35>=80,5,IF(D35>=70,4,IF(D35>=60,3.5,IF(D35>=50,3,IF(D35>=40,2,IF(D35>=33,1,0)))))))))
A36: ='Student Basic Info'!A36 -> 135 | C36: 19 | D36: =IF(B36+C36=0, "", B36+C36) -> 19 | E36: =IF(D36="","", IF(C36>=33,"Pass","Fail")) -> Fail | F36: =(IF(D36="","",IF(E36="Fail","F",IF(D36>=80,"A+",IF(D36>=70,"A",IF(D36>=60,"A-",IF(D36>=50,"B",IF(D36>=40,"C",IF(D36>=33,"D","F"))))))))) -> F | G36: =(IF(D36="","",IF(F36="F",0,IF(D36>=80,5,IF(D36>=70,4,IF(D36>=60,3.5,IF(D36>=50,3,IF(D36>=40,2,IF(D36>=33,1,0))))))))) -> 0
A37: ='Student Basic Info'!A37 -> 136 | C37: 37 | D37: =IF(B37+C37=0, "", B37+C37) -> 37 | E37: =IF(D37="","", IF(C37>=33,"Pass","Fail")) -> Pass | F37: =(IF(D37="","",IF(E37="Fail","F",IF(D37>=80,"A+",IF(D37>=70,"A",IF(D37>=60,"A-",IF(D37>=50,"B",IF(D37>=40,"C",IF(D37>=33,"D","F"))))))))) -> D | G37: =(IF(D37="","",IF(F37="F",0,IF(D37>=80,5,IF(D37>=70,4,IF(D37>=60,3.5,IF(D37>=50,3,IF(D37>=40,2,IF(D37>=33,1,0))))))))) -> 1
A38: ='Student Basic Info'!A38 -> 137 | D38: =IF(B38+C38=0, "", B38+C38) | E38: =IF(D38="","", IF(C38>=33,"Pass","Fail")) | F38: =(IF(D38="","",IF(E38="Fail","F",IF(D38>=80,"A+",IF(D38>=70,"A",IF(D38>=60,"A-",IF(D38>=50,"B",IF(D38>=40,"C",IF(D38>=33,"D","F"))))))))) | G38: =(IF(D38="","",IF(F38="F",0,IF(D38>=80,5,IF(D38>=70,4,IF(D38>=60,3.5,IF(D38>=50,3,IF(D38>=40,2,IF(D38>=33,1,0)))))))))
A39: ='Student Basic Info'!A39 -> 138 | D39: =IF(B39+C39=0, "", B39+C39) | E39: =IF(D39="","", IF(C39>=33,"Pass","Fail")) | F39: =(IF(D39="","",IF(E39="Fail","F",IF(D39>=80,"A+",IF(D39>=70,"A",IF(D39>=60,"A-",IF(D39>=50,"B",IF(D39>=40,"C",IF(D39>=33,"D","F"))))))))) | G39: =(IF(D39="","",IF(F39="F",0,IF(D39>=80,5,IF(D39>=70,4,IF(D39>=60,3.5,IF(D39>=50,3,IF(D39>=40,2,IF(D39>=33,1,0)))))))))
A40: ='Student Basic Info'!A40 -> 139 | C40: 16 | D40: =IF(B40+C40=0, "", B40+C40) -> 16 | E40: =IF(D40="","", IF(C40>=33,"Pass","Fail")) -> Fail | F40: =(IF(D40="","",IF(E40="Fail","F",IF(D40>=80,"A+",IF(D40>=70,"A",IF(D40>=60,"A-",IF(D40>=50,"B",IF(D40>=40,"C",IF(D40>=33,"D","F"))))))))) -> F | G40: =(IF(D40="","",IF(F40="F",0,IF(D40>=80,5,IF(D40>=70,4,IF(D40>=60,3.5,IF(D40>=50,3,IF(D40>=40,2,IF(D40>=33,1,0))))))))) -> 0
A41: ='Student Basic Info'!A41 -> 140 | C41: 25 | D41: =IF(B41+C41=0, "", B41+C41) -> 25 | E41: =IF(D41="","", IF(C41>=33,"Pass","Fail")) -> Fail | F41: =(IF(D41="","",IF(E41="Fail","F",IF(D41>=80,"A+",IF(D41>=70,"A",IF(D41>=60,"A-",IF(D41>=50,"B",IF(D41>=40,"C",IF(D41>=33,"D","F"))))))))) -> F | G41: =(IF(D41="","",IF(F41="F",0,IF(D41>=80,5,IF(D41>=70,4,IF(D41>=60,3.5,IF(D41>=50,3,IF(D41>=40,2,IF(D41>=33,1,0))))))))) -> 0
A42: ='Student Basic Info'!A42 -> 141 | C42: 55 | D42: =IF(B42+C42=0, "", B42+C42) -> 55 | E42: =IF(D42="","", IF(C42>=33,"Pass","Fail")) -> Pass | F42: =(IF(D42="","",IF(E42="Fail","F",IF(D42>=80,"A+",IF(D42>=70,"A",IF(D42>=60,"A-",IF(D42>=50,"B",IF(D42>=40,"C",IF(D42>=33,"D","F"))))))))) -> B | G42: =(IF(D42="","",IF(F42="F",0,IF(D42>=80,5,IF(D42>=70,4,IF(D42>=60,3.5,IF(D42>=50,3,IF(D42>=40,2,IF(D42>=33,1,0))))))))) -> 3
A43: ='Student Basic Info'!A43 -> 142 | C43: 52 | D43: =IF(B43+C43=0, "", B43+C43) -> 52 | E43: =IF(D43="","", IF(C43>=33,"Pass","Fail")) -> Pass | F43: =(IF(D43="","",IF(E43="Fail","F",IF(D43>=80,"A+",IF(D43>=70,"A",IF(D43>=60,"A-",IF(D43>=50,"B",IF(D43>=40,"C",IF(D43>=33,"D","F"))))))))) -> B | G43: =(IF(D43="","",IF(F43="F",0,IF(D43>=80,5,IF(D43>=70,4,IF(D43>=60,3.5,IF(D43>=50,3,IF(D43>=40,2,IF(D43>=33,1,0))))))))) -> 3
A44: ='Student Basic Info'!A44 -> 143 | C44: 46 | D44: =IF(B44+C44=0, "", B44+C44) -> 46 | E44: =IF(D44="","", IF(C44>=33,"Pass","Fail")) -> Pass | F44: =(IF(D44="","",IF(E44="Fail","F",IF(D44>=80,"A+",IF(D44>=70,"A",IF(D44>=60,"A-",IF(D44>=50,"B",IF(D44>=40,"C",IF(D44>=33,"D","F"))))))))) -> C | G44: =(IF(D44="","",IF(F44="F",0,IF(D44>=80,5,IF(D44>=70,4,IF(D44>=60,3.5,IF(D44>=50,3,IF(D44>=40,2,IF(D44>=33,1,0))))))))) -> 2
A45: ='Student Basic Info'!A45 -> 144 | C45: 33 | D45: =IF(B45+C45=0, "", B45+C45) -> 33 | E45: =IF(D45="","", IF(C45>=33,"Pass","Fail")) -> Pass | F45: =(IF(D45="","",IF(E45="Fail","F",IF(D45>=80,"A+",IF(D45>=70,"A",IF(D45>=60,"A-",IF(D45>=50,"B",IF(D45>=40,"C",IF(D45>=33,"D","F"))))))))) -> D | G45: =(IF(D45="","",IF(F45="F",0,IF(D45>=80,5,IF(D45>=70,4,IF(D45>=60,3.5,IF(D45>=50,3,IF(D45>=40,2,IF(D45>=33,1,0))))))))) -> 1
A46: ='Student Basic Info'!A46 -> 145 | C46: 33 | D46: =IF(B46+C46=0, "", B46+C46) -> 33 | E46: =IF(D46="","", IF(C46>=33,"Pass","Fail")) -> Pass | F46: =(IF(D46="","",IF(E46="Fail","F",IF(D46>=80,"A+",IF(D46>=70,"A",IF(D46>=60,"A-",IF(D46>=50,"B",IF(D46>=40,"C",IF(D46>=33,"D","F"))))))))) -> D | G46: =(IF(D46="","",IF(F46="F",0,IF(D46>=80,5,IF(D46>=70,4,IF(D46>=60,3.5,IF(D46>=50,3,IF(D46>=40,2,IF(D46>=33,1,0))))))))) -> 1
A47: ='Student Basic Info'!A47 -> 146 | C47: 36 | D47: =IF(B47+C47=0, "", B47+C47) -> 36 | E47: =IF(D47="","", IF(C47>=33,"Pass","Fail")) -> Pass | F47: =(IF(D47="","",IF(E47="Fail","F",IF(D47>=80,"A+",IF(D47>=70,"A",IF(D47>=60,"A-",IF(D47>=50,"B",IF(D47>=40,"C",IF(D47>=33,"D","F"))))))))) -> D | G47: =(IF(D47="","",IF(F47="F",0,IF(D47>=80,5,IF(D47>=70,4,IF(D47>=60,3.5,IF(D47>=50,3,IF(D47>=40,2,IF(D47>=33,1,0))))))))) -> 1
A48: ='Student Basic Info'!A48 -> 147 | D48: =IF(B48+C48=0, "", B48+C48) | E48: =IF(D48="","", IF(C48>=33,"Pass","Fail")) | F48: =(IF(D48="","",IF(E48="Fail","F",IF(D48>=80,"A+",IF(D48>=70,"A",IF(D48>=60,"A-",IF(D48>=50,"B",IF(D48>=40,"C",IF(D48>=33,"D","F"))))))))) | G48: =(IF(D48="","",IF(F48="F",0,IF(D48>=80,5,IF(D48>=70,4,IF(D48>=60,3.5,IF(D48>=50,3,IF(D48>=40,2,IF(D48>=33,1,0)))))))))
A49: ='Student Basic Info'!A49 -> 148 | C49: 33 | D49: =IF(B49+C49=0, "", B49+C49) -> 33 | E49: =IF(D49="","", IF(C49>=33,"Pass","Fail")) -> Pass | F49: =(IF(D49="","",IF(E49="Fail","F",IF(D49>=80,"A+",IF(D49>=70,"A",IF(D49>=60,"A-",IF(D49>=50,"B",IF(D49>=40,"C",IF(D49>=33,"D","F"))))))))) -> D | G49: =(IF(D49="","",IF(F49="F",0,IF(D49>=80,5,IF(D49>=70,4,IF(D49>=60,3.5,IF(D49>=50,3,IF(D49>=40,2,IF(D49>=33,1,0))))))))) -> 1
A50: ='Student Basic Info'!A50 -> 149 | C50: 33 | D50: =IF(B50+C50=0, "", B50+C50) -> 33 | E50: =IF(D50="","", IF(C50>=33,"Pass","Fail")) -> Pass | F50: =(IF(D50="","",IF(E50="Fail","F",IF(D50>=80,"A+",IF(D50>=70,"A",IF(D50>=60,"A-",IF(D50>=50,"B",IF(D50>=40,"C",IF(D50>=33,"D","F"))))))))) -> D | G50: =(IF(D50="","",IF(F50="F",0,IF(D50>=80,5,IF(D50>=70,4,IF(D50>=60,3.5,IF(D50>=50,3,IF(D50>=40,2,IF(D50>=33,1,0))))))))) -> 1
A51: ='Student Basic Info'!A51 -> 150 | D51: =IF(B51+C51=0, "", B51+C51) | E51: =IF(D51="","", IF(C51>=33,"Pass","Fail")) | F51: =(IF(D51="","",IF(E51="Fail","F",IF(D51>=80,"A+",IF(D51>=70,"A",IF(D51>=60,"A-",IF(D51>=50,"B",IF(D51>=40,"C",IF(D51>=33,"D","F"))))))))) | G51: =(IF(D51="","",IF(F51="F",0,IF(D51>=80,5,IF(D51>=70,4,IF(D51>=60,3.5,IF(D51>=50,3,IF(D51>=40,2,IF(D51>=33,1,0)))))))))
A52: ='Student Basic Info'!A52 -> 151 | C52: 33 | D52: =IF(B52+C52=0, "", B52+C52) -> 33 | E52: =IF(D52="","", IF(C52>=33,"Pass","Fail")) -> Pass | F52: =(IF(D52="","",IF(E52="Fail","F",IF(D52>=80,"A+",IF(D52>=70,"A",IF(D52>=60,"A-",IF(D52>=50,"B",IF(D52>=40,"C",IF(D52>=33,"D","F"))))))))) -> D | G52: =(IF(D52="","",IF(F52="F",0,IF(D52>=80,5,IF(D52>=70,4,IF(D52>=60,3.5,IF(D52>=50,3,IF(D52>=40,2,IF(D52>=33,1,0))))))))) -> 1
A53: ='Student Basic Info'!A53 -> 152 | D53: =IF(B53+C53=0, "", B53+C53) | E53: =IF(D53="","", IF(C53>=33,"Pass","Fail")) | F53: =(IF(D53="","",IF(E53="Fail","F",IF(D53>=80,"A+",IF(D53>=70,"A",IF(D53>=60,"A-",IF(D53>=50,"B",IF(D53>=40,"C",IF(D53>=33,"D","F"))))))))) | G53: =(IF(D53="","",IF(F53="F",0,IF(D53>=80,5,IF(D53>=70,4,IF(D53>=60,3.5,IF(D53>=50,3,IF(D53>=40,2,IF(D53>=33,1,0)))))))))
A54: ='Student Basic Info'!A54 -> 153 | C54: 10 | D54: =IF(B54+C54=0, "", B54+C54) -> 10 | E54: =IF(D54="","", IF(C54>=33,"Pass","Fail")) -> Fail | F54: =(IF(D54="","",IF(E54="Fail","F",IF(D54>=80,"A+",IF(D54>=70,"A",IF(D54>=60,"A-",IF(D54>=50,"B",IF(D54>=40,"C",IF(D54>=33,"D","F"))))))))) -> F | G54: =(IF(D54="","",IF(F54="F",0,IF(D54>=80,5,IF(D54>=70,4,IF(D54>=60,3.5,IF(D54>=50,3,IF(D54>=40,2,IF(D54>=33,1,0))))))))) -> 0
A55: ='Student Basic Info'!A55 -> 154 | D55: =IF(B55+C55=0, "", B55+C55) | E55: =IF(D55="","", IF(C55>=33,"Pass","Fail")) | F55: =(IF(D55="","",IF(E55="Fail","F",IF(D55>=80,"A+",IF(D55>=70,"A",IF(D55>=60,"A-",IF(D55>=50,"B",IF(D55>=40,"C",IF(D55>=33,"D","F"))))))))) | G55: =(IF(D55="","",IF(F55="F",0,IF(D55>=80,5,IF(D55>=70,4,IF(D55>=60,3.5,IF(D55>=50,3,IF(D55>=40,2,IF(D55>=33,1,0)))))))))
A56: ='Student Basic Info'!A56 -> 155 | D56: =IF(B56+C56=0, "", B56+C56) | E56: =IF(D56="","", IF(C56>=33,"Pass","Fail")) | F56: =(IF(D56="","",IF(E56="Fail","F",IF(D56>=80,"A+",IF(D56>=70,"A",IF(D56>=60,"A-",IF(D56>=50,"B",IF(D56>=40,"C",IF(D56>=33,"D","F"))))))))) | G56: =(IF(D56="","",IF(F56="F",0,IF(D56>=80,5,IF(D56>=70,4,IF(D56>=60,3.5,IF(D56>=50,3,IF(D56>=40,2,IF(D56>=33,1,0)))))))))
A57: ='Student Basic Info'!A57 -> 156 | D57: =IF(B57+C57=0, "", B57+C57) | E57: =IF(D57="","", IF(C57>=33,"Pass","Fail")) | F57: =(IF(D57="","",IF(E57="Fail","F",IF(D57>=80,"A+",IF(D57>=70,"A",IF(D57>=60,"A-",IF(D57>=50,"B",IF(D57>=40,"C",IF(D57>=33,"D","F"))))))))) | G57: =(IF(D57="","",IF(F57="F",0,IF(D57>=80,5,IF(D57>=70,4,IF(D57>=60,3.5,IF(D57>=50,3,IF(D57>=40,2,IF(D57>=33,1,0)))))))))
A58: ='Student Basic Info'!A58 -> 157 | C58: 33 | D58: =IF(B58+C58=0, "", B58+C58) -> 33 | E58: =IF(D58="","", IF(C58>=33,"Pass","Fail")) -> Pass | F58: =(IF(D58="","",IF(E58="Fail","F",IF(D58>=80,"A+",IF(D58>=70,"A",IF(D58>=60,"A-",IF(D58>=50,"B",IF(D58>=40,"C",IF(D58>=33,"D","F"))))))))) -> D | G58: =(IF(D58="","",IF(F58="F",0,IF(D58>=80,5,IF(D58>=70,4,IF(D58>=60,3.5,IF(D58>=50,3,IF(D58>=40,2,IF(D58>=33,1,0))))))))) -> 1
A59: ='Student Basic Info'!A59 -> 158 | D59: =IF(B59+C59=0, "", B59+C59) | E59: =IF(D59="","", IF(C59>=33,"Pass","Fail")) | F59: =(IF(D59="","",IF(E59="Fail","F",IF(D59>=80,"A+",IF(D59>=70,"A",IF(D59>=60,"A-",IF(D59>=50,"B",IF(D59>=40,"C",IF(D59>=33,"D","F"))))))))) | G59: =(IF(D59="","",IF(F59="F",0,IF(D59>=80,5,IF(D59>=70,4,IF(D59>=60,3.5,IF(D59>=50,3,IF(D59>=40,2,IF(D59>=33,1,0)))))))))
A60: ='Student Basic Info'!A60 -> 159 | C60: 40 | D60: =IF(B60+C60=0, "", B60+C60) -> 40 | E60: =IF(D60="","", IF(C60>=33,"Pass","Fail")) -> Pass | F60: =(IF(D60="","",IF(E60="Fail","F",IF(D60>=80,"A+",IF(D60>=70,"A",IF(D60>=60,"A-",IF(D60>=50,"B",IF(D60>=40,"C",IF(D60>=33,"D","F"))))))))) -> C | G60: =(IF(D60="","",IF(F60="F",0,IF(D60>=80,5,IF(D60>=70,4,IF(D60>=60,3.5,IF(D60>=50,3,IF(D60>=40,2,IF(D60>=33,1,0))))))))) -> 2
A61: ='Student Basic Info'!A61 -> 160 | D61: =IF(B61+C61=0, "", B61+C61) | E61: =IF(D61="","", IF(C61>=33,"Pass","Fail")) | F61: =(IF(D61="","",IF(E61="Fail","F",IF(D61>=80,"A+",IF(D61>=70,"A",IF(D61>=60,"A-",IF(D61>=50,"B",IF(D61>=40,"C",IF(D61>=33,"D","F"))))))))) | G61: =(IF(D61="","",IF(F61="F",0,IF(D61>=80,5,IF(D61>=70,4,IF(D61>=60,3.5,IF(D61>=50,3,IF(D61>=40,2,IF(D61>=33,1,0)))))))))
A62: ='Student Basic Info'!A62 -> 161 | D62: =IF(B62+C62=0, "", B62+C62) | E62: =IF(D62="","", IF(C62>=33,"Pass","Fail")) | F62: =(IF(D62="","",IF(E62="Fail","F",IF(D62>=80,"A+",IF(D62>=70,"A",IF(D62>=60,"A-",IF(D62>=50,"B",IF(D62>=40,"C",IF(D62>=33,"D","F"))))))))) | G62: =(IF(D62="","",IF(F62="F",0,IF(D62>=80,5,IF(D62>=70,4,IF(D62>=60,3.5,IF(D62>=50,3,IF(D62>=40,2,IF(D62>=33,1,0)))))))))
A63: ='Student Basic Info'!A63 -> 162 | C63: 9 | D63: =IF(B63+C63=0, "", B63+C63) -> 9 | E63: =IF(D63="","", IF(C63>=33,"Pass","Fail")) -> Fail | F63: =(IF(D63="","",IF(E63="Fail","F",IF(D63>=80,"A+",IF(D63>=70,"A",IF(D63>=60,"A-",IF(D63>=50,"B",IF(D63>=40,"C",IF(D63>=33,"D","F"))))))))) -> F | G63: =(IF(D63="","",IF(F63="F",0,IF(D63>=80,5,IF(D63>=70,4,IF(D63>=60,3.5,IF(D63>=50,3,IF(D63>=40,2,IF(D63>=33,1,0))))))))) -> 0
A64: ='Student Basic Info'!A64 -> 163 | C64: 22 | D64: =IF(B64+C64=0, "", B64+C64) -> 22 | E64: =IF(D64="","", IF(C64>=33,"Pass","Fail")) -> Fail | F64: =(IF(D64="","",IF(E64="Fail","F",IF(D64>=80,"A+",IF(D64>=70,"A",IF(D64>=60,"A-",IF(D64>=50,"B",IF(D64>=40,"C",IF(D64>=33,"D","F"))))))))) -> F | G64: =(IF(D64="","",IF(F64="F",0,IF(D64>=80,5,IF(D64>=70,4,IF(D64>=60,3.5,IF(D64>=50,3,IF(D64>=40,2,IF(D64>=33,1,0))))))))) -> 0
A65: ='Student Basic Info'!A65 -> 164 | D65: =IF(B65+C65=0, "", B65+C65) | E65: =IF(D65="","", IF(C65>=33,"Pass","Fail")) | F65: =(IF(D65="","",IF(E65="Fail","F",IF(D65>=80,"A+",IF(D65>=70,"A",IF(D65>=60,"A-",IF(D65>=50,"B",IF(D65>=40,"C",IF(D65>=33,"D","F"))))))))) | G65: =(IF(D65="","",IF(F65="F",0,IF(D65>=80,5,IF(D65>=70,4,IF(D65>=60,3.5,IF(D65>=50,3,IF(D65>=40,2,IF(D65>=33,1,0)))))))))
A66: ='Student Basic Info'!A66 -> 165 | D66: =IF(B66+C66=0, "", B66+C66) | E66: =IF(D66="","", IF(C66>=33,"Pass","Fail")) | F66: =(IF(D66="","",IF(E66="Fail","F",IF(D66>=80,"A+",IF(D66>=70,"A",IF(D66>=60,"A-",IF(D66>=50,"B",IF(D66>=40,"C",IF(D66>=33,"D","F"))))))))) | G66: =(IF(D66="","",IF(F66="F",0,IF(D66>=80,5,IF(D66>=70,4,IF(D66>=60,3.5,IF(D66>=50,3,IF(D66>=40,2,IF(D66>=33,1,0)))))))))
A67: ='Student Basic Info'!A67 -> 166 | C67: 24 | D67: =IF(B67+C67=0, "", B67+C67) -> 24 | E67: =IF(D67="","", IF(C67>=33,"Pass","Fail")) -> Fail | F67: =(IF(D67="","",IF(E67="Fail","F",IF(D67>=80,"A+",IF(D67>=70,"A",IF(D67>=60,"A-",IF(D67>=50,"B",IF(D67>=40,"C",IF(D67>=33,"D","F"))))))))) -> F | G67: =(IF(D67="","",IF(F67="F",0,IF(D67>=80,5,IF(D67>=70,4,IF(D67>=60,3.5,IF(D67>=50,3,IF(D67>=40,2,IF(D67>=33,1,0))))))))) -> 0
A68: ='Student Basic Info'!A68 -> 167 | D68: =IF(B68+C68=0, "", B68+C68) | E68: =IF(D68="","", IF(C68>=33,"Pass","Fail")) | F68: =(IF(D68="","",IF(E68="Fail","F",IF(D68>=80,"A+",IF(D68>=70,"A",IF(D68>=60,"A-",IF(D68>=50,"B",IF(D68>=40,"C",IF(D68>=33,"D","F"))))))))) | G68: =(IF(D68="","",IF(F68="F",0,IF(D68>=80,5,IF(D68>=70,4,IF(D68>=60,3.5,IF(D68>=50,3,IF(D68>=40,2,IF(D68>=33,1,0)))))))))
A69: ='Student Basic Info'!A69 -> 168 | C69: 26 | D69: =IF(B69+C69=0, "", B69+C69) -> 26 | E69: =IF(D69="","", IF(C69>=33,"Pass","Fail")) -> Fail | F69: =(IF(D69="","",IF(E69="Fail","F",IF(D69>=80,"A+",IF(D69>=70,"A",IF(D69>=60,"A-",IF(D69>=50,"B",IF(D69>=40,"C",IF(D69>=33,"D","F"))))))))) -> F | G69: =(IF(D69="","",IF(F69="F",0,IF(D69>=80,5,IF(D69>=70,4,IF(D69>=60,3.5,IF(D69>=50,3,IF(D69>=40,2,IF(D69>=33,1,0))))))))) -> 0
A70: ='Student Basic Info'!A70 -> 169 | C70: 55 | D70: =IF(B70+C70=0, "", B70+C70) -> 55 | E70: =IF(D70="","", IF(C70>=33,"Pass","Fail")) -> Pass | F70: =(IF(D70="","",IF(E70="Fail","F",IF(D70>=80,"A+",IF(D70>=70,"A",IF(D70>=60,"A-",IF(D70>=50,"B",IF(D70>=40,"C",IF(D70>=33,"D","F"))))))))) -> B | G70: =(IF(D70="","",IF(F70="F",0,IF(D70>=80,5,IF(D70>=70,4,IF(D70>=60,3.5,IF(D70>=50,3,IF(D70>=40,2,IF(D70>=33,1,0))))))))) -> 3
A71: ='Student Basic Info'!A71 -> 170 | D71: =IF(B71+C71=0, "", B71+C71) | E71: =IF(D71="","", IF(C71>=33,"Pass","Fail")) | F71: =(IF(D71="","",IF(E71="Fail","F",IF(D71>=80,"A+",IF(D71>=70,"A",IF(D71>=60,"A-",IF(D71>=50,"B",IF(D71>=40,"C",IF(D71>=33,"D","F"))))))))) | G71: =(IF(D71="","",IF(F71="F",0,IF(D71>=80,5,IF(D71>=70,4,IF(D71>=60,3.5,IF(D71>=50,3,IF(D71>=40,2,IF(D71>=33,1,0)))))))))
A72: ='Student Basic Info'!A72 -> 171 | D72: =IF(B72+C72=0, "", B72+C72) | E72: =IF(D72="","", IF(C72>=33,"Pass","Fail")) | F72: =(IF(D72="","",IF(E72="Fail","F",IF(D72>=80,"A+",IF(D72>=70,"A",IF(D72>=60,"A-",IF(D72>=50,"B",IF(D72>=40,"C",IF(D72>=33,"D","F"))))))))) | G72: =(IF(D72="","",IF(F72="F",0,IF(D72>=80,5,IF(D72>=70,4,IF(D72>=60,3.5,IF(D72>=50,3,IF(D72>=40,2,IF(D72>=33,1,0)))))))))
A73: ='Student Basic Info'!A73 -> 172 | C73: 17 | D73: =IF(B73+C73=0, "", B73+C73) -> 17 | E73: =IF(D73="","", IF(C73>=33,"Pass","Fail")) -> Fail | F73: =(IF(D73="","",IF(E73="Fail","F",IF(D73>=80,"A+",IF(D73>=70,"A",IF(D73>=60,"A-",IF(D73>=50,"B",IF(D73>=40,"C",IF(D73>=33,"D","F"))))))))) -> F | G73: =(IF(D73="","",IF(F73="F",0,IF(D73>=80,5,IF(D73>=70,4,IF(D73>=60,3.5,IF(D73>=50,3,IF(D73>=40,2,IF(D73>=33,1,0))))))))) -> 0
A74: ='Student Basic Info'!A74 -> 173 | C74: 35 | D74: =IF(B74+C74=0, "", B74+C74) -> 35 | E74: =IF(D74="","", IF(C74>=33,"Pass","Fail")) -> Pass | F74: =(IF(D74="","",IF(E74="Fail","F",IF(D74>=80,"A+",IF(D74>=70,"A",IF(D74>=60,"A-",IF(D74>=50,"B",IF(D74>=40,"C",IF(D74>=33,"D","F"))))))))) -> D | G74: =(IF(D74="","",IF(F74="F",0,IF(D74>=80,5,IF(D74>=70,4,IF(D74>=60,3.5,IF(D74>=50,3,IF(D74>=40,2,IF(D74>=33,1,0))))))))) -> 1
A75: ='Student Basic Info'!A75 -> 174 | C75: 34 | D75: =IF(B75+C75=0, "", B75+C75) -> 34 | E75: =IF(D75="","", IF(C75>=33,"Pass","Fail")) -> Pass | F75: =(IF(D75="","",IF(E75="Fail","F",IF(D75>=80,"A+",IF(D75>=70,"A",IF(D75>=60,"A-",IF(D75>=50,"B",IF(D75>=40,"C",IF(D75>=33,"D","F"))))))))) -> D | G75: =(IF(D75="","",IF(F75="F",0,IF(D75>=80,5,IF(D75>=70,4,IF(D75>=60,3.5,IF(D75>=50,3,IF(D75>=40,2,IF(D75>=33,1,0))))))))) -> 1
A76: ='Student Basic Info'!A76 -> 175 | D76: =IF(B76+C76=0, "", B76+C76) | E76: =IF(D76="","", IF(C76>=33,"Pass","Fail")) | F76: =(IF(D76="","",IF(E76="Fail","F",IF(D76>=80,"A+",IF(D76>=70,"A",IF(D76>=60,"A-",IF(D76>=50,"B",IF(D76>=40,"C",IF(D76>=33,"D","F"))))))))) | G76: =(IF(D76="","",IF(F76="F",0,IF(D76>=80,5,IF(D76>=70,4,IF(D76>=60,3.5,IF(D76>=50,3,IF(D76>=40,2,IF(D76>=33,1,0)))))))))
A77: ='Student Basic Info'!A77 -> 176 | D77: =IF(B77+C77=0, "", B77+C77) | E77: =IF(D77="","", IF(C77>=33,"Pass","Fail")) | F77: =(IF(D77="","",IF(E77="Fail","F",IF(D77>=80,"A+",IF(D77>=70,"A",IF(D77>=60,"A-",IF(D77>=50,"B",IF(D77>=40,"C",IF(D77>=33,"D","F"))))))))) | G77: =(IF(D77="","",IF(F77="F",0,IF(D77>=80,5,IF(D77>=70,4,IF(D77>=60,3.5,IF(D77>=50,3,IF(D77>=40,2,IF(D77>=33,1,0)))))))))
A78: ='Student Basic Info'!A78 -> 177 | C78: 42 | D78: =IF(B78+C78=0, "", B78+C78) -> 42 | E78: =IF(D78="","", IF(C78>=33,"Pass","Fail")) -> Pass | F78: =(IF(D78="","",IF(E78="Fail","F",IF(D78>=80,"A+",IF(D78>=70,"A",IF(D78>=60,"A-",IF(D78>=50,"B",IF(D78>=40,"C",IF(D78>=33,"D","F"))))))))) -> C | G78: =(IF(D78="","",IF(F78="F",0,IF(D78>=80,5,IF(D78>=70,4,IF(D78>=60,3.5,IF(D78>=50,3,IF(D78>=40,2,IF(D78>=33,1,0))))))))) -> 2
A79: ='Student Basic Info'!A79 -> 178 | C79: 8 | D79: =IF(B79+C79=0, "", B79+C79) -> 8 | E79: =IF(D79="","", IF(C79>=33,"Pass","Fail")) -> Fail | F79: =(IF(D79="","",IF(E79="Fail","F",IF(D79>=80,"A+",IF(D79>=70,"A",IF(D79>=60,"A-",IF(D79>=50,"B",IF(D79>=40,"C",IF(D79>=33,"D","F"))))))))) -> F | G79: =(IF(D79="","",IF(F79="F",0,IF(D79>=80,5,IF(D79>=70,4,IF(D79>=60,3.5,IF(D79>=50,3,IF(D79>=40,2,IF(D79>=33,1,0))))))))) -> 0
A80: ='Student Basic Info'!A80 -> 179 | C80: 33 | D80: =IF(B80+C80=0, "", B80+C80) -> 33 | E80: =IF(D80="","", IF(C80>=33,"Pass","Fail")) -> Pass | F80: =(IF(D80="","",IF(E80="Fail","F",IF(D80>=80,"A+",IF(D80>=70,"A",IF(D80>=60,"A-",IF(D80>=50,"B",IF(D80>=40,"C",IF(D80>=33,"D","F"))))))))) -> D | G80: =(IF(D80="","",IF(F80="F",0,IF(D80>=80,5,IF(D80>=70,4,IF(D80>=60,3.5,IF(D80>=50,3,IF(D80>=40,2,IF(D80>=33,1,0))))))))) -> 1
A81: ='Student Basic Info'!A81 -> 180 | C81: 33 | D81: =IF(B81+C81=0, "", B81+C81) -> 33 | E81: =IF(D81="","", IF(C81>=33,"Pass","Fail")) -> Pass | F81: =(IF(D81="","",IF(E81="Fail","F",IF(D81>=80,"A+",IF(D81>=70,"A",IF(D81>=60,"A-",IF(D81>=50,"B",IF(D81>=40,"C",IF(D81>=33,"D","F"))))))))) -> D | G81: =(IF(D81="","",IF(F81="F",0,IF(D81>=80,5,IF(D81>=70,4,IF(D81>=60,3.5,IF(D81>=50,3,IF(D81>=40,2,IF(D81>=33,1,0))))))))) -> 1
A82: ='Student Basic Info'!A82 -> 181 | C82: 33 | D82: =IF(B82+C82=0, "", B82+C82) -> 33 | E82: =IF(D82="","", IF(C82>=33,"Pass","Fail")) -> Pass | F82: =(IF(D82="","",IF(E82="Fail","F",IF(D82>=80,"A+",IF(D82>=70,"A",IF(D82>=60,"A-",IF(D82>=50,"B",IF(D82>=40,"C",IF(D82>=33,"D","F"))))))))) -> D | G82: =(IF(D82="","",IF(F82="F",0,IF(D82>=80,5,IF(D82>=70,4,IF(D82>=60,3.5,IF(D82>=50,3,IF(D82>=40,2,IF(D82>=33,1,0))))))))) -> 1
A83: ='Student Basic Info'!A83 -> 182 | C83: 33 | D83: =IF(B83+C83=0, "", B83+C83) -> 33 | E83: =IF(D83="","", IF(C83>=33,"Pass","Fail")) -> Pass | F83: =(IF(D83="","",IF(E83="Fail","F",IF(D83>=80,"A+",IF(D83>=70,"A",IF(D83>=60,"A-",IF(D83>=50,"B",IF(D83>=40,"C",IF(D83>=33,"D","F"))))))))) -> D | G83: =(IF(D83="","",IF(F83="F",0,IF(D83>=80,5,IF(D83>=70,4,IF(D83>=60,3.5,IF(D83>=50,3,IF(D83>=40,2,IF(D83>=33,1,0))))))))) -> 1
A84: ='Student Basic Info'!A84 -> 183 | C84: 33 | D84: =IF(B84+C84=0, "", B84+C84) -> 33 | E84: =IF(D84="","", IF(C84>=33,"Pass","Fail")) -> Pass | F84: =(IF(D84="","",IF(E84="Fail","F",IF(D84>=80,"A+",IF(D84>=70,"A",IF(D84>=60,"A-",IF(D84>=50,"B",IF(D84>=40,"C",IF(D84>=33,"D","F"))))))))) -> D | G84: =(IF(D84="","",IF(F84="F",0,IF(D84>=80,5,IF(D84>=70,4,IF(D84>=60,3.5,IF(D84>=50,3,IF(D84>=40,2,IF(D84>=33,1,0))))))))) -> 1
A85: ='Student Basic Info'!A85 -> 184 | D85: =IF(B85+C85=0, "", B85+C85) | E85: =IF(D85="","", IF(C85>=33,"Pass","Fail")) | F85: =(IF(D85="","",IF(E85="Fail","F",IF(D85>=80,"A+",IF(D85>=70,"A",IF(D85>=60,"A-",IF(D85>=50,"B",IF(D85>=40,"C",IF(D85>=33,"D","F"))))))))) | G85: =(IF(D85="","",IF(F85="F",0,IF(D85>=80,5,IF(D85>=70,4,IF(D85>=60,3.5,IF(D85>=50,3,IF(D85>=40,2,IF(D85>=33,1,0)))))))))
A86: ='Student Basic Info'!A86 -> 185 | C86: 18 | D86: =IF(B86+C86=0, "", B86+C86) -> 18 | E86: =IF(D86="","", IF(C86>=33,"Pass","Fail")) -> Fail | F86: =(IF(D86="","",IF(E86="Fail","F",IF(D86>=80,"A+",IF(D86>=70,"A",IF(D86>=60,"A-",IF(D86>=50,"B",IF(D86>=40,"C",IF(D86>=33,"D","F"))))))))) -> F | G86: =(IF(D86="","",IF(F86="F",0,IF(D86>=80,5,IF(D86>=70,4,IF(D86>=60,3.5,IF(D86>=50,3,IF(D86>=40,2,IF(D86>=33,1,0))))))))) -> 0
A87: ='Student Basic Info'!A87 -> 186 | C87: 33 | D87: =IF(B87+C87=0, "", B87+C87) -> 33 | E87: =IF(D87="","", IF(C87>=33,"Pass","Fail")) -> Pass | F87: =(IF(D87="","",IF(E87="Fail","F",IF(D87>=80,"A+",IF(D87>=70,"A",IF(D87>=60,"A-",IF(D87>=50,"B",IF(D87>=40,"C",IF(D87>=33,"D","F"))))))))) -> D | G87: =(IF(D87="","",IF(F87="F",0,IF(D87>=80,5,IF(D87>=70,4,IF(D87>=60,3.5,IF(D87>=50,3,IF(D87>=40,2,IF(D87>=33,1,0))))))))) -> 1
A88: ='Student Basic Info'!A88 -> 187 | C88: 25 | D88: =IF(B88+C88=0, "", B88+C88) -> 25 | E88: =IF(D88="","", IF(C88>=33,"Pass","Fail")) -> Fail | F88: =(IF(D88="","",IF(E88="Fail","F",IF(D88>=80,"A+",IF(D88>=70,"A",IF(D88>=60,"A-",IF(D88>=50,"B",IF(D88>=40,"C",IF(D88>=33,"D","F"))))))))) -> F | G88: =(IF(D88="","",IF(F88="F",0,IF(D88>=80,5,IF(D88>=70,4,IF(D88>=60,3.5,IF(D88>=50,3,IF(D88>=40,2,IF(D88>=33,1,0))))))))) -> 0
A89: ='Student Basic Info'!A89 -> 188 | D89: =IF(B89+C89=0, "", B89+C89) | E89: =IF(D89="","", IF(C89>=33,"Pass","Fail")) | F89: =(IF(D89="","",IF(E89="Fail","F",IF(D89>=80,"A+",IF(D89>=70,"A",IF(D89>=60,"A-",IF(D89>=50,"B",IF(D89>=40,"C",IF(D89>=33,"D","F"))))))))) | G89: =(IF(D89="","",IF(F89="F",0,IF(D89>=80,5,IF(D89>=70,4,IF(D89>=60,3.5,IF(D89>=50,3,IF(D89>=40,2,IF(D89>=33,1,0)))))))))
A90: ='Student Basic Info'!A90 -> 189 | C90: 40 | D90: =IF(B90+C90=0, "", B90+C90) -> 40 | E90: =IF(D90="","", IF(C90>=33,"Pass","Fail")) -> Pass | F90: =(IF(D90="","",IF(E90="Fail","F",IF(D90>=80,"A+",IF(D90>=70,"A",IF(D90>=60,"A-",IF(D90>=50,"B",IF(D90>=40,"C",IF(D90>=33,"D","F"))))))))) -> C | G90: =(IF(D90="","",IF(F90="F",0,IF(D90>=80,5,IF(D90>=70,4,IF(D90>=60,3.5,IF(D90>=50,3,IF(D90>=40,2,IF(D90>=33,1,0))))))))) -> 2
A91: ='Student Basic Info'!A91 -> 190 | D91: =IF(B91+C91=0, "", B91+C91) | E91: =IF(D91="","", IF(C91>=33,"Pass","Fail")) | F91: =(IF(D91="","",IF(E91="Fail","F",IF(D91>=80,"A+",IF(D91>=70,"A",IF(D91>=60,"A-",IF(D91>=50,"B",IF(D91>=40,"C",IF(D91>=33,"D","F"))))))))) | G91: =(IF(D91="","",IF(F91="F",0,IF(D91>=80,5,IF(D91>=70,4,IF(D91>=60,3.5,IF(D91>=50,3,IF(D91>=40,2,IF(D91>=33,1,0)))))))))
A92: ='Student Basic Info'!A92 -> 191 | D92: =IF(B92+C92=0, "", B92+C92) | E92: =IF(D92="","", IF(C92>=33,"Pass","Fail")) | F92: =(IF(D92="","",IF(E92="Fail","F",IF(D92>=80,"A+",IF(D92>=70,"A",IF(D92>=60,"A-",IF(D92>=50,"B",IF(D92>=40,"C",IF(D92>=33,"D","F"))))))))) | G92: =(IF(D92="","",IF(F92="F",0,IF(D92>=80,5,IF(D92>=70,4,IF(D92>=60,3.5,IF(D92>=50,3,IF(D92>=40,2,IF(D92>=33,1,0)))))))))
A93: ='Student Basic Info'!A93 -> 192 | C93: 21 | D93: =IF(B93+C93=0, "", B93+C93) -> 21 | E93: =IF(D93="","", IF(C93>=33,"Pass","Fail")) -> Fail | F93: =(IF(D93="","",IF(E93="Fail","F",IF(D93>=80,"A+",IF(D93>=70,"A",IF(D93>=60,"A-",IF(D93>=50,"B",IF(D93>=40,"C",IF(D93>=33,"D","F"))))))))) -> F | G93: =(IF(D93="","",IF(F93="F",0,IF(D93>=80,5,IF(D93>=70,4,IF(D93>=60,3.5,IF(D93>=50,3,IF(D93>=40,2,IF(D93>=33,1,0))))))))) -> 0
A94: ='Student Basic Info'!A94 -> 193 | C94: 18 | D94: =IF(B94+C94=0, "", B94+C94) -> 18 | E94: =IF(D94="","", IF(C94>=33,"Pass","Fail")) -> Fail | F94: =(IF(D94="","",IF(E94="Fail","F",IF(D94>=80,"A+",IF(D94>=70,"A",IF(D94>=60,"A-",IF(D94>=50,"B",IF(D94>=40,"C",IF(D94>=33,"D","F"))))))))) -> F | G94: =(IF(D94="","",IF(F94="F",0,IF(D94>=80,5,IF(D94>=70,4,IF(D94>=60,3.5,IF(D94>=50,3,IF(D94>=40,2,IF(D94>=33,1,0))))))))) -> 0
A95: ='Student Basic Info'!A95 -> 194 | D95: =IF(B95+C95=0, "", B95+C95) | E95: =IF(D95="","", IF(C95>=33,"Pass","Fail")) | F95: =(IF(D95="","",IF(E95="Fail","F",IF(D95>=80,"A+",IF(D95>=70,"A",IF(D95>=60,"A-",IF(D95>=50,"B",IF(D95>=40,"C",IF(D95>=33,"D","F"))))))))) | G95: =(IF(D95="","",IF(F95="F",0,IF(D95>=80,5,IF(D95>=70,4,IF(D95>=60,3.5,IF(D95>=50,3,IF(D95>=40,2,IF(D95>=33,1,0)))))))))
A96: ='Student Basic Info'!A96 -> 195 | C96: 43 | D96: =IF(B96+C96=0, "", B96+C96) -> 43 | E96: =IF(D96="","", IF(C96>=33,"Pass","Fail")) -> Pass | F96: =(IF(D96="","",IF(E96="Fail","F",IF(D96>=80,"A+",IF(D96>=70,"A",IF(D96>=60,"A-",IF(D96>=50,"B",IF(D96>=40,"C",IF(D96>=33,"D","F"))))))))) -> C | G96: =(IF(D96="","",IF(F96="F",0,IF(D96>=80,5,IF(D96>=70,4,IF(D96>=60,3.5,IF(D96>=50,3,IF(D96>=40,2,IF(D96>=33,1,0))))))))) -> 2
A97: ='Student Basic Info'!A97 -> 196 | D97: =IF(B97+C97=0, "", B97+C97) | E97: =IF(D97="","", IF(C97>=33,"Pass","Fail")) | F97: =(IF(D97="","",IF(E97="Fail","F",IF(D97>=80,"A+",IF(D97>=70,"A",IF(D97>=60,"A-",IF(D97>=50,"B",IF(D97>=40,"C",IF(D97>=33,"D","F"))))))))) | G97: =(IF(D97="","",IF(F97="F",0,IF(D97>=80,5,IF(D97>=70,4,IF(D97>=60,3.5,IF(D97>=50,3,IF(D97>=40,2,IF(D97>=33,1,0)))))))))
A98: ='Student Basic Info'!A98 -> 197 | D98: =IF(B98+C98=0, "", B98+C98) | E98: =IF(D98="","", IF(C98>=33,"Pass","Fail")) | F98: =(IF(D98="","",IF(E98="Fail","F",IF(D98>=80,"A+",IF(D98>=70,"A",IF(D98>=60,"A-",IF(D98>=50,"B",IF(D98>=40,"C",IF(D98>=33,"D","F"))))))))) | G98: =(IF(D98="","",IF(F98="F",0,IF(D98>=80,5,IF(D98>=70,4,IF(D98>=60,3.5,IF(D98>=50,3,IF(D98>=40,2,IF(D98>=33,1,0)))))))))
A99: ='Student Basic Info'!A99 -> 198 | D99: =IF(B99+C99=0, "", B99+C99) | E99: =IF(D99="","", IF(C99>=33,"Pass","Fail")) | F99: =(IF(D99="","",IF(E99="Fail","F",IF(D99>=80,"A+",IF(D99>=70,"A",IF(D99>=60,"A-",IF(D99>=50,"B",IF(D99>=40,"C",IF(D99>=33,"D","F"))))))))) | G99: =(IF(D99="","",IF(F99="F",0,IF(D99>=80,5,IF(D99>=70,4,IF(D99>=60,3.5,IF(D99>=50,3,IF(D99>=40,2,IF(D99>=33,1,0)))))))))
A100: ='Student Basic Info'!A100 -> 199 | D100: =IF(B100+C100=0, "", B100+C100) | E100: =IF(D100="","", IF(C100>=33,"Pass","Fail")) | F100: =(IF(D100="","",IF(E100="Fail","F",IF(D100>=80,"A+",IF(D100>=70,"A",IF(D100>=60,"A-",IF(D100>=50,"B",IF(D100>=40,"C",IF(D100>=33,"D","F"))))))))) | G100: =(IF(D100="","",IF(F100="F",0,IF(D100>=80,5,IF(D100>=70,4,IF(D100>=60,3.5,IF(D100>=50,3,IF(D100>=40,2,IF(D100>=33,1,0)))))))))
...

Sheet English
A1: Roll | B1: Marks CQ | C1: Total Marks | D1: Result | E1: Grade | F1: GPA
A2: ='Student Basic Info'!A2 -> 101 | B2: 24 | C2: =IF(B2=0,"",B2) -> 24 | D2: =IF(C2="","", IF(C2>=33,"Pass","Fail")) -> Fail | E2: =(IF(C2="","",IF(D2="Fail","F",IF(C2>=80,"A+",IF(C2>=70,"A",IF(C2>=60,"A-",IF(C2>=50,"B",IF(C2>=40,"C",IF(C2>=33,"D","F"))))))))) -> F | F2: =(IF(C2="","",IF(E2="F",0,IF(C2>=80,5,IF(C2>=70,4,IF(C2>=60,3.5,IF(C2>=50,3,IF(C2>=40,2,IF(C2>=33,1,0))))))))) -> 0
A3: ='Student Basic Info'!A3 -> 102 | B3: 33 | C3: =IF(B3=0,"",B3) -> 33 | D3: =IF(C3="","", IF(C3>=33,"Pass","Fail")) -> Pass | E3: =(IF(C3="","",IF(D3="Fail","F",IF(C3>=80,"A+",IF(C3>=70,"A",IF(C3>=60,"A-",IF(C3>=50,"B",IF(C3>=40,"C",IF(C3>=33,"D","F"))))))))) -> D | F3: =(IF(C3="","",IF(E3="F",0,IF(C3>=80,5,IF(C3>=70,4,IF(C3>=60,3.5,IF(C3>=50,3,IF(C3>=40,2,IF(C3>=33,1,0))))))))) -> 1
A4: ='Student Basic Info'!A4 -> 103 | B4: 18 | C4: =IF(B4=0,"",B4) -> 18 | D4: =IF(C4="","", IF(C4>=33,"Pass","Fail")) -> Fail | E4: =(IF(C4="","",IF(D4="Fail","F",IF(C4>=80,"A+",IF(C4>=70,"A",IF(C4>=60,"A-",IF(C4>=50,"B",IF(C4>=40,"C",IF(C4>=33,"D","F"))))))))) -> F | F4: =(IF(C4="","",IF(E4="F",0,IF(C4>=80,5,IF(C4>=70,4,IF(C4>=60,3.5,IF(C4>=50,3,IF(C4>=40,2,IF(C4>=33,1,0))))))))) -> 0
A5: ='Student Basic Info'!A5 -> 104 | B5: 33 | C5: =IF(B5=0,"",B5) -> 33 | D5: =IF(C5="","", IF(C5>=33,"Pass","Fail")) -> Pass | E5: =(IF(C5="","",IF(D5="Fail","F",IF(C5>=80,"A+",IF(C5>=70,"A",IF(C5>=60,"A-",IF(C5>=50,"B",IF(C5>=40,"C",IF(C5>=33,"D","F"))))))))) -> D | F5: =(IF(C5="","",IF(E5="F",0,IF(C5>=80,5,IF(C5>=70,4,IF(C5>=60,3.5,IF(C5>=50,3,IF(C5>=40,2,IF(C5>=33,1,0))))))))) -> 1
A6: ='Student Basic Info'!A6 -> 105 | B6: 33 | C6: =IF(B6=0,"",B6) -> 33 | D6: =IF(C6="","", IF(C6>=33,"Pass","Fail")) -> Pass | E6: =(IF(C6="","",IF(D6="Fail","F",IF(C6>=80,"A+",IF(C6>=70,"A",IF(C6>=60,"A-",IF(C6>=50,"B",IF(C6>=40,"C",IF(C6>=33,"D","F"))))))))) -> D | F6: =(IF(C6="","",IF(E6="F",0,IF(C6>=80,5,IF(C6>=70,4,IF(C6>=60,3.5,IF(C6>=50,3,IF(C6>=40,2,IF(C6>=33,1,0))))))))) -> 1
A7: ='Student Basic Info'!A7 -> 106 | B7: 38 | C7: =IF(B7=0,"",B7) -> 38 | D7: =IF(C7="","", IF(C7>=33,"Pass","Fail")) -> Pass | E7: =(IF(C7="","",IF(D7="Fail","F",IF(C7>=80,"A+",IF(C7>=70,"A",IF(C7>=60,"A-",IF(C7>=50,"B",IF(C7>=40,"C",IF(C7>=33,"D","F"))))))))) -> D | F7: =(IF(C7="","",IF(E7="F",0,IF(C7>=80,5,IF(C7>=70,4,IF(C7>=60,3.5,IF(C7>=50,3,IF(C7>=40,2,IF(C7>=33,1,0))))))))) -> 1
A8: ='Student Basic Info'!A8 -> 107 | B8: 19 | C8: =IF(B8=0,"",B8) -> 19 | D8: =IF(C8="","", IF(C8>=33,"Pass","Fail")) -> Fail | E8: =(IF(C8="","",IF(D8="Fail","F",IF(C8>=80,"A+",IF(C8>=70,"A",IF(C8>=60,"A-",IF(C8>=50,"B",IF(C8>=40,"C",IF(C8>=33,"D","F"))))))))) -> F | F8: =(IF(C8="","",IF(E8="F",0,IF(C8>=80,5,IF(C8>=70,4,IF(C8>=60,3.5,IF(C8>=50,3,IF(C8>=40,2,IF(C8>=33,1,0))))))))) -> 0
A9: ='Student Basic Info'!A9 -> 108 | B9: 33 | C9: =IF(B9=0,"",B9) -> 33 | D9: =IF(C9="","", IF(C9>=33,"Pass","Fail")) -> Pass | E9: =(IF(C9="","",IF(D9="Fail","F",IF(C9>=80,"A+",IF(C9>=70,"A",IF(C9>=60,"A-",IF(C9>=50,"B",IF(C9>=40,"C",IF(C9>=33,"D","F"))))))))) -> D | F9: =(IF(C9="","",IF(E9="F",0,IF(C9>=80,5,IF(C9>=70,4,IF(C9>=60,3.5,IF(C9>=50,3,IF(C9>=40,2,IF(C9>=33,1,0))))))))) -> 1
A10: ='Student Basic Info'!A10 -> 109 | C10: =IF(B10=0,"",B10) | D10: =IF(C10="","", IF(C10>=33,"Pass","Fail")) | E10: =(IF(C10="","",IF(D10="Fail","F",IF(C10>=80,"A+",IF(C10>=70,"A",IF(C10>=60,"A-",IF(C10>=50,"B",IF(C10>=40,"C",IF(C10>=33,"D","F"))))))))) | F10: =(IF(C10="","",IF(E10="F",0,IF(C10>=80,5,IF(C10>=70,4,IF(C10>=60,3.5,IF(C10>=50,3,IF(C10>=40,2,IF(C10>=33,1,0)))))))))
A11: ='Student Basic Info'!A11 -> 110 | B11: 33 | C11: =IF(B11=0,"",B11) -> 33 | D11: =IF(C11="","", IF(C11>=33,"Pass","Fail")) -> Pass | E11: =(IF(C11="","",IF(D11="Fail","F",IF(C11>=80,"A+",IF(C11>=70,"A",IF(C11>=60,"A-",IF(C11>=50,"B",IF(C11>=40,"C",IF(C11>=33,"D","F"))))))))) -> D | F11: =(IF(C11="","",IF(E11="F",0,IF(C11>=80,5,IF(C11>=70,4,IF(C11>=60,3.5,IF(C11>=50,3,IF(C11>=40,2,IF(C11>=33,1,0))))))))) -> 1
A12: ='Student Basic Info'!A12 -> 111 | C12: =IF(B12=0,"",B12) | D12: =IF(C12="","", IF(C12>=33,"Pass","Fail")) | E12: =(IF(C12="","",IF(D12="Fail","F",IF(C12>=80,"A+",IF(C12>=70,"A",IF(C12>=60,"A-",IF(C12>=50,"B",IF(C12>=40,"C",IF(C12>=33,"D","F"))))))))) | F12: =(IF(C12="","",IF(E12="F",0,IF(C12>=80,5,IF(C12>=70,4,IF(C12>=60,3.5,IF(C12>=50,3,IF(C12>=40,2,IF(C12>=33,1,0)))))))))
A13: ='Student Basic Info'!A13 -> 112 | C13: =IF(B13=0,"",B13) | D13: =IF(C13="","", IF(C13>=33,"Pass","Fail")) | E13: =(IF(C13="","",IF(D13="Fail","F",IF(C13>=80,"A+",IF(C13>=70,"A",IF(C13>=60,"A-",IF(C13>=50,"B",IF(C13>=40,"C",IF(C13>=33,"D","F"))))))))) | F13: =(IF(C13="","",IF(E13="F",0,IF(C13>=80,5,IF(C13>=70,4,IF(C13>=60,3.5,IF(C13>=50,3,IF(C13>=40,2,IF(C13>=33,1,0)))))))))
A14: ='Student Basic Info'!A14 -> 113 | B14: 50 | C14: =IF(B14=0,"",B14) -> 50 | D14: =IF(C14="","", IF(C14>=33,"Pass","Fail")) -> Pass | E14: =(IF(C14="","",IF(D14="Fail","F",IF(C14>=80,"A+",IF(C14>=70,"A",IF(C14>=60,"A-",IF(C14>=50,"B",IF(C14>=40,"C",IF(C14>=33,"D","F"))))))))) -> B | F14: =(IF(C14="","",IF(E14="F",0,IF(C14>=80,5,IF(C14>=70,4,IF(C14>=60,3.5,IF(C14>=50,3,IF(C14>=40,2,IF(C14>=33,1,0))))))))) -> 3
A15: ='Student Basic Info'!A15 -> 114 | C15: =IF(B15=0,"",B15) | D15: =IF(C15="","", IF(C15>=33,"Pass","Fail")) | E15: =(IF(C15="","",IF(D15="Fail","F",IF(C15>=80,"A+",IF(C15>=70,"A",IF(C15>=60,"A-",IF(C15>=50,"B",IF(C15>=40,"C",IF(C15>=33,"D","F"))))))))) | F15: =(IF(C15="","",IF(E15="F",0,IF(C15>=80,5,IF(C15>=70,4,IF(C15>=60,3.5,IF(C15>=50,3,IF(C15>=40,2,IF(C15>=33,1,0)))))))))
A16: ='Student Basic Info'!A16 -> 115 | C16: =IF(B16=0,"",B16) | D16: =IF(C16="","", IF(C16>=33,"Pass","Fail")) | E16: =(IF(C16="","",IF(D16="Fail","F",IF(C16>=80,"A+",IF(C16>=70,"A",IF(C16>=60,"A-",IF(C16>=50,"B",IF(C16>=40,"C",IF(C16>=33,"D","F"))))))))) | F16: =(IF(C16="","",IF(E16="F",0,IF(C16>=80,5,IF(C16>=70,4,IF(C16>=60,3.5,IF(C16>=50,3,IF(C16>=40,2,IF(C16>=33,1,0)))))))))
A17: ='Student Basic Info'!A17 -> 116 | B17: 40 | C17: =IF(B17=0,"",B17) -> 40 | D17: =IF(C17="","", IF(C17>=33,"Pass","Fail")) -> Pass | E17: =(IF(C17="","",IF(D17="Fail","F",IF(C17>=80,"A+",IF(C17>=70,"A",IF(C17>=60,"A-",IF(C17>=50,"B",IF(C17>=40,"C",IF(C17>=33,"D","F"))))))))) -> C | F17: =(IF(C17="","",IF(E17="F",0,IF(C17>=80,5,IF(C17>=70,4,IF(C17>=60,3.5,IF(C17>=50,3,IF(C17>=40,2,IF(C17>=33,1,0))))))))) -> 2
A18: ='Student Basic Info'!A18 -> 117 | B18: 60 | C18: =IF(B18=0,"",B18) -> 60 | D18: =IF(C18="","", IF(C18>=33,"Pass","Fail")) -> Pass | E18: =(IF(C18="","",IF(D18="Fail","F",IF(C18>=80,"A+",IF(C18>=70,"A",IF(C18>=60,"A-",IF(C18>=50,"B",IF(C18>=40,"C",IF(C18>=33,"D","F"))))))))) -> A- | F18: =(IF(C18="","",IF(E18="F",0,IF(C18>=80,5,IF(C18>=70,4,IF(C18>=60,3.5,IF(C18>=50,3,IF(C18>=40,2,IF(C18>=33,1,0))))))))) -> 3.5
A19: ='Student Basic Info'!A19 -> 118 | B19: 52 | C19: =IF(B19=0,"",B19) -> 52 | D19: =IF(C19="","", IF(C19>=33,"Pass","Fail")) -> Pass | E19: =(IF(C19="","",IF(D19="Fail","F",IF(C19>=80,"A+",IF(C19>=70,"A",IF(C19>=60,"A-",IF(C19>=50,"B",IF(C19>=40,"C",IF(C19>=33,"D","F"))))))))) -> B | F19: =(IF(C19="","",IF(E19="F",0,IF(C19>=80,5,IF(C19>=70,4,IF(C19>=60,3.5,IF(C19>=50,3,IF(C19>=40,2,IF(C19>=33,1,0))))))))) -> 3
A20: ='Student Basic Info'!A20 -> 119 | C20: =IF(B20=0,"",B20) | D20: =IF(C20="","", IF(C20>=33,"Pass","Fail")) | E20: =(IF(C20="","",IF(D20="Fail","F",IF(C20>=80,"A+",IF(C20>=70,"A",IF(C20>=60,"A-",IF(C20>=50,"B",IF(C20>=40,"C",IF(C20>=33,"D","F"))))))))) | F20: =(IF(C20="","",IF(E20="F",0,IF(C20>=80,5,IF(C20>=70,4,IF(C20>=60,3.5,IF(C20>=50,3,IF(C20>=40,2,IF(C20>=33,1,0)))))))))
A21: ='Student Basic Info'!A21 -> 120 | B21: 18 | C21: =IF(B21=0,"",B21) -> 18 | D21: =IF(C21="","", IF(C21>=33,"Pass","Fail")) -> Fail | E21: =(IF(C21="","",IF(D21="Fail","F",IF(C21>=80,"A+",IF(C21>=70,"A",IF(C21>=60,"A-",IF(C21>=50,"B",IF(C21>=40,"C",IF(C21>=33,"D","F"))))))))) -> F | F21: =(IF(C21="","",IF(E21="F",0,IF(C21>=80,5,IF(C21>=70,4,IF(C21>=60,3.5,IF(C21>=50,3,IF(C21>=40,2,IF(C21>=33,1,0))))))))) -> 0
A22: ='Student Basic Info'!A22 -> 121 | B22: 20 | C22: =IF(B22=0,"",B22) -> 20 | D22: =IF(C22="","", IF(C22>=33,"Pass","Fail")) -> Fail | E22: =(IF(C22="","",IF(D22="Fail","F",IF(C22>=80,"A+",IF(C22>=70,"A",IF(C22>=60,"A-",IF(C22>=50,"B",IF(C22>=40,"C",IF(C22>=33,"D","F"))))))))) -> F | F22: =(IF(C22="","",IF(E22="F",0,IF(C22>=80,5,IF(C22>=70,4,IF(C22>=60,3.5,IF(C22>=50,3,IF(C22>=40,2,IF(C22>=33,1,0))))))))) -> 0
A23: ='Student Basic Info'!A23 -> 122 | B23: 43 | C23: =IF(B23=0,"",B23) -> 43 | D23: =IF(C23="","", IF(C23>=33,"Pass","Fail")) -> Pass | E23: =(IF(C23="","",IF(D23="Fail","F",IF(C23>=80,"A+",IF(C23>=70,"A",IF(C23>=60,"A-",IF(C23>=50,"B",IF(C23>=40,"C",IF(C23>=33,"D","F"))))))))) -> C | F23: =(IF(C23="","",IF(E23="F",0,IF(C23>=80,5,IF(C23>=70,4,IF(C23>=60,3.5,IF(C23>=50,3,IF(C23>=40,2,IF(C23>=33,1,0))))))))) -> 2
A24: ='Student Basic Info'!A24 -> 123 | B24: 50 | C24: =IF(B24=0,"",B24) -> 50 | D24: =IF(C24="","", IF(C24>=33,"Pass","Fail")) -> Pass | E24: =(IF(C24="","",IF(D24="Fail","F",IF(C24>=80,"A+",IF(C24>=70,"A",IF(C24>=60,"A-",IF(C24>=50,"B",IF(C24>=40,"C",IF(C24>=33,"D","F"))))))))) -> B | F24: =(IF(C24="","",IF(E24="F",0,IF(C24>=80,5,IF(C24>=70,4,IF(C24>=60,3.5,IF(C24>=50,3,IF(C24>=40,2,IF(C24>=33,1,0))))))))) -> 3
A25: ='Student Basic Info'!A25 -> 124 | C25: =IF(B25=0,"",B25) | D25: =IF(C25="","", IF(C25>=33,"Pass","Fail")) | E25: =(IF(C25="","",IF(D25="Fail","F",IF(C25>=80,"A+",IF(C25>=70,"A",IF(C25>=60,"A-",IF(C25>=50,"B",IF(C25>=40,"C",IF(C25>=33,"D","F"))))))))) | F25: =(IF(C25="","",IF(E25="F",0,IF(C25>=80,5,IF(C25>=70,4,IF(C25>=60,3.5,IF(C25>=50,3,IF(C25>=40,2,IF(C25>=33,1,0)))))))))
A26: ='Student Basic Info'!A26 -> 125 | C26: =IF(B26=0,"",B26) | D26: =IF(C26="","", IF(C26>=33,"Pass","Fail")) | E26: =(IF(C26="","",IF(D26="Fail","F",IF(C26>=80,"A+",IF(C26>=70,"A",IF(C26>=60,"A-",IF(C26>=50,"B",IF(C26>=40,"C",IF(C26>=33,"D","F"))))))))) | F26: =(IF(C26="","",IF(E26="F",0,IF(C26>=80,5,IF(C26>=70,4,IF(C26>=60,3.5,IF(C26>=50,3,IF(C26>=40,2,IF(C26>=33,1,0)))))))))
A27: ='Student Basic Info'!A27 -> 126 | C27: =IF(B27=0,"",B27) | D27: =IF(C27="","", IF(C27>=33,"Pass","Fail")) | E27: =(IF(C27="","",IF(D27="Fail","F",IF(C27>=80,"A+",IF(C27>=70,"A",IF(C27>=60,"A-",IF(C27>=50,"B",IF(C27>=40,"C",IF(C27>=33,"D","F"))))))))) | F27: =(IF(C27="","",IF(E27="F",0,IF(C27>=80,5,IF(C27>=70,4,IF(C27>=60,3.5,IF(C27>=50,3,IF(C27>=40,2,IF(C27>=33,1,0)))))))))
A28: ='Student Basic Info'!A28 -> 127 | C28: =IF(B28=0,"",B28) | D28: =IF(C28="","", IF(C28>=33,"Pass","Fail")) | E28: =(IF(C28="","",IF(D28="Fail","F",IF(C28>=80,"A+",IF(C28>=70,"A",IF(C28>=60,"A-",IF(C28>=50,"B",IF(C28>=40,"C",IF(C28>=33,"D","F"))))))))) | F28: =(IF(C28="","",IF(E28="F",0,IF(C28>=80,5,IF(C28>=70,4,IF(C28>=60,3.5,IF(C28>=50,3,IF(C28>=40,2,IF(C28>=33,1,0)))))))))
A29: ='Student Basic Info'!A29 -> 128 | B29: 33 | C29: =IF(B29=0,"",B29) -> 33 | D29: =IF(C29="","", IF(C29>=33,"Pass","Fail")) -> Pass | E29: =(IF(C29="","",IF(D29="Fail","F",IF(C29>=80,"A+",IF(C29>=70,"A",IF(C29>=60,"A-",IF(C29>=50,"B",IF(C29>=40,"C",IF(C29>=33,"D","F"))))))))) -> D | F29: =(IF(C29="","",IF(E29="F",0,IF(C29>=80,5,IF(C29>=70,4,IF(C29>=60,3.5,IF(C29>=50,3,IF(C29>=40,2,IF(C29>=33,1,0))))))))) -> 1
A30: ='Student Basic Info'!A30 -> 129 | B30: 17 | C30: =IF(B30=0,"",B30) -> 17 | D30: =IF(C30="","", IF(C30>=33,"Pass","Fail")) -> Fail | E30: =(IF(C30="","",IF(D30="Fail","F",IF(C30>=80,"A+",IF(C30>=70,"A",IF(C30>=60,"A-",IF(C30>=50,"B",IF(C30>=40,"C",IF(C30>=33,"D","F"))))))))) -> F | F30: =(IF(C30="","",IF(E30="F",0,IF(C30>=80,5,IF(C30>=70,4,IF(C30>=60,3.5,IF(C30>=50,3,IF(C30>=40,2,IF(C30>=33,1,0))))))))) -> 0
A31: ='Student Basic Info'!A31 -> 130 | B31: 43 | C31: =IF(B31=0,"",B31) -> 43 | D31: =IF(C31="","", IF(C31>=33,"Pass","Fail")) -> Pass | E31: =(IF(C31="","",IF(D31="Fail","F",IF(C31>=80,"A+",IF(C31>=70,"A",IF(C31>=60,"A-",IF(C31>=50,"B",IF(C31>=40,"C",IF(C31>=33,"D","F"))))))))) -> C | F31: =(IF(C31="","",IF(E31="F",0,IF(C31>=80,5,IF(C31>=70,4,IF(C31>=60,3.5,IF(C31>=50,3,IF(C31>=40,2,IF(C31>=33,1,0))))))))) -> 2
A32: ='Student Basic Info'!A32 -> 131 | B32: 35 | C32: =IF(B32=0,"",B32) -> 35 | D32: =IF(C32="","", IF(C32>=33,"Pass","Fail")) -> Pass | E32: =(IF(C32="","",IF(D32="Fail","F",IF(C32>=80,"A+",IF(C32>=70,"A",IF(C32>=60,"A-",IF(C32>=50,"B",IF(C32>=40,"C",IF(C32>=33,"D","F"))))))))) -> D | F32: =(IF(C32="","",IF(E32="F",0,IF(C32>=80,5,IF(C32>=70,4,IF(C32>=60,3.5,IF(C32>=50,3,IF(C32>=40,2,IF(C32>=33,1,0))))))))) -> 1
A33: ='Student Basic Info'!A33 -> 132 | B33: 36 | C33: =IF(B33=0,"",B33) -> 36 | D33: =IF(C33="","", IF(C33>=33,"Pass","Fail")) -> Pass | E33: =(IF(C33="","",IF(D33="Fail","F",IF(C33>=80,"A+",IF(C33>=70,"A",IF(C33>=60,"A-",IF(C33>=50,"B",IF(C33>=40,"C",IF(C33>=33,"D","F"))))))))) -> D | F33: =(IF(C33="","",IF(E33="F",0,IF(C33>=80,5,IF(C33>=70,4,IF(C33>=60,3.5,IF(C33>=50,3,IF(C33>=40,2,IF(C33>=33,1,0))))))))) -> 1
A34: ='Student Basic Info'!A34 -> 133 | B34: 13 | C34: =IF(B34=0,"",B34) -> 13 | D34: =IF(C34="","", IF(C34>=33,"Pass","Fail")) -> Fail | E34: =(IF(C34="","",IF(D34="Fail","F",IF(C34>=80,"A+",IF(C34>=70,"A",IF(C34>=60,"A-",IF(C34>=50,"B",IF(C34>=40,"C",IF(C34>=33,"D","F"))))))))) -> F | F34: =(IF(C34="","",IF(E34="F",0,IF(C34>=80,5,IF(C34>=70,4,IF(C34>=60,3.5,IF(C34>=50,3,IF(C34>=40,2,IF(C34>=33,1,0))))))))) -> 0
A35: ='Student Basic Info'!A35 -> 134 | C35: =IF(B35=0,"",B35) | D35: =IF(C35="","", IF(C35>=33,"Pass","Fail")) | E35: =(IF(C35="","",IF(D35="Fail","F",IF(C35>=80,"A+",IF(C35>=70,"A",IF(C35>=60,"A-",IF(C35>=50,"B",IF(C35>=40,"C",IF(C35>=33,"D","F"))))))))) | F35: =(IF(C35="","",IF(E35="F",0,IF(C35>=80,5,IF(C35>=70,4,IF(C35>=60,3.5,IF(C35>=50,3,IF(C35>=40,2,IF(C35>=33,1,0)))))))))
A36: ='Student Basic Info'!A36 -> 135 | B36: 34 | C36: =IF(B36=0,"",B36) -> 34 | D36: =IF(C36="","", IF(C36>=33,"Pass","Fail")) -> Pass | E36: =(IF(C36="","",IF(D36="Fail","F",IF(C36>=80,"A+",IF(C36>=70,"A",IF(C36>=60,"A-",IF(C36>=50,"B",IF(C36>=40,"C",IF(C36>=33,"D","F"))))))))) -> D | F36: =(IF(C36="","",IF(E36="F",0,IF(C36>=80,5,IF(C36>=70,4,IF(C36>=60,3.5,IF(C36>=50,3,IF(C36>=40,2,IF(C36>=33,1,0))))))))) -> 1
A37: ='Student Basic Info'!A37 -> 136 | B37: 11 | C37: =IF(B37=0,"",B37) -> 11 | D37: =IF(C37="","", IF(C37>=33,"Pass","Fail")) -> Fail | E37: =(IF(C37="","",IF(D37="Fail","F",IF(C37>=80,"A+",IF(C37>=70,"A",IF(C37>=60,"A-",IF(C37>=50,"B",IF(C37>=40,"C",IF(C37>=33,"D","F"))))))))) -> F | F37: =(IF(C37="","",IF(E37="F",0,IF(C37>=80,5,IF(C37>=70,4,IF(C37>=60,3.5,IF(C37>=50,3,IF(C37>=40,2,IF(C37>=33,1,0))))))))) -> 0
A38: ='Student Basic Info'!A38 -> 137 | C38: =IF(B38=0,"",B38) | D38: =IF(C38="","", IF(C38>=33,"Pass","Fail")) | E38: =(IF(C38="","",IF(D38="Fail","F",IF(C38>=80,"A+",IF(C38>=70,"A",IF(C38>=60,"A-",IF(C38>=50,"B",IF(C38>=40,"C",IF(C38>=33,"D","F"))))))))) | F38: =(IF(C38="","",IF(E38="F",0,IF(C38>=80,5,IF(C38>=70,4,IF(C38>=60,3.5,IF(C38>=50,3,IF(C38>=40,2,IF(C38>=33,1,0)))))))))
A39: ='Student Basic Info'!A39 -> 138 | C39: =IF(B39=0,"",B39) | D39: =IF(C39="","", IF(C39>=33,"Pass","Fail")) | E39: =(IF(C39="","",IF(D39="Fail","F",IF(C39>=80,"A+",IF(C39>=70,"A",IF(C39>=60,"A-",IF(C39>=50,"B",IF(C39>=40,"C",IF(C39>=33,"D","F"))))))))) | F39: =(IF(C39="","",IF(E39="F",0,IF(C39>=80,5,IF(C39>=70,4,IF(C39>=60,3.5,IF(C39>=50,3,IF(C39>=40,2,IF(C39>=33,1,0)))))))))
A40: ='Student Basic Info'!A40 -> 139 | B40: 34 | C40: =IF(B40=0,"",B40) -> 34 | D40: =IF(C40="","", IF(C40>=33,"Pass","Fail")) -> Pass | E40: =(IF(C40="","",IF(D40="Fail","F",IF(C40>=80,"A+",IF(C40>=70,"A",IF(C40>=60,"A-",IF(C40>=50,"B",IF(C40>=40,"C",IF(C40>=33,"D","F"))))))))) -> D | F40: =(IF(C40="","",IF(E40="F",0,IF(C40>=80,5,IF(C40>=70,4,IF(C40>=60,3.5,IF(C40>=50,3,IF(C40>=40,2,IF(C40>=33,1,0))))))))) -> 1
A41: ='Student Basic Info'!A41 -> 140 | B41: 37 | C41: =IF(B41=0,"",B41) -> 37 | D41: =IF(C41="","", IF(C41>=33,"Pass","Fail")) -> Pass | E41: =(IF(C41="","",IF(D41="Fail","F",IF(C41>=80,"A+",IF(C41>=70,"A",IF(C41>=60,"A-",IF(C41>=50,"B",IF(C41>=40,"C",IF(C41>=33,"D","F"))))))))) -> D | F41: =(IF(C41="","",IF(E41="F",0,IF(C41>=80,5,IF(C41>=70,4,IF(C41>=60,3.5,IF(C41>=50,3,IF(C41>=40,2,IF(C41>=33,1,0))))))))) -> 1
A42: ='Student Basic Info'!A42 -> 141 | B42: 43 | C42: =IF(B42=0,"",B42) -> 43 | D42: =IF(C42="","", IF(C42>=33,"Pass","Fail")) -> Pass | E42: =(IF(C42="","",IF(D42="Fail","F",IF(C42>=80,"A+",IF(C42>=70,"A",IF(C42>=60,"A-",IF(C42>=50,"B",IF(C42>=40,"C",IF(C42>=33,"D","F"))))))))) -> C | F42: =(IF(C42="","",IF(E42="F",0,IF(C42>=80,5,IF(C42>=70,4,IF(C42>=60,3.5,IF(C42>=50,3,IF(C42>=40,2,IF(C42>=33,1,0))))))))) -> 2
A43: ='Student Basic Info'!A43 -> 142 | B43: 25 | C43: =IF(B43=0,"",B43) -> 25 | D43: =IF(C43="","", IF(C43>=33,"Pass","Fail")) -> Fail | E43: =(IF(C43="","",IF(D43="Fail","F",IF(C43>=80,"A+",IF(C43>=70,"A",IF(C43>=60,"A-",IF(C43>=50,"B",IF(C43>=40,"C",IF(C43>=33,"D","F"))))))))) -> F | F43: =(IF(C43="","",IF(E43="F",0,IF(C43>=80,5,IF(C43>=70,4,IF(C43>=60,3.5,IF(C43>=50,3,IF(C43>=40,2,IF(C43>=33,1,0))))))))) -> 0
A44: ='Student Basic Info'!A44 -> 143 | B44: 22 | C44: =IF(B44=0,"",B44) -> 22 | D44: =IF(C44="","", IF(C44>=33,"Pass","Fail")) -> Fail | E44: =(IF(C44="","",IF(D44="Fail","F",IF(C44>=80,"A+",IF(C44>=70,"A",IF(C44>=60,"A-",IF(C44>=50,"B",IF(C44>=40,"C",IF(C44>=33,"D","F"))))))))) -> F | F44: =(IF(C44="","",IF(E44="F",0,IF(C44>=80,5,IF(C44>=70,4,IF(C44>=60,3.5,IF(C44>=50,3,IF(C44>=40,2,IF(C44>=33,1,0))))))))) -> 0
A45: ='Student Basic Info'!A45 -> 144 | B45: 37 | C45: =IF(B45=0,"",B45) -> 37 | D45: =IF(C45="","", IF(C45>=33,"Pass","Fail")) -> Pass | E45: =(IF(C45="","",IF(D45="Fail","F",IF(C45>=80,"A+",IF(C45>=70,"A",IF(C45>=60,"A-",IF(C45>=50,"B",IF(C45>=40,"C",IF(C45>=33,"D","F"))))))))) -> D | F45: =(IF(C45="","",IF(E45="F",0,IF(C45>=80,5,IF(C45>=70,4,IF(C45>=60,3.5,IF(C45>=50,3,IF(C45>=40,2,IF(C45>=33,1,0))))))))) -> 1
A46: ='Student Basic Info'!A46 -> 145 | B46: 35 | C46: =IF(B46=0,"",B46) -> 35 | D46: =IF(C46="","", IF(C46>=33,"Pass","Fail")) -> Pass | E46: =(IF(C46="","",IF(D46="Fail","F",IF(C46>=80,"A+",IF(C46>=70,"A",IF(C46>=60,"A-",IF(C46>=50,"B",IF(C46>=40,"C",IF(C46>=33,"D","F"))))))))) -> D | F46: =(IF(C46="","",IF(E46="F",0,IF(C46>=80,5,IF(C46>=70,4,IF(C46>=60,3.5,IF(C46>=50,3,IF(C46>=40,2,IF(C46>=33,1,0))))))))) -> 1
A47: ='Student Basic Info'!A47 -> 146 | B47: 33 | C47: =IF(B47=0,"",B47) -> 33 | D47: =IF(C47="","", IF(C47>=33,"Pass","Fail")) -> Pass | E47: =(IF(C47="","",IF(D47="Fail","F",IF(C47>=80,"A+",IF(C47>=70,"A",IF(C47>=60,"A-",IF(C47>=50,"B",IF(C47>=40,"C",IF(C47>=33,"D","F"))))))))) -> D | F47: =(IF(C47="","",IF(E47="F",0,IF(C47>=80,5,IF(C47>=70,4,IF(C47>=60,3.5,IF(C47>=50,3,IF(C47>=40,2,IF(C47>=33,1,0))))))))) -> 1
A48: ='Student Basic Info'!A48 -> 147 | C48: =IF(B48=0,"",B48) | D48: =IF(C48="","", IF(C48>=33,"Pass","Fail")) | E48: =(IF(C48="","",IF(D48="Fail","F",IF(C48>=80,"A+",IF(C48>=70,"A",IF(C48>=60,"A-",IF(C48>=50,"B",IF(C48>=40,"C",IF(C48>=33,"D","F"))))))))) | F48: =(IF(C48="","",IF(E48="F",0,IF(C48>=80,5,IF(C48>=70,4,IF(C48>=60,3.5,IF(C48>=50,3,IF(C48>=40,2,IF(C48>=33,1,0)))))))))
A49: ='Student Basic Info'!A49 -> 148 | B49: 40 | C49: =IF(B49=0,"",B49) -> 40 | D49: =IF(C49="","", IF(C49>=33,"Pass","Fail")) -> Pass | E49: =(IF(C49="","",IF(D49="Fail","F",IF(C49>=80,"A+",IF(C49>=70,"A",IF(C49>=60,"A-",IF(C49>=50,"B",IF(C49>=40,"C",IF(C49>=33,"D","F"))))))))) -> C | F49: =(IF(C49="","",IF(E49="F",0,IF(C49>=80,5,IF(C49>=70,4,IF(C49>=60,3.5,IF(C49>=50,3,IF(C49>=40,2,IF(C49>=33,1,0))))))))) -> 2
A50: ='Student Basic Info'!A50 -> 149 | B50: 33 | C50: =IF(B50=0,"",B50) -> 33 | D50: =IF(C50="","", IF(C50>=33,"Pass","Fail")) -> Pass | E50: =(IF(C50="","",IF(D50="Fail","F",IF(C50>=80,"A+",IF(C50>=70,"A",IF(C50>=60,"A-",IF(C50>=50,"B",IF(C50>=40,"C",IF(C50>=33,"D","F"))))))))) -> D | F50: =(IF(C50="","",IF(E50="F",0,IF(C50>=80,5,IF(C50>=70,4,IF(C50>=60,3.5,IF(C50>=50,3,IF(C50>=40,2,IF(C50>=33,1,0))))))))) -> 1
A51: ='Student Basic Info'!A51 -> 150 | C51: =IF(B51=0,"",B51) | D51: =IF(C51="","", IF(C51>=33,"Pass","Fail")) | E51: =(IF(C51="","",IF(D51="Fail","F",IF(C51>=80,"A+",IF(C51>=70,"A",IF(C51>=60,"A-",IF(C51>=50,"B",IF(C51>=40,"C",IF(C51>=33,"D","F"))))))))) | F51: =(IF(C51="","",IF(E51="F",0,IF(C51>=80,5,IF(C51>=70,4,IF(C51>=60,3.5,IF(C51>=50,3,IF(C51>=40,2,IF(C51>=33,1,0)))))))))
A52: ='Student Basic Info'!A52 -> 151 | B52: 33 | C52: =IF(B52=0,"",B52) -> 33 | D52: =IF(C52="","", IF(C52>=33,"Pass","Fail")) -> Pass | E52: =(IF(C52="","",IF(D52="Fail","F",IF(C52>=80,"A+",IF(C52>=70,"A",IF(C52>=60,"A-",IF(C52>=50,"B",IF(C52>=40,"C",IF(C52>=33,"D","F"))))))))) -> D | F52: =(IF(C52="","",IF(E52="F",0,IF(C52>=80,5,IF(C52>=70,4,IF(C52>=60,3.5,IF(C52>=50,3,IF(C52>=40,2,IF(C52>=33,1,0))))))))) -> 1
A53: ='Student Basic Info'!A53 -> 152 | C53: =IF(B53=0,"",B53) | D53: =IF(C53="","", IF(C53>=33,"Pass","Fail")) | E53: =(IF(C53="","",IF(D53="Fail","F",IF(C53>=80,"A+",IF(C53>=70,"A",IF(C53>=60,"A-",IF(C53>=50,"B",IF(C53>=40,"C",IF(C53>=33,"D","F"))))))))) | F53: =(IF(C53="","",IF(E53="F",0,IF(C53>=80,5,IF(C53>=70,4,IF(C53>=60,3.5,IF(C53>=50,3,IF(C53>=40,2,IF(C53>=33,1,0)))))))))
A54: ='Student Basic Info'!A54 -> 153 | B54: 3 | C54: =IF(B54=0,"",B54) -> 3 | D54: =IF(C54="","", IF(C54>=33,"Pass","Fail")) -> Fail | E54: =(IF(C54="","",IF(D54="Fail","F",IF(C54>=80,"A+",IF(C54>=70,"A",IF(C54>=60,"A-",IF(C54>=50,"B",IF(C54>=40,"C",IF(C54>=33,"D","F"))))))))) -> F | F54: =(IF(C54="","",IF(E54="F",0,IF(C54>=80,5,IF(C54>=70,4,IF(C54>=60,3.5,IF(C54>=50,3,IF(C54>=40,2,IF(C54>=33,1,0))))))))) -> 0
A55: ='Student Basic Info'!A55 -> 154 | C55: =IF(B55=0,"",B55) | D55: =IF(C55="","", IF(C55>=33,"Pass","Fail")) | E55: =(IF(C55="","",IF(D55="Fail","F",IF(C55>=80,"A+",IF(C55>=70,"A",IF(C55>=60,"A-",IF(C55>=50,"B",IF(C55>=40,"C",IF(C55>=33,"D","F"))))))))) | F55: =(IF(C55="","",IF(E55="F",0,IF(C55>=80,5,IF(C55>=70,4,IF(C55>=60,3.5,IF(C55>=50,3,IF(C55>=40,2,IF(C55>=33,1,0)))))))))
A56: ='Student Basic Info'!A56 -> 155 | C56: =IF(B56=0,"",B56) | D56: =IF(C56="","", IF(C56>=33,"Pass","Fail")) | E56: =(IF(C56="","",IF(D56="Fail","F",IF(C56>=80,"A+",IF(C56>=70,"A",IF(C56>=60,"A-",IF(C56>=50,"B",IF(C56>=40,"C",IF(C56>=33,"D","F"))))))))) | F56: =(IF(C56="","",IF(E56="F",0,IF(C56>=80,5,IF(C56>=70,4,IF(C56>=60,3.5,IF(C56>=50,3,IF(C56>=40,2,IF(C56>=33,1,0)))))))))
A57: ='Student Basic Info'!A57 -> 156 | C57: =IF(B57=0,"",B57) | D57: =IF(C57="","", IF(C57>=33,"Pass","Fail")) | E57: =(IF(C57="","",IF(D57="Fail","F",IF(C57>=80,"A+",IF(C57>=70,"A",IF(C57>=60,"A-",IF(C57>=50,"B",IF(C57>=40,"C",IF(C57>=33,"D","F"))))))))) | F57: =(IF(C57="","",IF(E57="F",0,IF(C57>=80,5,IF(C57>=70,4,IF(C57>=60,3.5,IF(C57>=50,3,IF(C57>=40,2,IF(C57>=33,1,0)))))))))
A58: ='Student Basic Info'!A58 -> 157 | B58: 9 | C58: =IF(B58=0,"",B58) -> 9 | D58: =IF(C58="","", IF(C58>=33,"Pass","Fail")) -> Fail | E58: =(IF(C58="","",IF(D58="Fail","F",IF(C58>=80,"A+",IF(C58>=70,"A",IF(C58>=60,"A-",IF(C58>=50,"B",IF(C58>=40,"C",IF(C58>=33,"D","F"))))))))) -> F | F58: =(IF(C58="","",IF(E58="F",0,IF(C58>=80,5,IF(C58>=70,4,IF(C58>=60,3.5,IF(C58>=50,3,IF(C58>=40,2,IF(C58>=33,1,0))))))))) -> 0
A59: ='Student Basic Info'!A59 -> 158 | C59: =IF(B59=0,"",B59) | D59: =IF(C59="","", IF(C59>=33,"Pass","Fail")) | E59: =(IF(C59="","",IF(D59="Fail","F",IF(C59>=80,"A+",IF(C59>=70,"A",IF(C59>=60,"A-",IF(C59>=50,"B",IF(C59>=40,"C",IF(C59>=33,"D","F"))))))))) | F59: =(IF(C59="","",IF(E59="F",0,IF(C59>=80,5,IF(C59>=70,4,IF(C59>=60,3.5,IF(C59>=50,3,IF(C59>=40,2,IF(C59>=33,1,0)))))))))
A60: ='Student Basic Info'!A60 -> 159 | B60: 17 | C60: =IF(B60=0,"",B60) -> 17 | D60: =IF(C60="","", IF(C60>=33,"Pass","Fail")) -> Fail | E60: =(IF(C60="","",IF(D60="Fail","F",IF(C60>=80,"A+",IF(C60>=70,"A",IF(C60>=60,"A-",IF(C60>=50,"B",IF(C60>=40,"C",IF(C60>=33,"D","F"))))))))) -> F | F60: =(IF(C60="","",IF(E60="F",0,IF(C60>=80,5,IF(C60>=70,4,IF(C60>=60,3.5,IF(C60>=50,3,IF(C60>=40,2,IF(C60>=33,1,0))))))))) -> 0
A61: ='Student Basic Info'!A61 -> 160 | C61: =IF(B61=0,"",B61) | D61: =IF(C61="","", IF(C61>=33,"Pass","Fail")) | E61: =(IF(C61="","",IF(D61="Fail","F",IF(C61>=80,"A+",IF(C61>=70,"A",IF(C61>=60,"A-",IF(C61>=50,"B",IF(C61>=40,"C",IF(C61>=33,"D","F"))))))))) | F61: =(IF(C61="","",IF(E61="F",0,IF(C61>=80,5,IF(C61>=70,4,IF(C61>=60,3.5,IF(C61>=50,3,IF(C61>=40,2,IF(C61>=33,1,0)))))))))
A62: ='Student Basic Info'!A62 -> 161 | C62: =IF(B62=0,"",B62) | D62: =IF(C62="","", IF(C62>=33,"Pass","Fail")) | E62: =(IF(C62="","",IF(D62="Fail","F",IF(C62>=80,"A+",IF(C62>=70,"A",IF(C62>=60,"A-",IF(C62>=50,"B",IF(C62>=40,"C",IF(C62>=33,"D","F"))))))))) | F62: =(IF(C62="","",IF(E62="F",0,IF(C62>=80,5,IF(C62>=70,4,IF(C62>=60,3.5,IF(C62>=50,3,IF(C62>=40,2,IF(C62>=33,1,0)))))))))
A63: ='Student Basic Info'!A63 -> 162 | B63: 24 | C63: =IF(B63=0,"",B63) -> 24 | D63: =IF(C63="","", IF(C63>=33,"Pass","Fail")) -> Fail | E63: =(IF(C63="","",IF(D63="Fail","F",IF(C63>=80,"A+",IF(C63>=70,"A",IF(C63>=60,"A-",IF(C63>=50,"B",IF(C63>=40,"C",IF(C63>=33,"D","F"))))))))) -> F | F63: =(IF(C63="","",IF(E63="F",0,IF(C63>=80,5,IF(C63>=70,4,IF(C63>=60,3.5,IF(C63>=50,3,IF(C63>=40,2,IF(C63>=33,1,0))))))))) -> 0
A64: ='Student Basic Info'!A64 -> 163 | B64: 33 | C64: =IF(B64=0,"",B64) -> 33 | D64: =IF(C64="","", IF(C64>=33,"Pass","Fail")) -> Pass | E64: =(IF(C64="","",IF(D64="Fail","F",IF(C64>=80,"A+",IF(C64>=70,"A",IF(C64>=60,"A-",IF(C64>=50,"B",IF(C64>=40,"C",IF(C64>=33,"D","F"))))))))) -> D | F64: =(IF(C64="","",IF(E64="F",0,IF(C64>=80,5,IF(C64>=70,4,IF(C64>=60,3.5,IF(C64>=50,3,IF(C64>=40,2,IF(C64>=33,1,0))))))))) -> 1
A65: ='Student Basic Info'!A65 -> 164 | C65: =IF(B65=0,"",B65) | D65: =IF(C65="","", IF(C65>=33,"Pass","Fail")) | E65: =(IF(C65="","",IF(D65="Fail","F",IF(C65>=80,"A+",IF(C65>=70,"A",IF(C65>=60,"A-",IF(C65>=50,"B",IF(C65>=40,"C",IF(C65>=33,"D","F"))))))))) | F65: =(IF(C65="","",IF(E65="F",0,IF(C65>=80,5,IF(C65>=70,4,IF(C65>=60,3.5,IF(C65>=50,3,IF(C65>=40,2,IF(C65>=33,1,0)))))))))
A66: ='Student Basic Info'!A66 -> 165 | C66: =IF(B66=0,"",B66) | D66: =IF(C66="","", IF(C66>=33,"Pass","Fail")) | E66: =(IF(C66="","",IF(D66="Fail","F",IF(C66>=80,"A+",IF(C66>=70,"A",IF(C66>=60,"A-",IF(C66>=50,"B",IF(C66>=40,"C",IF(C66>=33,"D","F"))))))))) | F66: =(IF(C66="","",IF(E66="F",0,IF(C66>=80,5,IF(C66>=70,4,IF(C66>=60,3.5,IF(C66>=50,3,IF(C66>=40,2,IF(C66>=33,1,0)))))))))
A67: ='Student Basic Info'!A67 -> 166 | B67: 18 | C67: =IF(B67=0,"",B67) -> 18 | D67: =IF(C67="","", IF(C67>=33,"Pass","Fail")) -> Fail | E67: =(IF(C67="","",IF(D67="Fail","F",IF(C67>=80,"A+",IF(C67>=70,"A",IF(C67>=60,"A-",IF(C67>=50,"B",IF(C67>=40,"C",IF(C67>=33,"D","F"))))))))) -> F | F67: =(IF(C67="","",IF(E67="F",0,IF(C67>=80,5,IF(C67>=70,4,IF(C67>=60,3.5,IF(C67>=50,3,IF(C67>=40,2,IF(C67>=33,1,0))))))))) -> 0
A68: ='Student Basic Info'!A68 -> 167 | C68: =IF(B68=0,"",B68) | D68: =IF(C68="","", IF(C68>=33,"Pass","Fail")) | E68: =(IF(C68="","",IF(D68="Fail","F",IF(C68>=80,"A+",IF(C68>=70,"A",IF(C68>=60,"A-",IF(C68>=50,"B",IF(C68>=40,"C",IF(C68>=33,"D","F"))))))))) | F68: =(IF(C68="","",IF(E68="F",0,IF(C68>=80,5,IF(C68>=70,4,IF(C68>=60,3.5,IF(C68>=50,3,IF(C68>=40,2,IF(C68>=33,1,0)))))))))
A69: ='Student Basic Info'!A69 -> 168 | B69: 20 | C69: =IF(B69=0,"",B69) -> 20 | D69: =IF(C69="","", IF(C69>=33,"Pass","Fail")) -> Fail | E69: =(IF(C69="","",IF(D69="Fail","F",IF(C69>=80,"A+",IF(C69>=70,"A",IF(C69>=60,"A-",IF(C69>=50,"B",IF(C69>=40,"C",IF(C69>=33,"D","F"))))))))) -> F | F69: =(IF(C69="","",IF(E69="F",0,IF(C69>=80,5,IF(C69>=70,4,IF(C69>=60,3.5,IF(C69>=50,3,IF(C69>=40,2,IF(C69>=33,1,0))))))))) -> 0
A70: ='Student Basic Info'!A70 -> 169 | B70: 36 | C70: =IF(B70=0,"",B70) -> 36 | D70: =IF(C70="","", IF(C70>=33,"Pass","Fail")) -> Pass | E70: =(IF(C70="","",IF(D70="Fail","F",IF(C70>=80,"A+",IF(C70>=70,"A",IF(C70>=60,"A-",IF(C70>=50,"B",IF(C70>=40,"C",IF(C70>=33,"D","F"))))))))) -> D | F70: =(IF(C70="","",IF(E70="F",0,IF(C70>=80,5,IF(C70>=70,4,IF(C70>=60,3.5,IF(C70>=50,3,IF(C70>=40,2,IF(C70>=33,1,0))))))))) -> 1
A71: ='Student Basic Info'!A71 -> 170 | C71: =IF(B71=0,"",B71) | D71: =IF(C71="","", IF(C71>=33,"Pass","Fail")) | E71: =(IF(C71="","",IF(D71="Fail","F",IF(C71>=80,"A+",IF(C71>=70,"A",IF(C71>=60,"A-",IF(C71>=50,"B",IF(C71>=40,"C",IF(C71>=33,"D","F"))))))))) | F71: =(IF(C71="","",IF(E71="F",0,IF(C71>=80,5,IF(C71>=70,4,IF(C71>=60,3.5,IF(C71>=50,3,IF(C71>=40,2,IF(C71>=33,1,0)))))))))
A72: ='Student Basic Info'!A72 -> 171 | C72: =IF(B72=0,"",B72) | D72: =IF(C72="","", IF(C72>=33,"Pass","Fail")) | E72: =(IF(C72="","",IF(D72="Fail","F",IF(C72>=80,"A+",IF(C72>=70,"A",IF(C72>=60,"A-",IF(C72>=50,"B",IF(C72>=40,"C",IF(C72>=33,"D","F"))))))))) | F72: =(IF(C72="","",IF(E72="F",0,IF(C72>=80,5,IF(C72>=70,4,IF(C72>=60,3.5,IF(C72>=50,3,IF(C72>=40,2,IF(C72>=33,1,0)))))))))
A73: ='Student Basic Info'!A73 -> 172 | B73: 8 | C73: =IF(B73=0,"",B73) -> 8 | D73: =IF(C73="","", IF(C73>=33,"Pass","Fail")) -> Fail | E73: =(IF(C73="","",IF(D73="Fail","F",IF(C73>=80,"A+",IF(C73>=70,"A",IF(C73>=60,"A-",IF(C73>=50,"B",IF(C73>=40,"C",IF(C73>=33,"D","F"))))))))) -> F | F73: =(IF(C73="","",IF(E73="F",0,IF(C73>=80,5,IF(C73>=70,4,IF(C73>=60,3.5,IF(C73>=50,3,IF(C73>=40,2,IF(C73>=33,1,0))))))))) -> 0
A74: ='Student Basic Info'!A74 -> 173 | B74: 23 | C74: =IF(B74=0,"",B74) -> 23 | D74: =IF(C74="","", IF(C74>=33,"Pass","Fail")) -> Fail | E74: =(IF(C74="","",IF(D74="Fail","F",IF(C74>=80,"A+",IF(C74>=70,"A",IF(C74>=60,"A-",IF(C74>=50,"B",IF(C74>=40,"C",IF(C74>=33,"D","F"))))))))) -> F | F74: =(IF(C74="","",IF(E74="F",0,IF(C74>=80,5,IF(C74>=70,4,IF(C74>=60,3.5,IF(C74>=50,3,IF(C74>=40,2,IF(C74>=33,1,0))))))))) -> 0
A75: ='Student Basic Info'!A75 -> 174 | B75: 33 | C75: =IF(B75=0,"",B75) -> 33 | D75: =IF(C75="","", IF(C75>=33,"Pass","Fail")) -> Pass | E75: =(IF(C75="","",IF(D75="Fail","F",IF(C75>=80,"A+",IF(C75>=70,"A",IF(C75>=60,"A-",IF(C75>=50,"B",IF(C75>=40,"C",IF(C75>=33,"D","F"))))))))) -> D | F75: =(IF(C75="","",IF(E75="F",0,IF(C75>=80,5,IF(C75>=70,4,IF(C75>=60,3.5,IF(C75>=50,3,IF(C75>=40,2,IF(C75>=33,1,0))))))))) -> 1
A76: ='Student Basic Info'!A76 -> 175 | C76: =IF(B76=0,"",B76) | D76: =IF(C76="","", IF(C76>=33,"Pass","Fail")) | E76: =(IF(C76="","",IF(D76="Fail","F",IF(C76>=80,"A+",IF(C76>=70,"A",IF(C76>=60,"A-",IF(C76>=50,"B",IF(C76>=40,"C",IF(C76>=33,"D","F"))))))))) | F76: =(IF(C76="","",IF(E76="F",0,IF(C76>=80,5,IF(C76>=70,4,IF(C76>=60,3.5,IF(C76>=50,3,IF(C76>=40,2,IF(C76>=33,1,0)))))))))
A77: ='Student Basic Info'!A77 -> 176 | C77: =IF(B77=0,"",B77) | D77: =IF(C77="","", IF(C77>=33,"Pass","Fail")) | E77: =(IF(C77="","",IF(D77="Fail","F",IF(C77>=80,"A+",IF(C77>=70,"A",IF(C77>=60,"A-",IF(C77>=50,"B",IF(C77>=40,"C",IF(C77>=33,"D","F"))))))))) | F77: =(IF(C77="","",IF(E77="F",0,IF(C77>=80,5,IF(C77>=70,4,IF(C77>=60,3.5,IF(C77>=50,3,IF(C77>=40,2,IF(C77>=33,1,0)))))))))
A78: ='Student Basic Info'!A78 -> 177 | B78: 40 | C78: =IF(B78=0,"",B78) -> 40 | D78: =IF(C78="","", IF(C78>=33,"Pass","Fail")) -> Pass | E78: =(IF(C78="","",IF(D78="Fail","F",IF(C78>=80,"A+",IF(C78>=70,"A",IF(C78>=60,"A-",IF(C78>=50,"B",IF(C78>=40,"C",IF(C78>=33,"D","F"))))))))) -> C | F78: =(IF(C78="","",IF(E78="F",0,IF(C78>=80,5,IF(C78>=70,4,IF(C78>=60,3.5,IF(C78>=50,3,IF(C78>=40,2,IF(C78>=33,1,0))))))))) -> 2
A79: ='Student Basic Info'!A79 -> 178 | B79: 10 | C79: =IF(B79=0,"",B79) -> 10 | D79: =IF(C79="","", IF(C79>=33,"Pass","Fail")) -> Fail | E79: =(IF(C79="","",IF(D79="Fail","F",IF(C79>=80,"A+",IF(C79>=70,"A",IF(C79>=60,"A-",IF(C79>=50,"B",IF(C79>=40,"C",IF(C79>=33,"D","F"))))))))) -> F | F79: =(IF(C79="","",IF(E79="F",0,IF(C79>=80,5,IF(C79>=70,4,IF(C79>=60,3.5,IF(C79>=50,3,IF(C79>=40,2,IF(C79>=33,1,0))))))))) -> 0
A80: ='Student Basic Info'!A80 -> 179 | B80: 40 | C80: =IF(B80=0,"",B80) -> 40 | D80: =IF(C80="","", IF(C80>=33,"Pass","Fail")) -> Pass | E80: =(IF(C80="","",IF(D80="Fail","F",IF(C80>=80,"A+",IF(C80>=70,"A",IF(C80>=60,"A-",IF(C80>=50,"B",IF(C80>=40,"C",IF(C80>=33,"D","F"))))))))) -> C | F80: =(IF(C80="","",IF(E80="F",0,IF(C80>=80,5,IF(C80>=70,4,IF(C80>=60,3.5,IF(C80>=50,3,IF(C80>=40,2,IF(C80>=33,1,0))))))))) -> 2
A81: ='Student Basic Info'!A81 -> 180 | B81: 34 | C81: =IF(B81=0,"",B81) -> 34 | D81: =IF(C81="","", IF(C81>=33,"Pass","Fail")) -> Pass | E81: =(IF(C81="","",IF(D81="Fail","F",IF(C81>=80,"A+",IF(C81>=70,"A",IF(C81>=60,"A-",IF(C81>=50,"B",IF(C81>=40,"C",IF(C81>=33,"D","F"))))))))) -> D | F81: =(IF(C81="","",IF(E81="F",0,IF(C81>=80,5,IF(C81>=70,4,IF(C81>=60,3.5,IF(C81>=50,3,IF(C81>=40,2,IF(C81>=33,1,0))))))))) -> 1
A82: ='Student Basic Info'!A82 -> 181 | B82: 33 | C82: =IF(B82=0,"",B82) -> 33 | D82: =IF(C82="","", IF(C82>=33,"Pass","Fail")) -> Pass | E82: =(IF(C82="","",IF(D82="Fail","F",IF(C82>=80,"A+",IF(C82>=70,"A",IF(C82>=60,"A-",IF(C82>=50,"B",IF(C82>=40,"C",IF(C82>=33,"D","F"))))))))) -> D | F82: =(IF(C82="","",IF(E82="F",0,IF(C82>=80,5,IF(C82>=70,4,IF(C82>=60,3.5,IF(C82>=50,3,IF(C82>=40,2,IF(C82>=33,1,0))))))))) -> 1
A83: ='Student Basic Info'!A83 -> 182 | B83: 40 | C83: =IF(B83=0,"",B83) -> 40 | D83: =IF(C83="","", IF(C83>=33,"Pass","Fail")) -> Pass | E83: =(IF(C83="","",IF(D83="Fail","F",IF(C83>=80,"A+",IF(C83>=70,"A",IF(C83>=60,"A-",IF(C83>=50,"B",IF(C83>=40,"C",IF(C83>=33,"D","F"))))))))) -> C | F83: =(IF(C83="","",IF(E83="F",0,IF(C83>=80,5,IF(C83>=70,4,IF(C83>=60,3.5,IF(C83>=50,3,IF(C83>=40,2,IF(C83>=33,1,0))))))))) -> 2
A84: ='Student Basic Info'!A84 -> 183 | B84: 33 | C84: =IF(B84=0,"",B84) -> 33 | D84: =IF(C84="","", IF(C84>=33,"Pass","Fail")) -> Pass | E84: =(IF(C84="","",IF(D84="Fail","F",IF(C84>=80,"A+",IF(C84>=70,"A",IF(C84>=60,"A-",IF(C84>=50,"B",IF(C84>=40,"C",IF(C84>=33,"D","F"))))))))) -> D | F84: =(IF(C84="","",IF(E84="F",0,IF(C84>=80,5,IF(C84>=70,4,IF(C84>=60,3.5,IF(C84>=50,3,IF(C84>=40,2,IF(C84>=33,1,0))))))))) -> 1
A85: ='Student Basic Info'!A85 -> 184 | C85: =IF(B85=0,"",B85) | D85: =IF(C85="","", IF(C85>=33,"Pass","Fail")) | E85: =(IF(C85="","",IF(D85="Fail","F",IF(C85>=80,"A+",IF(C85>=70,"A",IF(C85>=60,"A-",IF(C85>=50,"B",IF(C85>=40,"C",IF(C85>=33,"D","F"))))))))) | F85: =(IF(C85="","",IF(E85="F",0,IF(C85>=80,5,IF(C85>=70,4,IF(C85>=60,3.5,IF(C85>=50,3,IF(C85>=40,2,IF(C85>=33,1,0)))))))))
A86: ='Student Basic Info'!A86 -> 185 | B86: 33 | C86: =IF(B86=0,"",B86) -> 33 | D86: =IF(C86="","", IF(C86>=33,"Pass","Fail")) -> Pass | E86: =(IF(C86="","",IF(D86="Fail","F",IF(C86>=80,"A+",IF(C86>=70,"A",IF(C86>=60,"A-",IF(C86>=50,"B",IF(C86>=40,"C",IF(C86>=33,"D","F"))))))))) -> D | F86: =(IF(C86="","",IF(E86="F",0,IF(C86>=80,5,IF(C86>=70,4,IF(C86>=60,3.5,IF(C86>=50,3,IF(C86>=40,2,IF(C86>=33,1,0))))))))) -> 1
A87: ='Student Basic Info'!A87 -> 186 | B87: 33 | C87: =IF(B87=0,"",B87) -> 33 | D87: =IF(C87="","", IF(C87>=33,"Pass","Fail")) -> Pass | E87: =(IF(C87="","",IF(D87="Fail","F",IF(C87>=80,"A+",IF(C87>=70,"A",IF(C87>=60,"A-",IF(C87>=50,"B",IF(C87>=40,"C",IF(C87>=33,"D","F"))))))))) -> D | F87: =(IF(C87="","",IF(E87="F",0,IF(C87>=80,5,IF(C87>=70,4,IF(C87>=60,3.5,IF(C87>=50,3,IF(C87>=40,2,IF(C87>=33,1,0))))))))) -> 1
A88: ='Student Basic Info'!A88 -> 187 | B88: 35 | C88: =IF(B88=0,"",B88) -> 35 | D88: =IF(C88="","", IF(C88>=33,"Pass","Fail")) -> Pass | E88: =(IF(C88="","",IF(D88="Fail","F",IF(C88>=80,"A+",IF(C88>=70,"A",IF(C88>=60,"A-",IF(C88>=50,"B",IF(C88>=40,"C",IF(C88>=33,"D","F"))))))))) -> D | F88: =(IF(C88="","",IF(E88="F",0,IF(C88>=80,5,IF(C88>=70,4,IF(C88>=60,3.5,IF(C88>=50,3,IF(C88>=40,2,IF(C88>=33,1,0))))))))) -> 1
A89: ='Student Basic Info'!A89 -> 188 | C89: =IF(B89=0,"",B89) | D89: =IF(C89="","", IF(C89>=33,"Pass","Fail")) | E89: =(IF(C89="","",IF(D89="Fail","F",IF(C89>=80,"A+",IF(C89>=70,"A",IF(C89>=60,"A-",IF(C89>=50,"B",IF(C89>=40,"C",IF(C89>=33,"D","F"))))))))) | F89: =(IF(C89="","",IF(E89="F",0,IF(C89>=80,5,IF(C89>=70,4,IF(C89>=60,3.5,IF(C89>=50,3,IF(C89>=40,2,IF(C89>=33,1,0)))))))))
A90: ='Student Basic Info'!A90 -> 189 | B90: 45 | C90: =IF(B90=0,"",B90) -> 45 | D90: =IF(C90="","", IF(C90>=33,"Pass","Fail")) -> Pass | E90: =(IF(C90="","",IF(D90="Fail","F",IF(C90>=80,"A+",IF(C90>=70,"A",IF(C90>=60,"A-",IF(C90>=50,"B",IF(C90>=40,"C",IF(C90>=33,"D","F"))))))))) -> C | F90: =(IF(C90="","",IF(E90="F",0,IF(C90>=80,5,IF(C90>=70,4,IF(C90>=60,3.5,IF(C90>=50,3,IF(C90>=40,2,IF(C90>=33,1,0))))))))) -> 2
A91: ='Student Basic Info'!A91 -> 190 | C91: =IF(B91=0,"",B91) | D91: =IF(C91="","", IF(C91>=33,"Pass","Fail")) | E91: =(IF(C91="","",IF(D91="Fail","F",IF(C91>=80,"A+",IF(C91>=70,"A",IF(C91>=60,"A-",IF(C91>=50,"B",IF(C91>=40,"C",IF(C91>=33,"D","F"))))))))) | F91: =(IF(C91="","",IF(E91="F",0,IF(C91>=80,5,IF(C91>=70,4,IF(C91>=60,3.5,IF(C91>=50,3,IF(C91>=40,2,IF(C91>=33,1,0)))))))))
A92: ='Student Basic Info'!A92 -> 191 | C92: =IF(B92=0,"",B92) | D92: =IF(C92="","", IF(C92>=33,"Pass","Fail")) | E92: =(IF(C92="","",IF(D92="Fail","F",IF(C92>=80,"A+",IF(C92>=70,"A",IF(C92>=60,"A-",IF(C92>=50,"B",IF(C92>=40,"C",IF(C92>=33,"D","F"))))))))) | F92: =(IF(C92="","",IF(E92="F",0,IF(C92>=80,5,IF(C92>=70,4,IF(C92>=60,3.5,IF(C92>=50,3,IF(C92>=40,2,IF(C92>=33,1,0)))))))))
A93: ='Student Basic Info'!A93 -> 192 | C93: =IF(B93=0,"",B93) | D93: =IF(C93="","", IF(C93>=33,"Pass","Fail")) | E93: =(IF(C93="","",IF(D93="Fail","F",IF(C93>=80,"A+",IF(C93>=70,"A",IF(C93>=60,"A-",IF(C93>=50,"B",IF(C93>=40,"C",IF(C93>=33,"D","F"))))))))) | F93: =(IF(C93="","",IF(E93="F",0,IF(C93>=80,5,IF(C93>=70,4,IF(C93>=60,3.5,IF(C93>=50,3,IF(C93>=40,2,IF(C93>=33,1,0)))))))))
A94: ='Student Basic Info'!A94 -> 193 | B94: 9 | C94: =IF(B94=0,"",B94) -> 9 | D94: =IF(C94="","", IF(C94>=33,"Pass","Fail")) -> Fail | E94: =(IF(C94="","",IF(D94="Fail","F",IF(C94>=80,"A+",IF(C94>=70,"A",IF(C94>=60,"A-",IF(C94>=50,"B",IF(C94>=40,"C",IF(C94>=33,"D","F"))))))))) -> F | F94: =(IF(C94="","",IF(E94="F",0,IF(C94>=80,5,IF(C94>=70,4,IF(C94>=60,3.5,IF(C94>=50,3,IF(C94>=40,2,IF(C94>=33,1,0))))))))) -> 0
A95: ='Student Basic Info'!A95 -> 194 | C95: =IF(B95=0,"",B95) | D95: =IF(C95="","", IF(C95>=33,"Pass","Fail")) | E95: =(IF(C95="","",IF(D95="Fail","F",IF(C95>=80,"A+",IF(C95>=70,"A",IF(C95>=60,"A-",IF(C95>=50,"B",IF(C95>=40,"C",IF(C95>=33,"D","F"))))))))) | F95: =(IF(C95="","",IF(E95="F",0,IF(C95>=80,5,IF(C95>=70,4,IF(C95>=60,3.5,IF(C95>=50,3,IF(C95>=40,2,IF(C95>=33,1,0)))))))))
A96: ='Student Basic Info'!A96 -> 195 | B96: 34 | C96: =IF(B96=0,"",B96) -> 34 | D96: =IF(C96="","", IF(C96>=33,"Pass","Fail")) -> Pass | E96: =(IF(C96="","",IF(D96="Fail","F",IF(C96>=80,"A+",IF(C96>=70,"A",IF(C96>=60,"A-",IF(C96>=50,"B",IF(C96>=40,"C",IF(C96>=33,"D","F"))))))))) -> D | F96: =(IF(C96="","",IF(E96="F",0,IF(C96>=80,5,IF(C96>=70,4,IF(C96>=60,3.5,IF(C96>=50,3,IF(C96>=40,2,IF(C96>=33,1,0))))))))) -> 1
A97: ='Student Basic Info'!A97 -> 196 | C97: =IF(B97=0,"",B97) | D97: =IF(C97="","", IF(C97>=33,"Pass","Fail")) | E97: =(IF(C97="","",IF(D97="Fail","F",IF(C97>=80,"A+",IF(C97>=70,"A",IF(C97>=60,"A-",IF(C97>=50,"B",IF(C97>=40,"C",IF(C97>=33,"D","F"))))))))) | F97: =(IF(C97="","",IF(E97="F",0,IF(C97>=80,5,IF(C97>=70,4,IF(C97>=60,3.5,IF(C97>=50,3,IF(C97>=40,2,IF(C97>=33,1,0)))))))))
A98: ='Student Basic Info'!A98 -> 197 | B98: 17 | C98: =IF(B98=0,"",B98) -> 17 | D98: =IF(C98="","", IF(C98>=33,"Pass","Fail")) -> Fail | E98: =(IF(C98="","",IF(D98="Fail","F",IF(C98>=80,"A+",IF(C98>=70,"A",IF(C98>=60,"A-",IF(C98>=50,"B",IF(C98>=40,"C",IF(C98>=33,"D","F"))))))))) -> F | F98: =(IF(C98="","",IF(E98="F",0,IF(C98>=80,5,IF(C98>=70,4,IF(C98>=60,3.5,IF(C98>=50,3,IF(C98>=40,2,IF(C98>=33,1,0))))))))) -> 0
A99: ='Student Basic Info'!A99 -> 198 | C99: =IF(B99=0,"",B99) | D99: =IF(C99="","", IF(C99>=33,"Pass","Fail")) | E99: =(IF(C99="","",IF(D99="Fail","F",IF(C99>=80,"A+",IF(C99>=70,"A",IF(C99>=60,"A-",IF(C99>=50,"B",IF(C99>=40,"C",IF(C99>=33,"D","F"))))))))) | F99: =(IF(C99="","",IF(E99="F",0,IF(C99>=80,5,IF(C99>=70,4,IF(C99>=60,3.5,IF(C99>=50,3,IF(C99>=40,2,IF(C99>=33,1,0)))))))))
A100: ='Student Basic Info'!A100 -> 199 | C100: =IF(B100=0,"",B100) | D100: =IF(C100="","", IF(C100>=33,"Pass","Fail")) | E100: =(IF(C100="","",IF(D100="Fail","F",IF(C100>=80,"A+",IF(C100>=70,"A",IF(C100>=60,"A-",IF(C100>=50,"B",IF(C100>=40,"C",IF(C100>=33,"D","F"))))))))) | F100: =(IF(C100="","",IF(E100="F",0,IF(C100>=80,5,IF(C100>=70,4,IF(C100>=60,3.5,IF(C100>=50,3,IF(C100>=40,2,IF(C100>=33,1,0)))))))))
...

Sheet ICT
A1: Roll | B1: Marks MCQ | C1: Marks CQ | D1: Practical | E1: Total Marks | F1: Result | G1: Grade | H1: GPA
A2: ='Student Basic Info'!A2 -> 101 | B2: 4 | C2: 1 | D2: 23 | E2: =IF(B2+C2+D2=0, "", B2+C2+D2) -> 28 | F2: =IF(E2="","", IF(AND(B2 >=8,C2>=17,D2>=8),"Pass","Fail")) -> Fail | G2: =(IF(E2="","",IF(F2="Fail","F",IF(E2>=80,"A+",IF(E2>=70,"A",IF(E2>=60,"A-",IF(E2>=50,"B",IF(E2>=40,"C",IF(E2>=33,"D","F"))))))))) -> F | H2: =(IF(E2="","",IF(G2="F",0,IF(E2>=80,5,IF(E2>=70,4,IF(E2>=60,3.5,IF(E2>=50,3,IF(E2>=40,2,IF(E2>=33,1,0))))))))) -> 0
A3: ='Student Basic Info'!A3 -> 102 | B3: 7 | C3: 5 | D3: 22 | E3: =IF(B3+C3+D3=0, "", B3+C3+D3) -> 34 | F3: =IF(E3="","", IF(AND(B3 >=8,C3>=17,D3>=8),"Pass","Fail")) -> Fail | G3: =(IF(E3="","",IF(F3="Fail","F",IF(E3>=80,"A+",IF(E3>=70,"A",IF(E3>=60,"A-",IF(E3>=50,"B",IF(E3>=40,"C",IF(E3>=33,"D","F"))))))))) -> F | H3: =(IF(E3="","",IF(G3="F",0,IF(E3>=80,5,IF(E3>=70,4,IF(E3>=60,3.5,IF(E3>=50,3,IF(E3>=40,2,IF(E3>=33,1,0))))))))) -> 0
A4: ='Student Basic Info'!A4 -> 103 | B4: 11 | C4: 4 | D4: 24 | E4: =IF(B4+C4+D4=0, "", B4+C4+D4) -> 39 | F4: =IF(E4="","", IF(AND(B4 >=8,C4>=17,D4>=8),"Pass","Fail")) -> Fail | G4: =(IF(E4="","",IF(F4="Fail","F",IF(E4>=80,"A+",IF(E4>=70,"A",IF(E4>=60,"A-",IF(E4>=50,"B",IF(E4>=40,"C",IF(E4>=33,"D","F"))))))))) -> F | H4: =(IF(E4="","",IF(G4="F",0,IF(E4>=80,5,IF(E4>=70,4,IF(E4>=60,3.5,IF(E4>=50,3,IF(E4>=40,2,IF(E4>=33,1,0))))))))) -> 0
A5: ='Student Basic Info'!A5 -> 104 | B5: 8 | C5: 12 | D5: 18 | E5: =IF(B5+C5+D5=0, "", B5+C5+D5) -> 38 | F5: =IF(E5="","", IF(AND(B5 >=8,C5>=17,D5>=8),"Pass","Fail")) -> Fail | G5: =(IF(E5="","",IF(F5="Fail","F",IF(E5>=80,"A+",IF(E5>=70,"A",IF(E5>=60,"A-",IF(E5>=50,"B",IF(E5>=40,"C",IF(E5>=33,"D","F"))))))))) -> F | H5: =(IF(E5="","",IF(G5="F",0,IF(E5>=80,5,IF(E5>=70,4,IF(E5>=60,3.5,IF(E5>=50,3,IF(E5>=40,2,IF(E5>=33,1,0))))))))) -> 0
A6: ='Student Basic Info'!A6 -> 105 | B6: 6 | C6: 6 | D6: 18 | E6: =IF(B6+C6+D6=0, "", B6+C6+D6) -> 30 | F6: =IF(E6="","", IF(AND(B6 >=8,C6>=17,D6>=8),"Pass","Fail")) -> Fail | G6: =(IF(E6="","",IF(F6="Fail","F",IF(E6>=80,"A+",IF(E6>=70,"A",IF(E6>=60,"A-",IF(E6>=50,"B",IF(E6>=40,"C",IF(E6>=33,"D","F"))))))))) -> F | H6: =(IF(E6="","",IF(G6="F",0,IF(E6>=80,5,IF(E6>=70,4,IF(E6>=60,3.5,IF(E6>=50,3,IF(E6>=40,2,IF(E6>=33,1,0))))))))) -> 0
A7: ='Student Basic Info'!A7 -> 106 | B7: 10 | C7: 11 | D7: 18 | E7: =IF(B7+C7+D7=0, "", B7+C7+D7) -> 39 | F7: =IF(E7="","", IF(AND(B7 >=8,C7>=17,D7>=8),"Pass","Fail")) -> Fail | G7: =(IF(E7="","",IF(F7="Fail","F",IF(E7>=80,"A+",IF(E7>=70,"A",IF(E7>=60,"A-",IF(E7>=50,"B",IF(E7>=40,"C",IF(E7>=33,"D","F"))))))))) -> F | H7: =(IF(E7="","",IF(G7="F",0,IF(E7>=80,5,IF(E7>=70,4,IF(E7>=60,3.5,IF(E7>=50,3,IF(E7>=40,2,IF(E7>=33,1,0))))))))) -> 0
A8: ='Student Basic Info'!A8 -> 107 | B8: 9 | C8: 4 | D8: 20 | E8: =IF(B8+C8+D8=0, "", B8+C8+D8) -> 33 | F8: =IF(E8="","", IF(AND(B8 >=8,C8>=17,D8>=8),"Pass","Fail")) -> Fail | G8: =(IF(E8="","",IF(F8="Fail","F",IF(E8>=80,"A+",IF(E8>=70,"A",IF(E8>=60,"A-",IF(E8>=50,"B",IF(E8>=40,"C",IF(E8>=33,"D","F"))))))))) -> F | H8: =(IF(E8="","",IF(G8="F",0,IF(E8>=80,5,IF(E8>=70,4,IF(E8>=60,3.5,IF(E8>=50,3,IF(E8>=40,2,IF(E8>=33,1,0))))))))) -> 0
A9: ='Student Basic Info'!A9 -> 108 | B9: 9 | C9: 12 | D9: 24 | E9: =IF(B9+C9+D9=0, "", B9+C9+D9) -> 45 | F9: =IF(E9="","", IF(AND(B9 >=8,C9>=17,D9>=8),"Pass","Fail")) -> Fail | G9: =(IF(E9="","",IF(F9="Fail","F",IF(E9>=80,"A+",IF(E9>=70,"A",IF(E9>=60,"A-",IF(E9>=50,"B",IF(E9>=40,"C",IF(E9>=33,"D","F"))))))))) -> F | H9: =(IF(E9="","",IF(G9="F",0,IF(E9>=80,5,IF(E9>=70,4,IF(E9>=60,3.5,IF(E9>=50,3,IF(E9>=40,2,IF(E9>=33,1,0))))))))) -> 0
A10: ='Student Basic Info'!A10 -> 109 | E10: =IF(B10+C10+D10=0, "", B10+C10+D10) | F10: =IF(E10="","", IF(AND(B10 >=8,C10>=17,D10>=8),"Pass","Fail")) | G10: =(IF(E10="","",IF(F10="Fail","F",IF(E10>=80,"A+",IF(E10>=70,"A",IF(E10>=60,"A-",IF(E10>=50,"B",IF(E10>=40,"C",IF(E10>=33,"D","F"))))))))) | H10: =(IF(E10="","",IF(G10="F",0,IF(E10>=80,5,IF(E10>=70,4,IF(E10>=60,3.5,IF(E10>=50,3,IF(E10>=40,2,IF(E10>=33,1,0)))))))))
A11: ='Student Basic Info'!A11 -> 110 | B11: 7 | C11: 7 | D11: 8 | E11: =IF(B11+C11+D11=0, "", B11+C11+D11) -> 22 | F11: =IF(E11="","", IF(AND(B11 >=8,C11>=17,D11>=8),"Pass","Fail")) -> Fail | G11: =(IF(E11="","",IF(F11="Fail","F",IF(E11>=80,"A+",IF(E11>=70,"A",IF(E11>=60,"A-",IF(E11>=50,"B",IF(E11>=40,"C",IF(E11>=33,"D","F"))))))))) -> F | H11: =(IF(E11="","",IF(G11="F",0,IF(E11>=80,5,IF(E11>=70,4,IF(E11>=60,3.5,IF(E11>=50,3,IF(E11>=40,2,IF(E11>=33,1,0))))))))) -> 0
A12: ='Student Basic Info'!A12 -> 111 | E12: =IF(B12+C12+D12=0, "", B12+C12+D12) | F12: =IF(E12="","", IF(AND(B12 >=8,C12>=17,D12>=8),"Pass","Fail")) | G12: =(IF(E12="","",IF(F12="Fail","F",IF(E12>=80,"A+",IF(E12>=70,"A",IF(E12>=60,"A-",IF(E12>=50,"B",IF(E12>=40,"C",IF(E12>=33,"D","F"))))))))) | H12: =(IF(E12="","",IF(G12="F",0,IF(E12>=80,5,IF(E12>=70,4,IF(E12>=60,3.5,IF(E12>=50,3,IF(E12>=40,2,IF(E12>=33,1,0)))))))))
A13: ='Student Basic Info'!A13 -> 112 | E13: =IF(B13+C13+D13=0, "", B13+C13+D13) | F13: =IF(E13="","", IF(AND(B13 >=8,C13>=17,D13>=8),"Pass","Fail")) | G13: =(IF(E13="","",IF(F13="Fail","F",IF(E13>=80,"A+",IF(E13>=70,"A",IF(E13>=60,"A-",IF(E13>=50,"B",IF(E13>=40,"C",IF(E13>=33,"D","F"))))))))) | H13: =(IF(E13="","",IF(G13="F",0,IF(E13>=80,5,IF(E13>=70,4,IF(E13>=60,3.5,IF(E13>=50,3,IF(E13>=40,2,IF(E13>=33,1,0)))))))))
A14: ='Student Basic Info'!A14 -> 113 | B14: 16 | C14: 20 | D14: 25 | E14: =IF(B14+C14+D14=0, "", B14+C14+D14) -> 61 | F14: =IF(E14="","", IF(AND(B14 >=8,C14>=17,D14>=8),"Pass","Fail")) -> Pass | G14: =(IF(E14="","",IF(F14="Fail","F",IF(E14>=80,"A+",IF(E14>=70,"A",IF(E14>=60,"A-",IF(E14>=50,"B",IF(E14>=40,"C",IF(E14>=33,"D","F"))))))))) -> A- | H14: =(IF(E14="","",IF(G14="F",0,IF(E14>=80,5,IF(E14>=70,4,IF(E14>=60,3.5,IF(E14>=50,3,IF(E14>=40,2,IF(E14>=33,1,0))))))))) -> 3.5
A15: ='Student Basic Info'!A15 -> 114 | E15: =IF(B15+C15+D15=0, "", B15+C15+D15) | F15: =IF(E15="","", IF(AND(B15 >=8,C15>=17,D15>=8),"Pass","Fail")) | G15: =(IF(E15="","",IF(F15="Fail","F",IF(E15>=80,"A+",IF(E15>=70,"A",IF(E15>=60,"A-",IF(E15>=50,"B",IF(E15>=40,"C",IF(E15>=33,"D","F"))))))))) | H15: =(IF(E15="","",IF(G15="F",0,IF(E15>=80,5,IF(E15>=70,4,IF(E15>=60,3.5,IF(E15>=50,3,IF(E15>=40,2,IF(E15>=33,1,0)))))))))
A16: ='Student Basic Info'!A16 -> 115 | E16: =IF(B16+C16+D16=0, "", B16+C16+D16) | F16: =IF(E16="","", IF(AND(B16 >=8,C16>=17,D16>=8),"Pass","Fail")) | G16: =(IF(E16="","",IF(F16="Fail","F",IF(E16>=80,"A+",IF(E16>=70,"A",IF(E16>=60,"A-",IF(E16>=50,"B",IF(E16>=40,"C",IF(E16>=33,"D","F"))))))))) | H16: =(IF(E16="","",IF(G16="F",0,IF(E16>=80,5,IF(E16>=70,4,IF(E16>=60,3.5,IF(E16>=50,3,IF(E16>=40,2,IF(E16>=33,1,0)))))))))
A17: ='Student Basic Info'!A17 -> 116 | B17: 8 | C17: 3 | D17: 24 | E17: =IF(B17+C17+D17=0, "", B17+C17+D17) -> 35 | F17: =IF(E17="","", IF(AND(B17 >=8,C17>=17,D17>=8),"Pass","Fail")) -> Fail | G17: =(IF(E17="","",IF(F17="Fail","F",IF(E17>=80,"A+",IF(E17>=70,"A",IF(E17>=60,"A-",IF(E17>=50,"B",IF(E17>=40,"C",IF(E17>=33,"D","F"))))))))) -> F | H17: =(IF(E17="","",IF(G17="F",0,IF(E17>=80,5,IF(E17>=70,4,IF(E17>=60,3.5,IF(E17>=50,3,IF(E17>=40,2,IF(E17>=33,1,0))))))))) -> 0
A18: ='Student Basic Info'!A18 -> 117 | B18: 15 | C18: 27 | D18: 22 | E18: =IF(B18+C18+D18=0, "", B18+C18+D18) -> 64 | F18: =IF(E18="","", IF(AND(B18 >=8,C18>=17,D18>=8),"Pass","Fail")) -> Pass | G18: =(IF(E18="","",IF(F18="Fail","F",IF(E18>=80,"A+",IF(E18>=70,"A",IF(E18>=60,"A-",IF(E18>=50,"B",IF(E18>=40,"C",IF(E18>=33,"D","F"))))))))) -> A- | H18: =(IF(E18="","",IF(G18="F",0,IF(E18>=80,5,IF(E18>=70,4,IF(E18>=60,3.5,IF(E18>=50,3,IF(E18>=40,2,IF(E18>=33,1,0))))))))) -> 3.5
A19: ='Student Basic Info'!A19 -> 118 | B19: 11 | C19: 8 | D19: 18 | E19: =IF(B19+C19+D19=0, "", B19+C19+D19) -> 37 | F19: =IF(E19="","", IF(AND(B19 >=8,C19>=17,D19>=8),"Pass","Fail")) -> Fail | G19: =(IF(E19="","",IF(F19="Fail","F",IF(E19>=80,"A+",IF(E19>=70,"A",IF(E19>=60,"A-",IF(E19>=50,"B",IF(E19>=40,"C",IF(E19>=33,"D","F"))))))))) -> F | H19: =(IF(E19="","",IF(G19="F",0,IF(E19>=80,5,IF(E19>=70,4,IF(E19>=60,3.5,IF(E19>=50,3,IF(E19>=40,2,IF(E19>=33,1,0))))))))) -> 0
A20: ='Student Basic Info'!A20 -> 119 | E20: =IF(B20+C20+D20=0, "", B20+C20+D20) | F20: =IF(E20="","", IF(AND(B20 >=8,C20>=17,D20>=8),"Pass","Fail")) | G20: =(IF(E20="","",IF(F20="Fail","F",IF(E20>=80,"A+",IF(E20>=70,"A",IF(E20>=60,"A-",IF(E20>=50,"B",IF(E20>=40,"C",IF(E20>=33,"D","F"))))))))) | H20: =(IF(E20="","",IF(G20="F",0,IF(E20>=80,5,IF(E20>=70,4,IF(E20>=60,3.5,IF(E20>=50,3,IF(E20>=40,2,IF(E20>=33,1,0)))))))))
A21: ='Student Basic Info'!A21 -> 120 | B21: 6 | C21: 2 | D21: 24 | E21: =IF(B21+C21+D21=0, "", B21+C21+D21) -> 32 | F21: =IF(E21="","", IF(AND(B21 >=8,C21>=17,D21>=8),"Pass","Fail")) -> Fail | G21: =(IF(E21="","",IF(F21="Fail","F",IF(E21>=80,"A+",IF(E21>=70,"A",IF(E21>=60,"A-",IF(E21>=50,"B",IF(E21>=40,"C",IF(E21>=33,"D","F"))))))))) -> F | H21: =(IF(E21="","",IF(G21="F",0,IF(E21>=80,5,IF(E21>=70,4,IF(E21>=60,3.5,IF(E21>=50,3,IF(E21>=40,2,IF(E21>=33,1,0))))))))) -> 0
A22: ='Student Basic Info'!A22 -> 121 | B22: 7 | C22: 6 | D22: 23 | E22: =IF(B22+C22+D22=0, "", B22+C22+D22) -> 36 | F22: =IF(E22="","", IF(AND(B22 >=8,C22>=17,D22>=8),"Pass","Fail")) -> Fail | G22: =(IF(E22="","",IF(F22="Fail","F",IF(E22>=80,"A+",IF(E22>=70,"A",IF(E22>=60,"A-",IF(E22>=50,"B",IF(E22>=40,"C",IF(E22>=33,"D","F"))))))))) -> F | H22: =(IF(E22="","",IF(G22="F",0,IF(E22>=80,5,IF(E22>=70,4,IF(E22>=60,3.5,IF(E22>=50,3,IF(E22>=40,2,IF(E22>=33,1,0))))))))) -> 0
A23: ='Student Basic Info'!A23 -> 122 | B23: 10 | C23: 3 | D23: 18 | E23: =IF(B23+C23+D23=0, "", B23+C23+D23) -> 31 | F23: =IF(E23="","", IF(AND(B23 >=8,C23>=17,D23>=8),"Pass","Fail")) -> Fail | G23: =(IF(E23="","",IF(F23="Fail","F",IF(E23>=80,"A+",IF(E23>=70,"A",IF(E23>=60,"A-",IF(E23>=50,"B",IF(E23>=40,"C",IF(E23>=33,"D","F"))))))))) -> F | H23: =(IF(E23="","",IF(G23="F",0,IF(E23>=80,5,IF(E23>=70,4,IF(E23>=60,3.5,IF(E23>=50,3,IF(E23>=40,2,IF(E23>=33,1,0))))))))) -> 0
A24: ='Student Basic Info'!A24 -> 123 | B24: 11 | C24: 4 | D24: 24 | E24: =IF(B24+C24+D24=0, "", B24+C24+D24) -> 39 | F24: =IF(E24="","", IF(AND(B24 >=8,C24>=17,D24>=8),"Pass","Fail")) -> Fail | G24: =(IF(E24="","",IF(F24="Fail","F",IF(E24>=80,"A+",IF(E24>=70,"A",IF(E24>=60,"A-",IF(E24>=50,"B",IF(E24>=40,"C",IF(E24>=33,"D","F"))))))))) -> F | H24: =(IF(E24="","",IF(G24="F",0,IF(E24>=80,5,IF(E24>=70,4,IF(E24>=60,3.5,IF(E24>=50,3,IF(E24>=40,2,IF(E24>=33,1,0))))))))) -> 0
A25: ='Student Basic Info'!A25 -> 124 | E25: =IF(B25+C25+D25=0, "", B25+C25+D25) | F25: =IF(E25="","", IF(AND(B25 >=8,C25>=17,D25>=8),"Pass","Fail")) | G25: =(IF(E25="","",IF(F25="Fail","F",IF(E25>=80,"A+",IF(E25>=70,"A",IF(E25>=60,"A-",IF(E25>=50,"B",IF(E25>=40,"C",IF(E25>=33,"D","F"))))))))) | H25: =(IF(E25="","",IF(G25="F",0,IF(E25>=80,5,IF(E25>=70,4,IF(E25>=60,3.5,IF(E25>=50,3,IF(E25>=40,2,IF(E25>=33,1,0)))))))))
A26: ='Student Basic Info'!A26 -> 125 | E26: =IF(B26+C26+D26=0, "", B26+C26+D26) | F26: =IF(E26="","", IF(AND(B26 >=8,C26>=17,D26>=8),"Pass","Fail")) | G26: =(IF(E26="","",IF(F26="Fail","F",IF(E26>=80,"A+",IF(E26>=70,"A",IF(E26>=60,"A-",IF(E26>=50,"B",IF(E26>=40,"C",IF(E26>=33,"D","F"))))))))) | H26: =(IF(E26="","",IF(G26="F",0,IF(E26>=80,5,IF(E26>=70,4,IF(E26>=60,3.5,IF(E26>=50,3,IF(E26>=40,2,IF(E26>=33,1,0)))))))))
A27: ='Student Basic Info'!A27 -> 126 | E27: =IF(B27+C27+D27=0, "", B27+C27+D27) | F27: =IF(E27="","", IF(AND(B27 >=8,C27>=17,D27>=8),"Pass","Fail")) | G27: =(IF(E27="","",IF(F27="Fail","F",IF(E27>=80,"A+",IF(E27>=70,"A",IF(E27>=60,"A-",IF(E27>=50,"B",IF(E27>=40,"C",IF(E27>=33,"D","F"))))))))) | H27: =(IF(E27="","",IF(G27="F",0,IF(E27>=80,5,IF(E27>=70,4,IF(E27>=60,3.5,IF(E27>=50,3,IF(E27>=40,2,IF(E27>=33,1,0)))))))))
A28: ='Student Basic Info'!A28 -> 127 | E28: =IF(B28+C28+D28=0, "", B28+C28+D28) | F28: =IF(E28="","", IF(AND(B28 >=8,C28>=17,D28>=8),"Pass","Fail")) | G28: =(IF(E28="","",IF(F28="Fail","F",IF(E28>=80,"A+",IF(E28>=70,"A",IF(E28>=60,"A-",IF(E28>=50,"B",IF(E28>=40,"C",IF(E28>=33,"D","F"))))))))) | H28: =(IF(E28="","",IF(G28="F",0,IF(E28>=80,5,IF(E28>=70,4,IF(E28>=60,3.5,IF(E28>=50,3,IF(E28>=40,2,IF(E28>=33,1,0)))))))))
A29: ='Student Basic Info'!A29 -> 128 | B29: 6 | C29: 9 | D29: 24 | E29: =IF(B29+C29+D29=0, "", B29+C29+D29) -> 39 | F29: =IF(E29="","", IF(AND(B29 >=8,C29>=17,D29>=8),"Pass","Fail")) -> Fail | G29: =(IF(E29="","",IF(F29="Fail","F",IF(E29>=80,"A+",IF(E29>=70,"A",IF(E29>=60,"A-",IF(E29>=50,"B",IF(E29>=40,"C",IF(E29>=33,"D","F"))))))))) -> F | H29: =(IF(E29="","",IF(G29="F",0,IF(E29>=80,5,IF(E29>=70,4,IF(E29>=60,3.5,IF(E29>=50,3,IF(E29>=40,2,IF(E29>=33,1,0))))))))) -> 0
A30: ='Student Basic Info'!A30 -> 129 | B30: 6 | C30: 6 | D30: 8 | E30: =IF(B30+C30+D30=0, "", B30+C30+D30) -> 20 | F30: =IF(E30="","", IF(AND(B30 >=8,C30>=17,D30>=8),"Pass","Fail")) -> Fail | G30: =(IF(E30="","",IF(F30="Fail","F",IF(E30>=80,"A+",IF(E30>=70,"A",IF(E30>=60,"A-",IF(E30>=50,"B",IF(E30>=40,"C",IF(E30>=33,"D","F"))))))))) -> F | H30: =(IF(E30="","",IF(G30="F",0,IF(E30>=80,5,IF(E30>=70,4,IF(E30>=60,3.5,IF(E30>=50,3,IF(E30>=40,2,IF(E30>=33,1,0))))))))) -> 0
A31: ='Student Basic Info'!A31 -> 130 | B31: 8 | C31: 17 | D31: 22 | E31: =IF(B31+C31+D31=0, "", B31+C31+D31) -> 47 | F31: =IF(E31="","", IF(AND(B31 >=8,C31>=17,D31>=8),"Pass","Fail")) -> Pass | G31: =(IF(E31="","",IF(F31="Fail","F",IF(E31>=80,"A+",IF(E31>=70,"A",IF(E31>=60,"A-",IF(E31>=50,"B",IF(E31>=40,"C",IF(E31>=33,"D","F"))))))))) -> C | H31: =(IF(E31="","",IF(G31="F",0,IF(E31>=80,5,IF(E31>=70,4,IF(E31>=60,3.5,IF(E31>=50,3,IF(E31>=40,2,IF(E31>=33,1,0))))))))) -> 2
A32: ='Student Basic Info'!A32 -> 131 | B32: 11 | C32: 13 | D32: 16 | E32: =IF(B32+C32+D32=0, "", B32+C32+D32) -> 40 | F32: =IF(E32="","", IF(AND(B32 >=8,C32>=17,D32>=8),"Pass","Fail")) -> Fail | G32: =(IF(E32="","",IF(F32="Fail","F",IF(E32>=80,"A+",IF(E32>=70,"A",IF(E32>=60,"A-",IF(E32>=50,"B",IF(E32>=40,"C",IF(E32>=33,"D","F"))))))))) -> F | H32: =(IF(E32="","",IF(G32="F",0,IF(E32>=80,5,IF(E32>=70,4,IF(E32>=60,3.5,IF(E32>=50,3,IF(E32>=40,2,IF(E32>=33,1,0))))))))) -> 0
A33: ='Student Basic Info'!A33 -> 132 | B33: 7 | C33: 10 | D33: 24 | E33: =IF(B33+C33+D33=0, "", B33+C33+D33) -> 41 | F33: =IF(E33="","", IF(AND(B33 >=8,C33>=17,D33>=8),"Pass","Fail")) -> Fail | G33: =(IF(E33="","",IF(F33="Fail","F",IF(E33>=80,"A+",IF(E33>=70,"A",IF(E33>=60,"A-",IF(E33>=50,"B",IF(E33>=40,"C",IF(E33>=33,"D","F"))))))))) -> F | H33: =(IF(E33="","",IF(G33="F",0,IF(E33>=80,5,IF(E33>=70,4,IF(E33>=60,3.5,IF(E33>=50,3,IF(E33>=40,2,IF(E33>=33,1,0))))))))) -> 0
A34: ='Student Basic Info'!A34 -> 133 | B34: 8 | C34: 4 | D34: 23 | E34: =IF(B34+C34+D34=0, "", B34+C34+D34) -> 35 | F34: =IF(E34="","", IF(AND(B34 >=8,C34>=17,D34>=8),"Pass","Fail")) -> Fail | G34: =(IF(E34="","",IF(F34="Fail","F",IF(E34>=80,"A+",IF(E34>=70,"A",IF(E34>=60,"A-",IF(E34>=50,"B",IF(E34>=40,"C",IF(E34>=33,"D","F"))))))))) -> F | H34: =(IF(E34="","",IF(G34="F",0,IF(E34>=80,5,IF(E34>=70,4,IF(E34>=60,3.5,IF(E34>=50,3,IF(E34>=40,2,IF(E34>=33,1,0))))))))) -> 0
A35: ='Student Basic Info'!A35 -> 134 | E35: =IF(B35+C35+D35=0, "", B35+C35+D35) | F35: =IF(E35="","", IF(AND(B35 >=8,C35>=17,D35>=8),"Pass","Fail")) | G35: =(IF(E35="","",IF(F35="Fail","F",IF(E35>=80,"A+",IF(E35>=70,"A",IF(E35>=60,"A-",IF(E35>=50,"B",IF(E35>=40,"C",IF(E35>=33,"D","F"))))))))) | H35: =(IF(E35="","",IF(G35="F",0,IF(E35>=80,5,IF(E35>=70,4,IF(E35>=60,3.5,IF(E35>=50,3,IF(E35>=40,2,IF(E35>=33,1,0)))))))))
A36: ='Student Basic Info'!A36 -> 135 | E36: =IF(B36+C36+D36=0, "", B36+C36+D36) | F36: =IF(E36="","", IF(AND(B36 >=8,C36>=17,D36>=8),"Pass","Fail")) | G36: =(IF(E36="","",IF(F36="Fail","F",IF(E36>=80,"A+",IF(E36>=70,"A",IF(E36>=60,"A-",IF(E36>=50,"B",IF(E36>=40,"C",IF(E36>=33,"D","F"))))))))) | H36: =(IF(E36="","",IF(G36="F",0,IF(E36>=80,5,IF(E36>=70,4,IF(E36>=60,3.5,IF(E36>=50,3,IF(E36>=40,2,IF(E36>=33,1,0)))))))))
A37: ='Student Basic Info'!A37 -> 136 | B37: 10 | C37: 3 | D37: 18 | E37: =IF(B37+C37+D37=0, "", B37+C37+D37) -> 31 | F37: =IF(E37="","", IF(AND(B37 >=8,C37>=17,D37>=8),"Pass","Fail")) -> Fail | G37: =(IF(E37="","",IF(F37="Fail","F",IF(E37>=80,"A+",IF(E37>=70,"A",IF(E37>=60,"A-",IF(E37>=50,"B",IF(E37>=40,"C",IF(E37>=33,"D","F"))))))))) -> F | H37: =(IF(E37="","",IF(G37="F",0,IF(E37>=80,5,IF(E37>=70,4,IF(E37>=60,3.5,IF(E37>=50,3,IF(E37>=40,2,IF(E37>=33,1,0))))))))) -> 0
A38: ='Student Basic Info'!A38 -> 137 | E38: =IF(B38+C38+D38=0, "", B38+C38+D38) | F38: =IF(E38="","", IF(AND(B38 >=8,C38>=17,D38>=8),"Pass","Fail")) | G38: =(IF(E38="","",IF(F38="Fail","F",IF(E38>=80,"A+",IF(E38>=70,"A",IF(E38>=60,"A-",IF(E38>=50,"B",IF(E38>=40,"C",IF(E38>=33,"D","F"))))))))) | H38: =(IF(E38="","",IF(G38="F",0,IF(E38>=80,5,IF(E38>=70,4,IF(E38>=60,3.5,IF(E38>=50,3,IF(E38>=40,2,IF(E38>=33,1,0)))))))))
A39: ='Student Basic Info'!A39 -> 138 | E39: =IF(B39+C39+D39=0, "", B39+C39+D39) | F39: =IF(E39="","", IF(AND(B39 >=8,C39>=17,D39>=8),"Pass","Fail")) | G39: =(IF(E39="","",IF(F39="Fail","F",IF(E39>=80,"A+",IF(E39>=70,"A",IF(E39>=60,"A-",IF(E39>=50,"B",IF(E39>=40,"C",IF(E39>=33,"D","F"))))))))) | H39: =(IF(E39="","",IF(G39="F",0,IF(E39>=80,5,IF(E39>=70,4,IF(E39>=60,3.5,IF(E39>=50,3,IF(E39>=40,2,IF(E39>=33,1,0)))))))))
A40: ='Student Basic Info'!A40 -> 139 | B40: 7 | C40: 1 | D40: 14 | E40: =IF(B40+C40+D40=0, "", B40+C40+D40) -> 22 | F40: =IF(E40="","", IF(AND(B40 >=8,C40>=17,D40>=8),"Pass","Fail")) -> Fail | G40: =(IF(E40="","",IF(F40="Fail","F",IF(E40>=80,"A+",IF(E40>=70,"A",IF(E40>=60,"A-",IF(E40>=50,"B",IF(E40>=40,"C",IF(E40>=33,"D","F"))))))))) -> F | H40: =(IF(E40="","",IF(G40="F",0,IF(E40>=80,5,IF(E40>=70,4,IF(E40>=60,3.5,IF(E40>=50,3,IF(E40>=40,2,IF(E40>=33,1,0))))))))) -> 0
A41: ='Student Basic Info'!A41 -> 140 | B41: 6 | C41: 2 | D41: 24 | E41: =IF(B41+C41+D41=0, "", B41+C41+D41) -> 32 | F41: =IF(E41="","", IF(AND(B41 >=8,C41>=17,D41>=8),"Pass","Fail")) -> Fail | G41: =(IF(E41="","",IF(F41="Fail","F",IF(E41>=80,"A+",IF(E41>=70,"A",IF(E41>=60,"A-",IF(E41>=50,"B",IF(E41>=40,"C",IF(E41>=33,"D","F"))))))))) -> F | H41: =(IF(E41="","",IF(G41="F",0,IF(E41>=80,5,IF(E41>=70,4,IF(E41>=60,3.5,IF(E41>=50,3,IF(E41>=40,2,IF(E41>=33,1,0))))))))) -> 0
A42: ='Student Basic Info'!A42 -> 141 | B42: 12 | C42: 11 | D42: 22 | E42: =IF(B42+C42+D42=0, "", B42+C42+D42) -> 45 | F42: =IF(E42="","", IF(AND(B42 >=8,C42>=17,D42>=8),"Pass","Fail")) -> Fail | G42: =(IF(E42="","",IF(F42="Fail","F",IF(E42>=80,"A+",IF(E42>=70,"A",IF(E42>=60,"A-",IF(E42>=50,"B",IF(E42>=40,"C",IF(E42>=33,"D","F"))))))))) -> F | H42: =(IF(E42="","",IF(G42="F",0,IF(E42>=80,5,IF(E42>=70,4,IF(E42>=60,3.5,IF(E42>=50,3,IF(E42>=40,2,IF(E42>=33,1,0))))))))) -> 0
A43: ='Student Basic Info'!A43 -> 142 | B43: 10 | C43: 17 | D43: 20 | E43: =IF(B43+C43+D43=0, "", B43+C43+D43) -> 47 | F43: =IF(E43="","", IF(AND(B43 >=8,C43>=17,D43>=8),"Pass","Fail")) -> Pass | G43: =(IF(E43="","",IF(F43="Fail","F",IF(E43>=80,"A+",IF(E43>=70,"A",IF(E43>=60,"A-",IF(E43>=50,"B",IF(E43>=40,"C",IF(E43>=33,"D","F"))))))))) -> C | H43: =(IF(E43="","",IF(G43="F",0,IF(E43>=80,5,IF(E43>=70,4,IF(E43>=60,3.5,IF(E43>=50,3,IF(E43>=40,2,IF(E43>=33,1,0))))))))) -> 2
A44: ='Student Basic Info'!A44 -> 143 | B44: 11 | C44: 1 | D44: 8 | E44: =IF(B44+C44+D44=0, "", B44+C44+D44) -> 20 | F44: =IF(E44="","", IF(AND(B44 >=8,C44>=17,D44>=8),"Pass","Fail")) -> Fail | G44: =(IF(E44="","",IF(F44="Fail","F",IF(E44>=80,"A+",IF(E44>=70,"A",IF(E44>=60,"A-",IF(E44>=50,"B",IF(E44>=40,"C",IF(E44>=33,"D","F"))))))))) -> F | H44: =(IF(E44="","",IF(G44="F",0,IF(E44>=80,5,IF(E44>=70,4,IF(E44>=60,3.5,IF(E44>=50,3,IF(E44>=40,2,IF(E44>=33,1,0))))))))) -> 0
A45: ='Student Basic Info'!A45 -> 144 | B45: 4 | C45: 8 | D45: 24 | E45: =IF(B45+C45+D45=0, "", B45+C45+D45) -> 36 | F45: =IF(E45="","", IF(AND(B45 >=8,C45>=17,D45>=8),"Pass","Fail")) -> Fail | G45: =(IF(E45="","",IF(F45="Fail","F",IF(E45>=80,"A+",IF(E45>=70,"A",IF(E45>=60,"A-",IF(E45>=50,"B",IF(E45>=40,"C",IF(E45>=33,"D","F"))))))))) -> F | H45: =(IF(E45="","",IF(G45="F",0,IF(E45>=80,5,IF(E45>=70,4,IF(E45>=60,3.5,IF(E45>=50,3,IF(E45>=40,2,IF(E45>=33,1,0))))))))) -> 0
A46: ='Student Basic Info'!A46 -> 145 | B46: 5 | C46: 2 | D46: 16 | E46: =IF(B46+C46+D46=0, "", B46+C46+D46) -> 23 | F46: =IF(E46="","", IF(AND(B46 >=8,C46>=17,D46>=8),"Pass","Fail")) -> Fail | G46: =(IF(E46="","",IF(F46="Fail","F",IF(E46>=80,"A+",IF(E46>=70,"A",IF(E46>=60,"A-",IF(E46>=50,"B",IF(E46>=40,"C",IF(E46>=33,"D","F"))))))))) -> F | H46: =(IF(E46="","",IF(G46="F",0,IF(E46>=80,5,IF(E46>=70,4,IF(E46>=60,3.5,IF(E46>=50,3,IF(E46>=40,2,IF(E46>=33,1,0))))))))) -> 0
A47: ='Student Basic Info'!A47 -> 146 | B47: 8 | C47: 2 | D47: 14 | E47: =IF(B47+C47+D47=0, "", B47+C47+D47) -> 24 | F47: =IF(E47="","", IF(AND(B47 >=8,C47>=17,D47>=8),"Pass","Fail")) -> Fail | G47: =(IF(E47="","",IF(F47="Fail","F",IF(E47>=80,"A+",IF(E47>=70,"A",IF(E47>=60,"A-",IF(E47>=50,"B",IF(E47>=40,"C",IF(E47>=33,"D","F"))))))))) -> F | H47: =(IF(E47="","",IF(G47="F",0,IF(E47>=80,5,IF(E47>=70,4,IF(E47>=60,3.5,IF(E47>=50,3,IF(E47>=40,2,IF(E47>=33,1,0))))))))) -> 0
A48: ='Student Basic Info'!A48 -> 147 | E48: =IF(B48+C48+D48=0, "", B48+C48+D48) | F48: =IF(E48="","", IF(AND(B48 >=8,C48>=17,D48>=8),"Pass","Fail")) | G48: =(IF(E48="","",IF(F48="Fail","F",IF(E48>=80,"A+",IF(E48>=70,"A",IF(E48>=60,"A-",IF(E48>=50,"B",IF(E48>=40,"C",IF(E48>=33,"D","F"))))))))) | H48: =(IF(E48="","",IF(G48="F",0,IF(E48>=80,5,IF(E48>=70,4,IF(E48>=60,3.5,IF(E48>=50,3,IF(E48>=40,2,IF(E48>=33,1,0)))))))))
A49: ='Student Basic Info'!A49 -> 148 | B49: 3 | C49: 3 | D49: 8 | E49: =IF(B49+C49+D49=0, "", B49+C49+D49) -> 14 | F49: =IF(E49="","", IF(AND(B49 >=8,C49>=17,D49>=8),"Pass","Fail")) -> Fail | G49: =(IF(E49="","",IF(F49="Fail","F",IF(E49>=80,"A+",IF(E49>=70,"A",IF(E49>=60,"A-",IF(E49>=50,"B",IF(E49>=40,"C",IF(E49>=33,"D","F"))))))))) -> F | H49: =(IF(E49="","",IF(G49="F",0,IF(E49>=80,5,IF(E49>=70,4,IF(E49>=60,3.5,IF(E49>=50,3,IF(E49>=40,2,IF(E49>=33,1,0))))))))) -> 0
A50: ='Student Basic Info'!A50 -> 149 | B50: 6 | C50: 2 | D50: 18 | E50: =IF(B50+C50+D50=0, "", B50+C50+D50) -> 26 | F50: =IF(E50="","", IF(AND(B50 >=8,C50>=17,D50>=8),"Pass","Fail")) -> Fail | G50: =(IF(E50="","",IF(F50="Fail","F",IF(E50>=80,"A+",IF(E50>=70,"A",IF(E50>=60,"A-",IF(E50>=50,"B",IF(E50>=40,"C",IF(E50>=33,"D","F"))))))))) -> F | H50: =(IF(E50="","",IF(G50="F",0,IF(E50>=80,5,IF(E50>=70,4,IF(E50>=60,3.5,IF(E50>=50,3,IF(E50>=40,2,IF(E50>=33,1,0))))))))) -> 0
A51: ='Student Basic Info'!A51 -> 150 | E51: =IF(B51+C51+D51=0, "", B51+C51+D51) | F51: =IF(E51="","", IF(AND(B51 >=8,C51>=17,D51>=8),"Pass","Fail")) | G51: =(IF(E51="","",IF(F51="Fail","F",IF(E51>=80,"A+",IF(E51>=70,"A",IF(E51>=60,"A-",IF(E51>=50,"B",IF(E51>=40,"C",IF(E51>=33,"D","F"))))))))) | H51: =(IF(E51="","",IF(G51="F",0,IF(E51>=80,5,IF(E51>=70,4,IF(E51>=60,3.5,IF(E51>=50,3,IF(E51>=40,2,IF(E51>=33,1,0)))))))))
A52: ='Student Basic Info'!A52 -> 151 | B52: 2 | C52: 2 | D52: 20 | E52: =IF(B52+C52+D52=0, "", B52+C52+D52) -> 24 | F52: =IF(E52="","", IF(AND(B52 >=8,C52>=17,D52>=8),"Pass","Fail")) -> Fail | G52: =(IF(E52="","",IF(F52="Fail","F",IF(E52>=80,"A+",IF(E52>=70,"A",IF(E52>=60,"A-",IF(E52>=50,"B",IF(E52>=40,"C",IF(E52>=33,"D","F"))))))))) -> F | H52: =(IF(E52="","",IF(G52="F",0,IF(E52>=80,5,IF(E52>=70,4,IF(E52>=60,3.5,IF(E52>=50,3,IF(E52>=40,2,IF(E52>=33,1,0))))))))) -> 0
A53: ='Student Basic Info'!A53 -> 152 | E53: =IF(B53+C53+D53=0, "", B53+C53+D53) | F53: =IF(E53="","", IF(AND(B53 >=8,C53>=17,D53>=8),"Pass","Fail")) | G53: =(IF(E53="","",IF(F53="Fail","F",IF(E53>=80,"A+",IF(E53>=70,"A",IF(E53>=60,"A-",IF(E53>=50,"B",IF(E53>=40,"C",IF(E53>=33,"D","F"))))))))) | H53: =(IF(E53="","",IF(G53="F",0,IF(E53>=80,5,IF(E53>=70,4,IF(E53>=60,3.5,IF(E53>=50,3,IF(E53>=40,2,IF(E53>=33,1,0)))))))))
A54: ='Student Basic Info'!A54 -> 153 | B54: 6 | C54: 1 | D54: 8 | E54: =IF(B54+C54+D54=0, "", B54+C54+D54) -> 15 | F54: =IF(E54="","", IF(AND(B54 >=8,C54>=17,D54>=8),"Pass","Fail")) -> Fail | G54: =(IF(E54="","",IF(F54="Fail","F",IF(E54>=80,"A+",IF(E54>=70,"A",IF(E54>=60,"A-",IF(E54>=50,"B",IF(E54>=40,"C",IF(E54>=33,"D","F"))))))))) -> F | H54: =(IF(E54="","",IF(G54="F",0,IF(E54>=80,5,IF(E54>=70,4,IF(E54>=60,3.5,IF(E54>=50,3,IF(E54>=40,2,IF(E54>=33,1,0))))))))) -> 0
A55: ='Student Basic Info'!A55 -> 154 | E55: =IF(B55+C55+D55=0, "", B55+C55+D55) | F55: =IF(E55="","", IF(AND(B55 >=8,C55>=17,D55>=8),"Pass","Fail")) | G55: =(IF(E55="","",IF(F55="Fail","F",IF(E55>=80,"A+",IF(E55>=70,"A",IF(E55>=60,"A-",IF(E55>=50,"B",IF(E55>=40,"C",IF(E55>=33,"D","F"))))))))) | H55: =(IF(E55="","",IF(G55="F",0,IF(E55>=80,5,IF(E55>=70,4,IF(E55>=60,3.5,IF(E55>=50,3,IF(E55>=40,2,IF(E55>=33,1,0)))))))))
A56: ='Student Basic Info'!A56 -> 155 | E56: =IF(B56+C56+D56=0, "", B56+C56+D56) | F56: =IF(E56="","", IF(AND(B56 >=8,C56>=17,D56>=8),"Pass","Fail")) | G56: =(IF(E56="","",IF(F56="Fail","F",IF(E56>=80,"A+",IF(E56>=70,"A",IF(E56>=60,"A-",IF(E56>=50,"B",IF(E56>=40,"C",IF(E56>=33,"D","F"))))))))) | H56: =(IF(E56="","",IF(G56="F",0,IF(E56>=80,5,IF(E56>=70,4,IF(E56>=60,3.5,IF(E56>=50,3,IF(E56>=40,2,IF(E56>=33,1,0)))))))))
A57: ='Student Basic Info'!A57 -> 156 | E57: =IF(B57+C57+D57=0, "", B57+C57+D57) | F57: =IF(E57="","", IF(AND(B57 >=8,C57>=17,D57>=8),"Pass","Fail")) | G57: =(IF(E57="","",IF(F57="Fail","F",IF(E57>=80,"A+",IF(E57>=70,"A",IF(E57>=60,"A-",IF(E57>=50,"B",IF(E57>=40,"C",IF(E57>=33,"D","F"))))))))) | H57: =(IF(E57="","",IF(G57="F",0,IF(E57>=80,5,IF(E57>=70,4,IF(E57>=60,3.5,IF(E57>=50,3,IF(E57>=40,2,IF(E57>=33,1,0)))))))))
A58: ='Student Basic Info'!A58 -> 157 | B58: 8 | C58: 1 | D58: 23 | E58: =IF(B58+C58+D58=0, "", B58+C58+D58) -> 32 | F58: =IF(E58="","", IF(AND(B58 >=8,C58>=17,D58>=8),"Pass","Fail")) -> Fail | G58: =(IF(E58="","",IF(F58="Fail","F",IF(E58>=80,"A+",IF(E58>=70,"A",IF(E58>=60,"A-",IF(E58>=50,"B",IF(E58>=40,"C",IF(E58>=33,"D","F"))))))))) -> F | H58: =(IF(E58="","",IF(G58="F",0,IF(E58>=80,5,IF(E58>=70,4,IF(E58>=60,3.5,IF(E58>=50,3,IF(E58>=40,2,IF(E58>=33,1,0))))))))) -> 0
A59: ='Student Basic Info'!A59 -> 158 | E59: =IF(B59+C59+D59=0, "", B59+C59+D59) | F59: =IF(E59="","", IF(AND(B59 >=8,C59>=17,D59>=8),"Pass","Fail")) | G59: =(IF(E59="","",IF(F59="Fail","F",IF(E59>=80,"A+",IF(E59>=70,"A",IF(E59>=60,"A-",IF(E59>=50,"B",IF(E59>=40,"C",IF(E59>=33,"D","F"))))))))) | H59: =(IF(E59="","",IF(G59="F",0,IF(E59>=80,5,IF(E59>=70,4,IF(E59>=60,3.5,IF(E59>=50,3,IF(E59>=40,2,IF(E59>=33,1,0)))))))))
A60: ='Student Basic Info'!A60 -> 159 | B60: 12 | C60: 8 | D60: 18 | E60: =IF(B60+C60+D60=0, "", B60+C60+D60) -> 38 | F60: =IF(E60="","", IF(AND(B60 >=8,C60>=17,D60>=8),"Pass","Fail")) -> Fail | G60: =(IF(E60="","",IF(F60="Fail","F",IF(E60>=80,"A+",IF(E60>=70,"A",IF(E60>=60,"A-",IF(E60>=50,"B",IF(E60>=40,"C",IF(E60>=33,"D","F"))))))))) -> F | H60: =(IF(E60="","",IF(G60="F",0,IF(E60>=80,5,IF(E60>=70,4,IF(E60>=60,3.5,IF(E60>=50,3,IF(E60>=40,2,IF(E60>=33,1,0))))))))) -> 0
A61: ='Student Basic Info'!A61 -> 160 | E61: =IF(B61+C61+D61=0, "", B61+C61+D61) | F61: =IF(E61="","", IF(AND(B61 >=8,C61>=17,D61>=8),"Pass","Fail")) | G61: =(IF(E61="","",IF(F61="Fail","F",IF(E61>=80,"A+",IF(E61>=70,"A",IF(E61>=60,"A-",IF(E61>=50,"B",IF(E61>=40,"C",IF(E61>=33,"D","F"))))))))) | H61: =(IF(E61="","",IF(G61="F",0,IF(E61>=80,5,IF(E61>=70,4,IF(E61>=60,3.5,IF(E61>=50,3,IF(E61>=40,2,IF(E61>=33,1,0)))))))))
A62: ='Student Basic Info'!A62 -> 161 | E62: =IF(B62+C62+D62=0, "", B62+C62+D62) | F62: =IF(E62="","", IF(AND(B62 >=8,C62>=17,D62>=8),"Pass","Fail")) | G62: =(IF(E62="","",IF(F62="Fail","F",IF(E62>=80,"A+",IF(E62>=70,"A",IF(E62>=60,"A-",IF(E62>=50,"B",IF(E62>=40,"C",IF(E62>=33,"D","F"))))))))) | H62: =(IF(E62="","",IF(G62="F",0,IF(E62>=80,5,IF(E62>=70,4,IF(E62>=60,3.5,IF(E62>=50,3,IF(E62>=40,2,IF(E62>=33,1,0)))))))))
A63: ='Student Basic Info'!A63 -> 162 | B63: 4 | C63: 1 | D63: 18 | E63: =IF(B63+C63+D63=0, "", B63+C63+D63) -> 23 | F63: =IF(E63="","", IF(AND(B63 >=8,C63>=17,D63>=8),"Pass","Fail")) -> Fail | G63: =(IF(E63="","",IF(F63="Fail","F",IF(E63>=80,"A+",IF(E63>=70,"A",IF(E63>=60,"A-",IF(E63>=50,"B",IF(E63>=40,"C",IF(E63>=33,"D","F"))))))))) -> F | H63: =(IF(E63="","",IF(G63="F",0,IF(E63>=80,5,IF(E63>=70,4,IF(E63>=60,3.5,IF(E63>=50,3,IF(E63>=40,2,IF(E63>=33,1,0))))))))) -> 0
A64: ='Student Basic Info'!A64 -> 163 | E64: =IF(B64+C64+D64=0, "", B64+C64+D64) | F64: =IF(E64="","", IF(AND(B64 >=8,C64>=17,D64>=8),"Pass","Fail")) | G64: =(IF(E64="","",IF(F64="Fail","F",IF(E64>=80,"A+",IF(E64>=70,"A",IF(E64>=60,"A-",IF(E64>=50,"B",IF(E64>=40,"C",IF(E64>=33,"D","F"))))))))) | H64: =(IF(E64="","",IF(G64="F",0,IF(E64>=80,5,IF(E64>=70,4,IF(E64>=60,3.5,IF(E64>=50,3,IF(E64>=40,2,IF(E64>=33,1,0)))))))))
A65: ='Student Basic Info'!A65 -> 164 | E65: =IF(B65+C65+D65=0, "", B65+C65+D65) | F65: =IF(E65="","", IF(AND(B65 >=8,C65>=17,D65>=8),"Pass","Fail")) | G65: =(IF(E65="","",IF(F65="Fail","F",IF(E65>=80,"A+",IF(E65>=70,"A",IF(E65>=60,"A-",IF(E65>=50,"B",IF(E65>=40,"C",IF(E65>=33,"D","F"))))))))) | H65: =(IF(E65="","",IF(G65="F",0,IF(E65>=80,5,IF(E65>=70,4,IF(E65>=60,3.5,IF(E65>=50,3,IF(E65>=40,2,IF(E65>=33,1,0)))))))))
A66: ='Student Basic Info'!A66 -> 165 | E66: =IF(B66+C66+D66=0, "", B66+C66+D66) | F66: =IF(E66="","", IF(AND(B66 >=8,C66>=17,D66>=8),"Pass","Fail")) | G66: =(IF(E66="","",IF(F66="Fail","F",IF(E66>=80,"A+",IF(E66>=70,"A",IF(E66>=60,"A-",IF(E66>=50,"B",IF(E66>=40,"C",IF(E66>=33,"D","F"))))))))) | H66: =(IF(E66="","",IF(G66="F",0,IF(E66>=80,5,IF(E66>=70,4,IF(E66>=60,3.5,IF(E66>=50,3,IF(E66>=40,2,IF(E66>=33,1,0)))))))))
A67: ='Student Basic Info'!A67 -> 166 | B67: 11 | C67: 1 | D67: 22 | E67: =IF(B67+C67+D67=0, "", B67+C67+D67) -> 34 | F67: =IF(E67="","", IF(AND(B67 >=8,C67>=17,D67>=8),"Pass","Fail")) -> Fail | G67: =(IF(E67="","",IF(F67="Fail","F",IF(E67>=80,"A+",IF(E67>=70,"A",IF(E67>=60,"A-",IF(E67>=50,"B",IF(E67>=40,"C",IF(E67>=33,"D","F"))))))))) -> F | H67: =(IF(E67="","",IF(G67="F",0,IF(E67>=80,5,IF(E67>=70,4,IF(E67>=60,3.5,IF(E67>=50,3,IF(E67>=40,2,IF(E67>=33,1,0))))))))) -> 0
A68: ='Student Basic Info'!A68 -> 167 | E68: =IF(B68+C68+D68=0, "", B68+C68+D68) | F68: =IF(E68="","", IF(AND(B68 >=8,C68>=17,D68>=8),"Pass","Fail")) | G68: =(IF(E68="","",IF(F68="Fail","F",IF(E68>=80,"A+",IF(E68>=70,"A",IF(E68>=60,"A-",IF(E68>=50,"B",IF(E68>=40,"C",IF(E68>=33,"D","F"))))))))) | H68: =(IF(E68="","",IF(G68="F",0,IF(E68>=80,5,IF(E68>=70,4,IF(E68>=60,3.5,IF(E68>=50,3,IF(E68>=40,2,IF(E68>=33,1,0)))))))))
A69: ='Student Basic Info'!A69 -> 168 | B69: 10 | C69: 4 | D69: 8 | E69: =IF(B69+C69+D69=0, "", B69+C69+D69) -> 22 | F69: =IF(E69="","", IF(AND(B69 >=8,C69>=17,D69>=8),"Pass","Fail")) -> Fail | G69: =(IF(E69="","",IF(F69="Fail","F",IF(E69>=80,"A+",IF(E69>=70,"A",IF(E69>=60,"A-",IF(E69>=50,"B",IF(E69>=40,"C",IF(E69>=33,"D","F"))))))))) -> F | H69: =(IF(E69="","",IF(G69="F",0,IF(E69>=80,5,IF(E69>=70,4,IF(E69>=60,3.5,IF(E69>=50,3,IF(E69>=40,2,IF(E69>=33,1,0))))))))) -> 0
A70: ='Student Basic Info'!A70 -> 169 | B70: 15 | C70: 24 | D70: 22 | E70: =IF(B70+C70+D70=0, "", B70+C70+D70) -> 61 | F70: =IF(E70="","", IF(AND(B70 >=8,C70>=17,D70>=8),"Pass","Fail")) -> Pass | G70: =(IF(E70="","",IF(F70="Fail","F",IF(E70>=80,"A+",IF(E70>=70,"A",IF(E70>=60,"A-",IF(E70>=50,"B",IF(E70>=40,"C",IF(E70>=33,"D","F"))))))))) -> A- | H70: =(IF(E70="","",IF(G70="F",0,IF(E70>=80,5,IF(E70>=70,4,IF(E70>=60,3.5,IF(E70>=50,3,IF(E70>=40,2,IF(E70>=33,1,0))))))))) -> 3.5
A71: ='Student Basic Info'!A71 -> 170 | E71: =IF(B71+C71+D71=0, "", B71+C71+D71) | F71: =IF(E71="","", IF(AND(B71 >=8,C71>=17,D71>=8),"Pass","Fail")) | G71: =(IF(E71="","",IF(F71="Fail","F",IF(E71>=80,"A+",IF(E71>=70,"A",IF(E71>=60,"A-",IF(E71>=50,"B",IF(E71>=40,"C",IF(E71>=33,"D","F"))))))))) | H71: =(IF(E71="","",IF(G71="F",0,IF(E71>=80,5,IF(E71>=70,4,IF(E71>=60,3.5,IF(E71>=50,3,IF(E71>=40,2,IF(E71>=33,1,0)))))))))
A72: ='Student Basic Info'!A72 -> 171 | E72: =IF(B72+C72+D72=0, "", B72+C72+D72) | F72: =IF(E72="","", IF(AND(B72 >=8,C72>=17,D72>=8),"Pass","Fail")) | G72: =(IF(E72="","",IF(F72="Fail","F",IF(E72>=80,"A+",IF(E72>=70,"A",IF(E72>=60,"A-",IF(E72>=50,"B",IF(E72>=40,"C",IF(E72>=33,"D","F"))))))))) | H72: =(IF(E72="","",IF(G72="F",0,IF(E72>=80,5,IF(E72>=70,4,IF(E72>=60,3.5,IF(E72>=50,3,IF(E72>=40,2,IF(E72>=33,1,0)))))))))
A73: ='Student Basic Info'!A73 -> 172 | B73: 7 | C73: 1 | D73: 24 | E73: =IF(B73+C73+D73=0, "", B73+C73+D73) -> 32 | F73: =IF(E73="","", IF(AND(B73 >=8,C73>=17,D73>=8),"Pass","Fail")) -> Fail | G73: =(IF(E73="","",IF(F73="Fail","F",IF(E73>=80,"A+",IF(E73>=70,"A",IF(E73>=60,"A-",IF(E73>=50,"B",IF(E73>=40,"C",IF(E73>=33,"D","F"))))))))) -> F | H73: =(IF(E73="","",IF(G73="F",0,IF(E73>=80,5,IF(E73>=70,4,IF(E73>=60,3.5,IF(E73>=50,3,IF(E73>=40,2,IF(E73>=33,1,0))))))))) -> 0
A74: ='Student Basic Info'!A74 -> 173 | B74: 9 | C74: 2 | D74: 24 | E74: =IF(B74+C74+D74=0, "", B74+C74+D74) -> 35 | F74: =IF(E74="","", IF(AND(B74 >=8,C74>=17,D74>=8),"Pass","Fail")) -> Fail | G74: =(IF(E74="","",IF(F74="Fail","F",IF(E74>=80,"A+",IF(E74>=70,"A",IF(E74>=60,"A-",IF(E74>=50,"B",IF(E74>=40,"C",IF(E74>=33,"D","F"))))))))) -> F | H74: =(IF(E74="","",IF(G74="F",0,IF(E74>=80,5,IF(E74>=70,4,IF(E74>=60,3.5,IF(E74>=50,3,IF(E74>=40,2,IF(E74>=33,1,0))))))))) -> 0
A75: ='Student Basic Info'!A75 -> 174 | B75: 10 | C75: 1 | D75: 18 | E75: =IF(B75+C75+D75=0, "", B75+C75+D75) -> 29 | F75: =IF(E75="","", IF(AND(B75 >=8,C75>=17,D75>=8),"Pass","Fail")) -> Fail | G75: =(IF(E75="","",IF(F75="Fail","F",IF(E75>=80,"A+",IF(E75>=70,"A",IF(E75>=60,"A-",IF(E75>=50,"B",IF(E75>=40,"C",IF(E75>=33,"D","F"))))))))) -> F | H75: =(IF(E75="","",IF(G75="F",0,IF(E75>=80,5,IF(E75>=70,4,IF(E75>=60,3.5,IF(E75>=50,3,IF(E75>=40,2,IF(E75>=33,1,0))))))))) -> 0
A76: ='Student Basic Info'!A76 -> 175 | E76: =IF(B76+C76+D76=0, "", B76+C76+D76) | F76: =IF(E76="","", IF(AND(B76 >=8,C76>=17,D76>=8),"Pass","Fail")) | G76: =(IF(E76="","",IF(F76="Fail","F",IF(E76>=80,"A+",IF(E76>=70,"A",IF(E76>=60,"A-",IF(E76>=50,"B",IF(E76>=40,"C",IF(E76>=33,"D","F"))))))))) | H76: =(IF(E76="","",IF(G76="F",0,IF(E76>=80,5,IF(E76>=70,4,IF(E76>=60,3.5,IF(E76>=50,3,IF(E76>=40,2,IF(E76>=33,1,0)))))))))
A77: ='Student Basic Info'!A77 -> 176 | E77: =IF(B77+C77+D77=0, "", B77+C77+D77) | F77: =IF(E77="","", IF(AND(B77 >=8,C77>=17,D77>=8),"Pass","Fail")) | G77: =(IF(E77="","",IF(F77="Fail","F",IF(E77>=80,"A+",IF(E77>=70,"A",IF(E77>=60,"A-",IF(E77>=50,"B",IF(E77>=40,"C",IF(E77>=33,"D","F"))))))))) | H77: =(IF(E77="","",IF(G77="F",0,IF(E77>=80,5,IF(E77>=70,4,IF(E77>=60,3.5,IF(E77>=50,3,IF(E77>=40,2,IF(E77>=33,1,0)))))))))
A78: ='Student Basic Info'!A78 -> 177 | B78: 9 | C78: 3 | D78: 23 | E78: =IF(B78+C78+D78=0, "", B78+C78+D78) -> 35 | F78: =IF(E78="","", IF(AND(B78 >=8,C78>=17,D78>=8),"Pass","Fail")) -> Fail | G78: =(IF(E78="","",IF(F78="Fail","F",IF(E78>=80,"A+",IF(E78>=70,"A",IF(E78>=60,"A-",IF(E78>=50,"B",IF(E78>=40,"C",IF(E78>=33,"D","F"))))))))) -> F | H78: =(IF(E78="","",IF(G78="F",0,IF(E78>=80,5,IF(E78>=70,4,IF(E78>=60,3.5,IF(E78>=50,3,IF(E78>=40,2,IF(E78>=33,1,0))))))))) -> 0
A79: ='Student Basic Info'!A79 -> 178 | B79: 9 | C79: 6 | D79: 25 | E79: =IF(B79+C79+D79=0, "", B79+C79+D79) -> 40 | F79: =IF(E79="","", IF(AND(B79 >=8,C79>=17,D79>=8),"Pass","Fail")) -> Fail | G79: =(IF(E79="","",IF(F79="Fail","F",IF(E79>=80,"A+",IF(E79>=70,"A",IF(E79>=60,"A-",IF(E79>=50,"B",IF(E79>=40,"C",IF(E79>=33,"D","F"))))))))) -> F | H79: =(IF(E79="","",IF(G79="F",0,IF(E79>=80,5,IF(E79>=70,4,IF(E79>=60,3.5,IF(E79>=50,3,IF(E79>=40,2,IF(E79>=33,1,0))))))))) -> 0
A80: ='Student Basic Info'!A80 -> 179 | B80: 12 | C80: 2 | D80: 20 | E80: =IF(B80+C80+D80=0, "", B80+C80+D80) -> 34 | F80: =IF(E80="","", IF(AND(B80 >=8,C80>=17,D80>=8),"Pass","Fail")) -> Fail | G80: =(IF(E80="","",IF(F80="Fail","F",IF(E80>=80,"A+",IF(E80>=70,"A",IF(E80>=60,"A-",IF(E80>=50,"B",IF(E80>=40,"C",IF(E80>=33,"D","F"))))))))) -> F | H80: =(IF(E80="","",IF(G80="F",0,IF(E80>=80,5,IF(E80>=70,4,IF(E80>=60,3.5,IF(E80>=50,3,IF(E80>=40,2,IF(E80>=33,1,0))))))))) -> 0
A81: ='Student Basic Info'!A81 -> 180 | B81: 8 | C81: 3 | D81: 18 | E81: =IF(B81+C81+D81=0, "", B81+C81+D81) -> 29 | F81: =IF(E81="","", IF(AND(B81 >=8,C81>=17,D81>=8),"Pass","Fail")) -> Fail | G81: =(IF(E81="","",IF(F81="Fail","F",IF(E81>=80,"A+",IF(E81>=70,"A",IF(E81>=60,"A-",IF(E81>=50,"B",IF(E81>=40,"C",IF(E81>=33,"D","F"))))))))) -> F | H81: =(IF(E81="","",IF(G81="F",0,IF(E81>=80,5,IF(E81>=70,4,IF(E81>=60,3.5,IF(E81>=50,3,IF(E81>=40,2,IF(E81>=33,1,0))))))))) -> 0
A82: ='Student Basic Info'!A82 -> 181 | B82: 15 | C82: 6 | D82: 24 | E82: =IF(B82+C82+D82=0, "", B82+C82+D82) -> 45 | F82: =IF(E82="","", IF(AND(B82 >=8,C82>=17,D82>=8),"Pass","Fail")) -> Fail | G82: =(IF(E82="","",IF(F82="Fail","F",IF(E82>=80,"A+",IF(E82>=70,"A",IF(E82>=60,"A-",IF(E82>=50,"B",IF(E82>=40,"C",IF(E82>=33,"D","F"))))))))) -> F | H82: =(IF(E82="","",IF(G82="F",0,IF(E82>=80,5,IF(E82>=70,4,IF(E82>=60,3.5,IF(E82>=50,3,IF(E82>=40,2,IF(E82>=33,1,0))))))))) -> 0
A83: ='Student Basic Info'!A83 -> 182 | B83: 11 | C83: 1 | D83: 18 | E83: =IF(B83+C83+D83=0, "", B83+C83+D83) -> 30 | F83: =IF(E83="","", IF(AND(B83 >=8,C83>=17,D83>=8),"Pass","Fail")) -> Fail | G83: =(IF(E83="","",IF(F83="Fail","F",IF(E83>=80,"A+",IF(E83>=70,"A",IF(E83>=60,"A-",IF(E83>=50,"B",IF(E83>=40,"C",IF(E83>=33,"D","F"))))))))) -> F | H83: =(IF(E83="","",IF(G83="F",0,IF(E83>=80,5,IF(E83>=70,4,IF(E83>=60,3.5,IF(E83>=50,3,IF(E83>=40,2,IF(E83>=33,1,0))))))))) -> 0
A84: ='Student Basic Info'!A84 -> 183 | B84: 8 | C84: 1 | D84: 20 | E84: =IF(B84+C84+D84=0, "", B84+C84+D84) -> 29 | F84: =IF(E84="","", IF(AND(B84 >=8,C84>=17,D84>=8),"Pass","Fail")) -> Fail | G84: =(IF(E84="","",IF(F84="Fail","F",IF(E84>=80,"A+",IF(E84>=70,"A",IF(E84>=60,"A-",IF(E84>=50,"B",IF(E84>=40,"C",IF(E84>=33,"D","F"))))))))) -> F | H84: =(IF(E84="","",IF(G84="F",0,IF(E84>=80,5,IF(E84>=70,4,IF(E84>=60,3.5,IF(E84>=50,3,IF(E84>=40,2,IF(E84>=33,1,0))))))))) -> 0
A85: ='Student Basic Info'!A85 -> 184 | E85: =IF(B85+C85+D85=0, "", B85+C85+D85) | F85: =IF(E85="","", IF(AND(B85 >=8,C85>=17,D85>=8),"Pass","Fail")) | G85: =(IF(E85="","",IF(F85="Fail","F",IF(E85>=80,"A+",IF(E85>=70,"A",IF(E85>=60,"A-",IF(E85>=50,"B",IF(E85>=40,"C",IF(E85>=33,"D","F"))))))))) | H85: =(IF(E85="","",IF(G85="F",0,IF(E85>=80,5,IF(E85>=70,4,IF(E85>=60,3.5,IF(E85>=50,3,IF(E85>=40,2,IF(E85>=33,1,0)))))))))
A86: ='Student Basic Info'!A86 -> 185 | B86: 4 | C86: 1 | D86: 24 | E86: =IF(B86+C86+D86=0, "", B86+C86+D86) -> 29 | F86: =IF(E86="","", IF(AND(B86 >=8,C86>=17,D86>=8),"Pass","Fail")) -> Fail | G86: =(IF(E86="","",IF(F86="Fail","F",IF(E86>=80,"A+",IF(E86>=70,"A",IF(E86>=60,"A-",IF(E86>=50,"B",IF(E86>=40,"C",IF(E86>=33,"D","F"))))))))) -> F | H86: =(IF(E86="","",IF(G86="F",0,IF(E86>=80,5,IF(E86>=70,4,IF(E86>=60,3.5,IF(E86>=50,3,IF(E86>=40,2,IF(E86>=33,1,0))))))))) -> 0
A87: ='Student Basic Info'!A87 -> 186 | B87: 10 | C87: 1 | D87: 25 | E87: =IF(B87+C87+D87=0, "", B87+C87+D87) -> 36 | F87: =IF(E87="","", IF(AND(B87 >=8,C87>=17,D87>=8),"Pass","Fail")) -> Fail | G87: =(IF(E87="","",IF(F87="Fail","F",IF(E87>=80,"A+",IF(E87>=70,"A",IF(E87>=60,"A-",IF(E87>=50,"B",IF(E87>=40,"C",IF(E87>=33,"D","F"))))))))) -> F | H87: =(IF(E87="","",IF(G87="F",0,IF(E87>=80,5,IF(E87>=70,4,IF(E87>=60,3.5,IF(E87>=50,3,IF(E87>=40,2,IF(E87>=33,1,0))))))))) -> 0
A88: ='Student Basic Info'!A88 -> 187 | B88: 6 | C88: 9 | D88: 16 | E88: =IF(B88+C88+D88=0, "", B88+C88+D88) -> 31 | F88: =IF(E88="","", IF(AND(B88 >=8,C88>=17,D88>=8),"Pass","Fail")) -> Fail | G88: =(IF(E88="","",IF(F88="Fail","F",IF(E88>=80,"A+",IF(E88>=70,"A",IF(E88>=60,"A-",IF(E88>=50,"B",IF(E88>=40,"C",IF(E88>=33,"D","F"))))))))) -> F | H88: =(IF(E88="","",IF(G88="F",0,IF(E88>=80,5,IF(E88>=70,4,IF(E88>=60,3.5,IF(E88>=50,3,IF(E88>=40,2,IF(E88>=33,1,0))))))))) -> 0
A89: ='Student Basic Info'!A89 -> 188 | E89: =IF(B89+C89+D89=0, "", B89+C89+D89) | F89: =IF(E89="","", IF(AND(B89 >=8,C89>=17,D89>=8),"Pass","Fail")) | G89: =(IF(E89="","",IF(F89="Fail","F",IF(E89>=80,"A+",IF(E89>=70,"A",IF(E89>=60,"A-",IF(E89>=50,"B",IF(E89>=40,"C",IF(E89>=33,"D","F"))))))))) | H89: =(IF(E89="","",IF(G89="F",0,IF(E89>=80,5,IF(E89>=70,4,IF(E89>=60,3.5,IF(E89>=50,3,IF(E89>=40,2,IF(E89>=33,1,0)))))))))
A90: ='Student Basic Info'!A90 -> 189 | B90: 9 | C90: 12 | D90: 24 | E90: =IF(B90+C90+D90=0, "", B90+C90+D90) -> 45 | F90: =IF(E90="","", IF(AND(B90 >=8,C90>=17,D90>=8),"Pass","Fail")) -> Fail | G90: =(IF(E90="","",IF(F90="Fail","F",IF(E90>=80,"A+",IF(E90>=70,"A",IF(E90>=60,"A-",IF(E90>=50,"B",IF(E90>=40,"C",IF(E90>=33,"D","F"))))))))) -> F | H90: =(IF(E90="","",IF(G90="F",0,IF(E90>=80,5,IF(E90>=70,4,IF(E90>=60,3.5,IF(E90>=50,3,IF(E90>=40,2,IF(E90>=33,1,0))))))))) -> 0
A91: ='Student Basic Info'!A91 -> 190 | E91: =IF(B91+C91+D91=0, "", B91+C91+D91) | F91: =IF(E91="","", IF(AND(B91 >=8,C91>=17,D91>=8),"Pass","Fail")) | G91: =(IF(E91="","",IF(F91="Fail","F",IF(E91>=80,"A+",IF(E91>=70,"A",IF(E91>=60,"A-",IF(E91>=50,"B",IF(E91>=40,"C",IF(E91>=33,"D","F"))))))))) | H91: =(IF(E91="","",IF(G91="F",0,IF(E91>=80,5,IF(E91>=70,4,IF(E91>=60,3.5,IF(E91>=50,3,IF(E91>=40,2,IF(E91>=33,1,0)))))))))
A92: ='Student Basic Info'!A92 -> 191 | E92: =IF(B92+C92+D92=0, "", B92+C92+D92) | F92: =IF(E92="","", IF(AND(B92 >=8,C92>=17,D92>=8),"Pass","Fail")) | G92: =(IF(E92="","",IF(F92="Fail","F",IF(E92>=80,"A+",IF(E92>=70,"A",IF(E92>=60,"A-",IF(E92>=50,"B",IF(E92>=40,"C",IF(E92>=33,"D","F"))))))))) | H92: =(IF(E92="","",IF(G92="F",0,IF(E92>=80,5,IF(E92>=70,4,IF(E92>=60,3.5,IF(E92>=50,3,IF(E92>=40,2,IF(E92>=33,1,0)))))))))
A93: ='Student Basic Info'!A93 -> 192 | E93: =IF(B93+C93+D93=0, "", B93+C93+D93) | F93: =IF(E93="","", IF(AND(B93 >=8,C93>=17,D93>=8),"Pass","Fail")) | G93: =(IF(E93="","",IF(F93="Fail","F",IF(E93>=80,"A+",IF(E93>=70,"A",IF(E93>=60,"A-",IF(E93>=50,"B",IF(E93>=40,"C",IF(E93>=33,"D","F"))))))))) | H93: =(IF(E93="","",IF(G93="F",0,IF(E93>=80,5,IF(E93>=70,4,IF(E93>=60,3.5,IF(E93>=50,3,IF(E93>=40,2,IF(E93>=33,1,0)))))))))
A94: ='Student Basic Info'!A94 -> 193 | B94: 8 | C94: 1 | D94: 24 | E94: =IF(B94+C94+D94=0, "", B94+C94+D94) -> 33 | F94: =IF(E94="","", IF(AND(B94 >=8,C94>=17,D94>=8),"Pass","Fail")) -> Fail | G94: =(IF(E94="","",IF(F94="Fail","F",IF(E94>=80,"A+",IF(E94>=70,"A",IF(E94>=60,"A-",IF(E94>=50,"B",IF(E94>=40,"C",IF(E94>=33,"D","F"))))))))) -> F | H94: =(IF(E94="","",IF(G94="F",0,IF(E94>=80,5,IF(E94>=70,4,IF(E94>=60,3.5,IF(E94>=50,3,IF(E94>=40,2,IF(E94>=33,1,0))))))))) -> 0
A95: ='Student Basic Info'!A95 -> 194 | E95: =IF(B95+C95+D95=0, "", B95+C95+D95) | F95: =IF(E95="","", IF(AND(B95 >=8,C95>=17,D95>=8),"Pass","Fail")) | G95: =(IF(E95="","",IF(F95="Fail","F",IF(E95>=80,"A+",IF(E95>=70,"A",IF(E95>=60,"A-",IF(E95>=50,"B",IF(E95>=40,"C",IF(E95>=33,"D","F"))))))))) | H95: =(IF(E95="","",IF(G95="F",0,IF(E95>=80,5,IF(E95>=70,4,IF(E95>=60,3.5,IF(E95>=50,3,IF(E95>=40,2,IF(E95>=33,1,0)))))))))
A96: ='Student Basic Info'!A96 -> 195 | B96: 10 | C96: 7 | D96: 23 | E96: =IF(B96+C96+D96=0, "", B96+C96+D96) -> 40 | F96: =IF(E96="","", IF(AND(B96 >=8,C96>=17,D96>=8),"Pass","Fail")) -> Fail | G96: =(IF(E96="","",IF(F96="Fail","F",IF(E96>=80,"A+",IF(E96>=70,"A",IF(E96>=60,"A-",IF(E96>=50,"B",IF(E96>=40,"C",IF(E96>=33,"D","F"))))))))) -> F | H96: =(IF(E96="","",IF(G96="F",0,IF(E96>=80,5,IF(E96>=70,4,IF(E96>=60,3.5,IF(E96>=50,3,IF(E96>=40,2,IF(E96>=33,1,0))))))))) -> 0
A97: ='Student Basic Info'!A97 -> 196 | E97: =IF(B97+C97+D97=0, "", B97+C97+D97) | F97: =IF(E97="","", IF(AND(B97 >=8,C97>=17,D97>=8),"Pass","Fail")) | G97: =(IF(E97="","",IF(F97="Fail","F",IF(E97>=80,"A+",IF(E97>=70,"A",IF(E97>=60,"A-",IF(E97>=50,"B",IF(E97>=40,"C",IF(E97>=33,"D","F"))))))))) | H97: =(IF(E97="","",IF(G97="F",0,IF(E97>=80,5,IF(E97>=70,4,IF(E97>=60,3.5,IF(E97>=50,3,IF(E97>=40,2,IF(E97>=33,1,0)))))))))
A98: ='Student Basic Info'!A98 -> 197 | B98: 6 | C98: 1 | D98: 8 | E98: =IF(B98+C98+D98=0, "", B98+C98+D98) -> 15 | F98: =IF(E98="","", IF(AND(B98 >=8,C98>=17,D98>=8),"Pass","Fail")) -> Fail | G98: =(IF(E98="","",IF(F98="Fail","F",IF(E98>=80,"A+",IF(E98>=70,"A",IF(E98>=60,"A-",IF(E98>=50,"B",IF(E98>=40,"C",IF(E98>=33,"D","F"))))))))) -> F | H98: =(IF(E98="","",IF(G98="F",0,IF(E98>=80,5,IF(E98>=70,4,IF(E98>=60,3.5,IF(E98>=50,3,IF(E98>=40,2,IF(E98>=33,1,0))))))))) -> 0
A99: ='Student Basic Info'!A99 -> 198 | E99: =IF(B99+C99+D99=0, "", B99+C99+D99) | F99: =IF(E99="","", IF(AND(B99 >=8,C99>=17,D99>=8),"Pass","Fail")) | G99: =(IF(E99="","",IF(F99="Fail","F",IF(E99>=80,"A+",IF(E99>=70,"A",IF(E99>=60,"A-",IF(E99>=50,"B",IF(E99>=40,"C",IF(E99>=33,"D","F"))))))))) | H99: =(IF(E99="","",IF(G99="F",0,IF(E99>=80,5,IF(E99>=70,4,IF(E99>=60,3.5,IF(E99>=50,3,IF(E99>=40,2,IF(E99>=33,1,0)))))))))
A100: ='Student Basic Info'!A100 -> 199 | E100: =IF(B100+C100+D100=0, "", B100+C100+D100) | F100: =IF(E100="","", IF(AND(B100 >=8,C100>=17,D100>=8),"Pass","Fail")) | G100: =(IF(E100="","",IF(F100="Fail","F",IF(E100>=80,"A+",IF(E100>=70,"A",IF(E100>=60,"A-",IF(E100>=50,"B",IF(E100>=40,"C",IF(E100>=33,"D","F"))))))))) | H100: =(IF(E100="","",IF(G100="F",0,IF(E100>=80,5,IF(E100>=70,4,IF(E100>=60,3.5,IF(E100>=50,3,IF(E100>=40,2,IF(E100>=33,1,0)))))))))
...

Sheet Civics
A1: Roll | B1: Marks MCQ | C1: Marks CQ | D1: Total Marks | E1: Result | F1: Grade | G1: GPA
A2: ='Student Basic Info'!A2 -> 101 | B2: 10 | C2: 14 | D2: =IF(B2+C2=0, "", B2+C2) -> 24 | E2: =IF(D2="","", IF(AND(B2 >=10,C2>=23),"Pass","Fail")) -> Fail | F2: =(IF(D2="","",IF(E2="Fail","F",IF(D2>=80,"A+",IF(D2>=70,"A",IF(D2>=60,"A-",IF(D2>=50,"B",IF(D2>=40,"C",IF(D2>=33,"D","F"))))))))) -> F | G2: =(IF(D2="","",IF(F2="F",0,IF(D2>=80,5,IF(D2>=70,4,IF(D2>=60,3.5,IF(D2>=50,3,IF(D2>=40,2,IF(D2>=33,1,0))))))))) -> 0
A3: ='Student Basic Info'!A3 -> 102 | B3: 15 | C3: 28 | D3: =IF(B3+C3=0, "", B3+C3) -> 43 | E3: =IF(D3="","", IF(AND(B3 >=10,C3>=23),"Pass","Fail")) -> Pass | F3: =(IF(D3="","",IF(E3="Fail","F",IF(D3>=80,"A+",IF(D3>=70,"A",IF(D3>=60,"A-",IF(D3>=50,"B",IF(D3>=40,"C",IF(D3>=33,"D","F"))))))))) -> C | G3: =(IF(D3="","",IF(F3="F",0,IF(D3>=80,5,IF(D3>=70,4,IF(D3>=60,3.5,IF(D3>=50,3,IF(D3>=40,2,IF(D3>=33,1,0))))))))) -> 2
A4: ='Student Basic Info'!A4 -> 103 | B4: 14 | C4: 17 | D4: =IF(B4+C4=0, "", B4+C4) -> 31 | E4: =IF(D4="","", IF(AND(B4 >=10,C4>=23),"Pass","Fail")) -> Fail | F4: =(IF(D4="","",IF(E4="Fail","F",IF(D4>=80,"A+",IF(D4>=70,"A",IF(D4>=60,"A-",IF(D4>=50,"B",IF(D4>=40,"C",IF(D4>=33,"D","F"))))))))) -> F | G4: =(IF(D4="","",IF(F4="F",0,IF(D4>=80,5,IF(D4>=70,4,IF(D4>=60,3.5,IF(D4>=50,3,IF(D4>=40,2,IF(D4>=33,1,0))))))))) -> 0
A5: ='Student Basic Info'!A5 -> 104 | B5: 11 | C5: 18 | D5: =IF(B5+C5=0, "", B5+C5) -> 29 | E5: =IF(D5="","", IF(AND(B5 >=10,C5>=23),"Pass","Fail")) -> Fail | F5: =(IF(D5="","",IF(E5="Fail","F",IF(D5>=80,"A+",IF(D5>=70,"A",IF(D5>=60,"A-",IF(D5>=50,"B",IF(D5>=40,"C",IF(D5>=33,"D","F"))))))))) -> F | G5: =(IF(D5="","",IF(F5="F",0,IF(D5>=80,5,IF(D5>=70,4,IF(D5>=60,3.5,IF(D5>=50,3,IF(D5>=40,2,IF(D5>=33,1,0))))))))) -> 0
A6: ='Student Basic Info'!A6 -> 105 | B6: 10 | C6: 20 | D6: =IF(B6+C6=0, "", B6+C6) -> 30 | E6: =IF(D6="","", IF(AND(B6 >=10,C6>=23),"Pass","Fail")) -> Fail | F6: =(IF(D6="","",IF(E6="Fail","F",IF(D6>=80,"A+",IF(D6>=70,"A",IF(D6>=60,"A-",IF(D6>=50,"B",IF(D6>=40,"C",IF(D6>=33,"D","F"))))))))) -> F | G6: =(IF(D6="","",IF(F6="F",0,IF(D6>=80,5,IF(D6>=70,4,IF(D6>=60,3.5,IF(D6>=50,3,IF(D6>=40,2,IF(D6>=33,1,0))))))))) -> 0
A7: ='Student Basic Info'!A7 -> 106 | B7: 14 | C7: 20 | D7: =IF(B7+C7=0, "", B7+C7) -> 34 | E7: =IF(D7="","", IF(AND(B7 >=10,C7>=23),"Pass","Fail")) -> Fail | F7: =(IF(D7="","",IF(E7="Fail","F",IF(D7>=80,"A+",IF(D7>=70,"A",IF(D7>=60,"A-",IF(D7>=50,"B",IF(D7>=40,"C",IF(D7>=33,"D","F"))))))))) -> F | G7: =(IF(D7="","",IF(F7="F",0,IF(D7>=80,5,IF(D7>=70,4,IF(D7>=60,3.5,IF(D7>=50,3,IF(D7>=40,2,IF(D7>=33,1,0))))))))) -> 0
A8: ='Student Basic Info'!A8 -> 107 | B8: 18 | C8: 25 | D8: =IF(B8+C8=0, "", B8+C8) -> 43 | E8: =IF(D8="","", IF(AND(B8 >=10,C8>=23),"Pass","Fail")) -> Pass | F8: =(IF(D8="","",IF(E8="Fail","F",IF(D8>=80,"A+",IF(D8>=70,"A",IF(D8>=60,"A-",IF(D8>=50,"B",IF(D8>=40,"C",IF(D8>=33,"D","F"))))))))) -> C | G8: =(IF(D8="","",IF(F8="F",0,IF(D8>=80,5,IF(D8>=70,4,IF(D8>=60,3.5,IF(D8>=50,3,IF(D8>=40,2,IF(D8>=33,1,0))))))))) -> 2
A9: ='Student Basic Info'!A9 -> 108 | B9: 12 | C9: 28 | D9: =IF(B9+C9=0, "", B9+C9) -> 40 | E9: =IF(D9="","", IF(AND(B9 >=10,C9>=23),"Pass","Fail")) -> Pass | F9: =(IF(D9="","",IF(E9="Fail","F",IF(D9>=80,"A+",IF(D9>=70,"A",IF(D9>=60,"A-",IF(D9>=50,"B",IF(D9>=40,"C",IF(D9>=33,"D","F"))))))))) -> C | G9: =(IF(D9="","",IF(F9="F",0,IF(D9>=80,5,IF(D9>=70,4,IF(D9>=60,3.5,IF(D9>=50,3,IF(D9>=40,2,IF(D9>=33,1,0))))))))) -> 2
A10: ='Student Basic Info'!A10 -> 109 | D10: =IF(B10+C10=0, "", B10+C10) | E10: =IF(D10="","", IF(AND(B10 >=10,C10>=23),"Pass","Fail")) | F10: =(IF(D10="","",IF(E10="Fail","F",IF(D10>=80,"A+",IF(D10>=70,"A",IF(D10>=60,"A-",IF(D10>=50,"B",IF(D10>=40,"C",IF(D10>=33,"D","F"))))))))) | G10: =(IF(D10="","",IF(F10="F",0,IF(D10>=80,5,IF(D10>=70,4,IF(D10>=60,3.5,IF(D10>=50,3,IF(D10>=40,2,IF(D10>=33,1,0)))))))))
A11: ='Student Basic Info'!A11 -> 110 | B11: 18 | C11: 16 | D11: =IF(B11+C11=0, "", B11+C11) -> 34 | E11: =IF(D11="","", IF(AND(B11 >=10,C11>=23),"Pass","Fail")) -> Fail | F11: =(IF(D11="","",IF(E11="Fail","F",IF(D11>=80,"A+",IF(D11>=70,"A",IF(D11>=60,"A-",IF(D11>=50,"B",IF(D11>=40,"C",IF(D11>=33,"D","F"))))))))) -> F | G11: =(IF(D11="","",IF(F11="F",0,IF(D11>=80,5,IF(D11>=70,4,IF(D11>=60,3.5,IF(D11>=50,3,IF(D11>=40,2,IF(D11>=33,1,0))))))))) -> 0
A12: ='Student Basic Info'!A12 -> 111 | D12: =IF(B12+C12=0, "", B12+C12) | E12: =IF(D12="","", IF(AND(B12 >=10,C12>=23),"Pass","Fail")) | F12: =(IF(D12="","",IF(E12="Fail","F",IF(D12>=80,"A+",IF(D12>=70,"A",IF(D12>=60,"A-",IF(D12>=50,"B",IF(D12>=40,"C",IF(D12>=33,"D","F"))))))))) | G12: =(IF(D12="","",IF(F12="F",0,IF(D12>=80,5,IF(D12>=70,4,IF(D12>=60,3.5,IF(D12>=50,3,IF(D12>=40,2,IF(D12>=33,1,0)))))))))
A13: ='Student Basic Info'!A13 -> 112 | D13: =IF(B13+C13=0, "", B13+C13) | E13: =IF(D13="","", IF(AND(B13 >=10,C13>=23),"Pass","Fail")) | F13: =(IF(D13="","",IF(E13="Fail","F",IF(D13>=80,"A+",IF(D13>=70,"A",IF(D13>=60,"A-",IF(D13>=50,"B",IF(D13>=40,"C",IF(D13>=33,"D","F"))))))))) | G13: =(IF(D13="","",IF(F13="F",0,IF(D13>=80,5,IF(D13>=70,4,IF(D13>=60,3.5,IF(D13>=50,3,IF(D13>=40,2,IF(D13>=33,1,0)))))))))
A14: ='Student Basic Info'!A14 -> 113 | B14: 21 | C14: 30 | D14: =IF(B14+C14=0, "", B14+C14) -> 51 | E14: =IF(D14="","", IF(AND(B14 >=10,C14>=23),"Pass","Fail")) -> Pass | F14: =(IF(D14="","",IF(E14="Fail","F",IF(D14>=80,"A+",IF(D14>=70,"A",IF(D14>=60,"A-",IF(D14>=50,"B",IF(D14>=40,"C",IF(D14>=33,"D","F"))))))))) -> B | G14: =(IF(D14="","",IF(F14="F",0,IF(D14>=80,5,IF(D14>=70,4,IF(D14>=60,3.5,IF(D14>=50,3,IF(D14>=40,2,IF(D14>=33,1,0))))))))) -> 3
A15: ='Student Basic Info'!A15 -> 114 | D15: =IF(B15+C15=0, "", B15+C15) | E15: =IF(D15="","", IF(AND(B15 >=10,C15>=23),"Pass","Fail")) | F15: =(IF(D15="","",IF(E15="Fail","F",IF(D15>=80,"A+",IF(D15>=70,"A",IF(D15>=60,"A-",IF(D15>=50,"B",IF(D15>=40,"C",IF(D15>=33,"D","F"))))))))) | G15: =(IF(D15="","",IF(F15="F",0,IF(D15>=80,5,IF(D15>=70,4,IF(D15>=60,3.5,IF(D15>=50,3,IF(D15>=40,2,IF(D15>=33,1,0)))))))))
A16: ='Student Basic Info'!A16 -> 115 | D16: =IF(B16+C16=0, "", B16+C16) | E16: =IF(D16="","", IF(AND(B16 >=10,C16>=23),"Pass","Fail")) | F16: =(IF(D16="","",IF(E16="Fail","F",IF(D16>=80,"A+",IF(D16>=70,"A",IF(D16>=60,"A-",IF(D16>=50,"B",IF(D16>=40,"C",IF(D16>=33,"D","F"))))))))) | G16: =(IF(D16="","",IF(F16="F",0,IF(D16>=80,5,IF(D16>=70,4,IF(D16>=60,3.5,IF(D16>=50,3,IF(D16>=40,2,IF(D16>=33,1,0)))))))))
A17: ='Student Basic Info'!A17 -> 116 | B17: 8 | C17: 29 | D17: =IF(B17+C17=0, "", B17+C17) -> 37 | E17: =IF(D17="","", IF(AND(B17 >=10,C17>=23),"Pass","Fail")) -> Fail | F17: =(IF(D17="","",IF(E17="Fail","F",IF(D17>=80,"A+",IF(D17>=70,"A",IF(D17>=60,"A-",IF(D17>=50,"B",IF(D17>=40,"C",IF(D17>=33,"D","F"))))))))) -> F | G17: =(IF(D17="","",IF(F17="F",0,IF(D17>=80,5,IF(D17>=70,4,IF(D17>=60,3.5,IF(D17>=50,3,IF(D17>=40,2,IF(D17>=33,1,0))))))))) -> 0
A18: ='Student Basic Info'!A18 -> 117 | B18: 12 | C18: 33 | D18: =IF(B18+C18=0, "", B18+C18) -> 45 | E18: =IF(D18="","", IF(AND(B18 >=10,C18>=23),"Pass","Fail")) -> Pass | F18: =(IF(D18="","",IF(E18="Fail","F",IF(D18>=80,"A+",IF(D18>=70,"A",IF(D18>=60,"A-",IF(D18>=50,"B",IF(D18>=40,"C",IF(D18>=33,"D","F"))))))))) -> C | G18: =(IF(D18="","",IF(F18="F",0,IF(D18>=80,5,IF(D18>=70,4,IF(D18>=60,3.5,IF(D18>=50,3,IF(D18>=40,2,IF(D18>=33,1,0))))))))) -> 2
A19: ='Student Basic Info'!A19 -> 118 | B19: 8 | C19: 34 | D19: =IF(B19+C19=0, "", B19+C19) -> 42 | E19: =IF(D19="","", IF(AND(B19 >=10,C19>=23),"Pass","Fail")) -> Fail | F19: =(IF(D19="","",IF(E19="Fail","F",IF(D19>=80,"A+",IF(D19>=70,"A",IF(D19>=60,"A-",IF(D19>=50,"B",IF(D19>=40,"C",IF(D19>=33,"D","F"))))))))) -> F | G19: =(IF(D19="","",IF(F19="F",0,IF(D19>=80,5,IF(D19>=70,4,IF(D19>=60,3.5,IF(D19>=50,3,IF(D19>=40,2,IF(D19>=33,1,0))))))))) -> 0
A20: ='Student Basic Info'!A20 -> 119 | D20: =IF(B20+C20=0, "", B20+C20) | E20: =IF(D20="","", IF(AND(B20 >=10,C20>=23),"Pass","Fail")) | F20: =(IF(D20="","",IF(E20="Fail","F",IF(D20>=80,"A+",IF(D20>=70,"A",IF(D20>=60,"A-",IF(D20>=50,"B",IF(D20>=40,"C",IF(D20>=33,"D","F"))))))))) | G20: =(IF(D20="","",IF(F20="F",0,IF(D20>=80,5,IF(D20>=70,4,IF(D20>=60,3.5,IF(D20>=50,3,IF(D20>=40,2,IF(D20>=33,1,0)))))))))
A21: ='Student Basic Info'!A21 -> 120 | B21: 10 | C21: 11 | D21: =IF(B21+C21=0, "", B21+C21) -> 21 | E21: =IF(D21="","", IF(AND(B21 >=10,C21>=23),"Pass","Fail")) -> Fail | F21: =(IF(D21="","",IF(E21="Fail","F",IF(D21>=80,"A+",IF(D21>=70,"A",IF(D21>=60,"A-",IF(D21>=50,"B",IF(D21>=40,"C",IF(D21>=33,"D","F"))))))))) -> F | G21: =(IF(D21="","",IF(F21="F",0,IF(D21>=80,5,IF(D21>=70,4,IF(D21>=60,3.5,IF(D21>=50,3,IF(D21>=40,2,IF(D21>=33,1,0))))))))) -> 0
A22: ='Student Basic Info'!A22 -> 121 | B22: 14 | C22: 6 | D22: =IF(B22+C22=0, "", B22+C22) -> 20 | E22: =IF(D22="","", IF(AND(B22 >=10,C22>=23),"Pass","Fail")) -> Fail | F22: =(IF(D22="","",IF(E22="Fail","F",IF(D22>=80,"A+",IF(D22>=70,"A",IF(D22>=60,"A-",IF(D22>=50,"B",IF(D22>=40,"C",IF(D22>=33,"D","F"))))))))) -> F | G22: =(IF(D22="","",IF(F22="F",0,IF(D22>=80,5,IF(D22>=70,4,IF(D22>=60,3.5,IF(D22>=50,3,IF(D22>=40,2,IF(D22>=33,1,0))))))))) -> 0
A23: ='Student Basic Info'!A23 -> 122 | B23: 11 | C23: 35 | D23: =IF(B23+C23=0, "", B23+C23) -> 46 | E23: =IF(D23="","", IF(AND(B23 >=10,C23>=23),"Pass","Fail")) -> Pass | F23: =(IF(D23="","",IF(E23="Fail","F",IF(D23>=80,"A+",IF(D23>=70,"A",IF(D23>=60,"A-",IF(D23>=50,"B",IF(D23>=40,"C",IF(D23>=33,"D","F"))))))))) -> C | G23: =(IF(D23="","",IF(F23="F",0,IF(D23>=80,5,IF(D23>=70,4,IF(D23>=60,3.5,IF(D23>=50,3,IF(D23>=40,2,IF(D23>=33,1,0))))))))) -> 2
A24: ='Student Basic Info'!A24 -> 123 | B24: 10 | C24: 38 | D24: =IF(B24+C24=0, "", B24+C24) -> 48 | E24: =IF(D24="","", IF(AND(B24 >=10,C24>=23),"Pass","Fail")) -> Pass | F24: =(IF(D24="","",IF(E24="Fail","F",IF(D24>=80,"A+",IF(D24>=70,"A",IF(D24>=60,"A-",IF(D24>=50,"B",IF(D24>=40,"C",IF(D24>=33,"D","F"))))))))) -> C | G24: =(IF(D24="","",IF(F24="F",0,IF(D24>=80,5,IF(D24>=70,4,IF(D24>=60,3.5,IF(D24>=50,3,IF(D24>=40,2,IF(D24>=33,1,0))))))))) -> 2
A25: ='Student Basic Info'!A25 -> 124 | D25: =IF(B25+C25=0, "", B25+C25) | E25: =IF(D25="","", IF(AND(B25 >=10,C25>=23),"Pass","Fail")) | F25: =(IF(D25="","",IF(E25="Fail","F",IF(D25>=80,"A+",IF(D25>=70,"A",IF(D25>=60,"A-",IF(D25>=50,"B",IF(D25>=40,"C",IF(D25>=33,"D","F"))))))))) | G25: =(IF(D25="","",IF(F25="F",0,IF(D25>=80,5,IF(D25>=70,4,IF(D25>=60,3.5,IF(D25>=50,3,IF(D25>=40,2,IF(D25>=33,1,0)))))))))
A26: ='Student Basic Info'!A26 -> 125 | D26: =IF(B26+C26=0, "", B26+C26) | E26: =IF(D26="","", IF(AND(B26 >=10,C26>=23),"Pass","Fail")) | F26: =(IF(D26="","",IF(E26="Fail","F",IF(D26>=80,"A+",IF(D26>=70,"A",IF(D26>=60,"A-",IF(D26>=50,"B",IF(D26>=40,"C",IF(D26>=33,"D","F"))))))))) | G26: =(IF(D26="","",IF(F26="F",0,IF(D26>=80,5,IF(D26>=70,4,IF(D26>=60,3.5,IF(D26>=50,3,IF(D26>=40,2,IF(D26>=33,1,0)))))))))
A27: ='Student Basic Info'!A27 -> 126 | D27: =IF(B27+C27=0, "", B27+C27) | E27: =IF(D27="","", IF(AND(B27 >=10,C27>=23),"Pass","Fail")) | F27: =(IF(D27="","",IF(E27="Fail","F",IF(D27>=80,"A+",IF(D27>=70,"A",IF(D27>=60,"A-",IF(D27>=50,"B",IF(D27>=40,"C",IF(D27>=33,"D","F"))))))))) | G27: =(IF(D27="","",IF(F27="F",0,IF(D27>=80,5,IF(D27>=70,4,IF(D27>=60,3.5,IF(D27>=50,3,IF(D27>=40,2,IF(D27>=33,1,0)))))))))
A28: ='Student Basic Info'!A28 -> 127 | D28: =IF(B28+C28=0, "", B28+C28) | E28: =IF(D28="","", IF(AND(B28 >=10,C28>=23),"Pass","Fail")) | F28: =(IF(D28="","",IF(E28="Fail","F",IF(D28>=80,"A+",IF(D28>=70,"A",IF(D28>=60,"A-",IF(D28>=50,"B",IF(D28>=40,"C",IF(D28>=33,"D","F"))))))))) | G28: =(IF(D28="","",IF(F28="F",0,IF(D28>=80,5,IF(D28>=70,4,IF(D28>=60,3.5,IF(D28>=50,3,IF(D28>=40,2,IF(D28>=33,1,0)))))))))
A29: ='Student Basic Info'!A29 -> 128 | B29: 8 | C29: 16 | D29: =IF(B29+C29=0, "", B29+C29) -> 24 | E29: =IF(D29="","", IF(AND(B29 >=10,C29>=23),"Pass","Fail")) -> Fail | F29: =(IF(D29="","",IF(E29="Fail","F",IF(D29>=80,"A+",IF(D29>=70,"A",IF(D29>=60,"A-",IF(D29>=50,"B",IF(D29>=40,"C",IF(D29>=33,"D","F"))))))))) -> F | G29: =(IF(D29="","",IF(F29="F",0,IF(D29>=80,5,IF(D29>=70,4,IF(D29>=60,3.5,IF(D29>=50,3,IF(D29>=40,2,IF(D29>=33,1,0))))))))) -> 0
A30: ='Student Basic Info'!A30 -> 129 | B30: 17 | C30: 6 | D30: =IF(B30+C30=0, "", B30+C30) -> 23 | E30: =IF(D30="","", IF(AND(B30 >=10,C30>=23),"Pass","Fail")) -> Fail | F30: =(IF(D30="","",IF(E30="Fail","F",IF(D30>=80,"A+",IF(D30>=70,"A",IF(D30>=60,"A-",IF(D30>=50,"B",IF(D30>=40,"C",IF(D30>=33,"D","F"))))))))) -> F | G30: =(IF(D30="","",IF(F30="F",0,IF(D30>=80,5,IF(D30>=70,4,IF(D30>=60,3.5,IF(D30>=50,3,IF(D30>=40,2,IF(D30>=33,1,0))))))))) -> 0
A31: ='Student Basic Info'!A31 -> 130 | B31: 10 | C31: 24 | D31: =IF(B31+C31=0, "", B31+C31) -> 34 | E31: =IF(D31="","", IF(AND(B31 >=10,C31>=23),"Pass","Fail")) -> Pass | F31: =(IF(D31="","",IF(E31="Fail","F",IF(D31>=80,"A+",IF(D31>=70,"A",IF(D31>=60,"A-",IF(D31>=50,"B",IF(D31>=40,"C",IF(D31>=33,"D","F"))))))))) -> D | G31: =(IF(D31="","",IF(F31="F",0,IF(D31>=80,5,IF(D31>=70,4,IF(D31>=60,3.5,IF(D31>=50,3,IF(D31>=40,2,IF(D31>=33,1,0))))))))) -> 1
A32: ='Student Basic Info'!A32 -> 131 | B32: 14 | C32: 17 | D32: =IF(B32+C32=0, "", B32+C32) -> 31 | E32: =IF(D32="","", IF(AND(B32 >=10,C32>=23),"Pass","Fail")) -> Fail | F32: =(IF(D32="","",IF(E32="Fail","F",IF(D32>=80,"A+",IF(D32>=70,"A",IF(D32>=60,"A-",IF(D32>=50,"B",IF(D32>=40,"C",IF(D32>=33,"D","F"))))))))) -> F | G32: =(IF(D32="","",IF(F32="F",0,IF(D32>=80,5,IF(D32>=70,4,IF(D32>=60,3.5,IF(D32>=50,3,IF(D32>=40,2,IF(D32>=33,1,0))))))))) -> 0
A33: ='Student Basic Info'!A33 -> 132 | B33: 13 | C33: 15 | D33: =IF(B33+C33=0, "", B33+C33) -> 28 | E33: =IF(D33="","", IF(AND(B33 >=10,C33>=23),"Pass","Fail")) -> Fail | F33: =(IF(D33="","",IF(E33="Fail","F",IF(D33>=80,"A+",IF(D33>=70,"A",IF(D33>=60,"A-",IF(D33>=50,"B",IF(D33>=40,"C",IF(D33>=33,"D","F"))))))))) -> F | G33: =(IF(D33="","",IF(F33="F",0,IF(D33>=80,5,IF(D33>=70,4,IF(D33>=60,3.5,IF(D33>=50,3,IF(D33>=40,2,IF(D33>=33,1,0))))))))) -> 0
A34: ='Student Basic Info'!A34 -> 133 | B34: 10 | C34: 10 | D34: =IF(B34+C34=0, "", B34+C34) -> 20 | E34: =IF(D34="","", IF(AND(B34 >=10,C34>=23),"Pass","Fail")) -> Fail | F34: =(IF(D34="","",IF(E34="Fail","F",IF(D34>=80,"A+",IF(D34>=70,"A",IF(D34>=60,"A-",IF(D34>=50,"B",IF(D34>=40,"C",IF(D34>=33,"D","F"))))))))) -> F | G34: =(IF(D34="","",IF(F34="F",0,IF(D34>=80,5,IF(D34>=70,4,IF(D34>=60,3.5,IF(D34>=50,3,IF(D34>=40,2,IF(D34>=33,1,0))))))))) -> 0
A35: ='Student Basic Info'!A35 -> 134 | D35: =IF(B35+C35=0, "", B35+C35) | E35: =IF(D35="","", IF(AND(B35 >=10,C35>=23),"Pass","Fail")) | F35: =(IF(D35="","",IF(E35="Fail","F",IF(D35>=80,"A+",IF(D35>=70,"A",IF(D35>=60,"A-",IF(D35>=50,"B",IF(D35>=40,"C",IF(D35>=33,"D","F"))))))))) | G35: =(IF(D35="","",IF(F35="F",0,IF(D35>=80,5,IF(D35>=70,4,IF(D35>=60,3.5,IF(D35>=50,3,IF(D35>=40,2,IF(D35>=33,1,0)))))))))
A36: ='Student Basic Info'!A36 -> 135 | D36: =IF(B36+C36=0, "", B36+C36) | E36: =IF(D36="","", IF(AND(B36 >=10,C36>=23),"Pass","Fail")) | F36: =(IF(D36="","",IF(E36="Fail","F",IF(D36>=80,"A+",IF(D36>=70,"A",IF(D36>=60,"A-",IF(D36>=50,"B",IF(D36>=40,"C",IF(D36>=33,"D","F"))))))))) | G36: =(IF(D36="","",IF(F36="F",0,IF(D36>=80,5,IF(D36>=70,4,IF(D36>=60,3.5,IF(D36>=50,3,IF(D36>=40,2,IF(D36>=33,1,0)))))))))
A37: ='Student Basic Info'!A37 -> 136 | B37: 11 | C37: 26 | D37: =IF(B37+C37=0, "", B37+C37) -> 37 | E37: =IF(D37="","", IF(AND(B37 >=10,C37>=23),"Pass","Fail")) -> Pass | F37: =(IF(D37="","",IF(E37="Fail","F",IF(D37>=80,"A+",IF(D37>=70,"A",IF(D37>=60,"A-",IF(D37>=50,"B",IF(D37>=40,"C",IF(D37>=33,"D","F"))))))))) -> D | G37: =(IF(D37="","",IF(F37="F",0,IF(D37>=80,5,IF(D37>=70,4,IF(D37>=60,3.5,IF(D37>=50,3,IF(D37>=40,2,IF(D37>=33,1,0))))))))) -> 1
A38: ='Student Basic Info'!A38 -> 137 | D38: =IF(B38+C38=0, "", B38+C38) | E38: =IF(D38="","", IF(AND(B38 >=10,C38>=23),"Pass","Fail")) | F38: =(IF(D38="","",IF(E38="Fail","F",IF(D38>=80,"A+",IF(D38>=70,"A",IF(D38>=60,"A-",IF(D38>=50,"B",IF(D38>=40,"C",IF(D38>=33,"D","F"))))))))) | G38: =(IF(D38="","",IF(F38="F",0,IF(D38>=80,5,IF(D38>=70,4,IF(D38>=60,3.5,IF(D38>=50,3,IF(D38>=40,2,IF(D38>=33,1,0)))))))))
A39: ='Student Basic Info'!A39 -> 138 | D39: =IF(B39+C39=0, "", B39+C39) | E39: =IF(D39="","", IF(AND(B39 >=10,C39>=23),"Pass","Fail")) | F39: =(IF(D39="","",IF(E39="Fail","F",IF(D39>=80,"A+",IF(D39>=70,"A",IF(D39>=60,"A-",IF(D39>=50,"B",IF(D39>=40,"C",IF(D39>=33,"D","F"))))))))) | G39: =(IF(D39="","",IF(F39="F",0,IF(D39>=80,5,IF(D39>=70,4,IF(D39>=60,3.5,IF(D39>=50,3,IF(D39>=40,2,IF(D39>=33,1,0)))))))))
A40: ='Student Basic Info'!A40 -> 139 | B40: 10 | C40: 27 | D40: =IF(B40+C40=0, "", B40+C40) -> 37 | E40: =IF(D40="","", IF(AND(B40 >=10,C40>=23),"Pass","Fail")) -> Pass | F40: =(IF(D40="","",IF(E40="Fail","F",IF(D40>=80,"A+",IF(D40>=70,"A",IF(D40>=60,"A-",IF(D40>=50,"B",IF(D40>=40,"C",IF(D40>=33,"D","F"))))))))) -> D | G40: =(IF(D40="","",IF(F40="F",0,IF(D40>=80,5,IF(D40>=70,4,IF(D40>=60,3.5,IF(D40>=50,3,IF(D40>=40,2,IF(D40>=33,1,0))))))))) -> 1
A41: ='Student Basic Info'!A41 -> 140 | B41: 14 | C41: 19 | D41: =IF(B41+C41=0, "", B41+C41) -> 33 | E41: =IF(D41="","", IF(AND(B41 >=10,C41>=23),"Pass","Fail")) -> Fail | F41: =(IF(D41="","",IF(E41="Fail","F",IF(D41>=80,"A+",IF(D41>=70,"A",IF(D41>=60,"A-",IF(D41>=50,"B",IF(D41>=40,"C",IF(D41>=33,"D","F"))))))))) -> F | G41: =(IF(D41="","",IF(F41="F",0,IF(D41>=80,5,IF(D41>=70,4,IF(D41>=60,3.5,IF(D41>=50,3,IF(D41>=40,2,IF(D41>=33,1,0))))))))) -> 0
A42: ='Student Basic Info'!A42 -> 141 | B42: 10 | C42: 30 | D42: =IF(B42+C42=0, "", B42+C42) -> 40 | E42: =IF(D42="","", IF(AND(B42 >=10,C42>=23),"Pass","Fail")) -> Pass | F42: =(IF(D42="","",IF(E42="Fail","F",IF(D42>=80,"A+",IF(D42>=70,"A",IF(D42>=60,"A-",IF(D42>=50,"B",IF(D42>=40,"C",IF(D42>=33,"D","F"))))))))) -> C | G42: =(IF(D42="","",IF(F42="F",0,IF(D42>=80,5,IF(D42>=70,4,IF(D42>=60,3.5,IF(D42>=50,3,IF(D42>=40,2,IF(D42>=33,1,0))))))))) -> 2
A43: ='Student Basic Info'!A43 -> 142 | B43: 11 | C43: 13 | D43: =IF(B43+C43=0, "", B43+C43) -> 24 | E43: =IF(D43="","", IF(AND(B43 >=10,C43>=23),"Pass","Fail")) -> Fail | F43: =(IF(D43="","",IF(E43="Fail","F",IF(D43>=80,"A+",IF(D43>=70,"A",IF(D43>=60,"A-",IF(D43>=50,"B",IF(D43>=40,"C",IF(D43>=33,"D","F"))))))))) -> F | G43: =(IF(D43="","",IF(F43="F",0,IF(D43>=80,5,IF(D43>=70,4,IF(D43>=60,3.5,IF(D43>=50,3,IF(D43>=40,2,IF(D43>=33,1,0))))))))) -> 0
A44: ='Student Basic Info'!A44 -> 143 | B44: 10 | C44: 8 | D44: =IF(B44+C44=0, "", B44+C44) -> 18 | E44: =IF(D44="","", IF(AND(B44 >=10,C44>=23),"Pass","Fail")) -> Fail | F44: =(IF(D44="","",IF(E44="Fail","F",IF(D44>=80,"A+",IF(D44>=70,"A",IF(D44>=60,"A-",IF(D44>=50,"B",IF(D44>=40,"C",IF(D44>=33,"D","F"))))))))) -> F | G44: =(IF(D44="","",IF(F44="F",0,IF(D44>=80,5,IF(D44>=70,4,IF(D44>=60,3.5,IF(D44>=50,3,IF(D44>=40,2,IF(D44>=33,1,0))))))))) -> 0
A45: ='Student Basic Info'!A45 -> 144 | B45: 13 | C45: 23 | D45: =IF(B45+C45=0, "", B45+C45) -> 36 | E45: =IF(D45="","", IF(AND(B45 >=10,C45>=23),"Pass","Fail")) -> Pass | F45: =(IF(D45="","",IF(E45="Fail","F",IF(D45>=80,"A+",IF(D45>=70,"A",IF(D45>=60,"A-",IF(D45>=50,"B",IF(D45>=40,"C",IF(D45>=33,"D","F"))))))))) -> D | G45: =(IF(D45="","",IF(F45="F",0,IF(D45>=80,5,IF(D45>=70,4,IF(D45>=60,3.5,IF(D45>=50,3,IF(D45>=40,2,IF(D45>=33,1,0))))))))) -> 1
A46: ='Student Basic Info'!A46 -> 145 | B46: 11 | C46: 26 | D46: =IF(B46+C46=0, "", B46+C46) -> 37 | E46: =IF(D46="","", IF(AND(B46 >=10,C46>=23),"Pass","Fail")) -> Pass | F46: =(IF(D46="","",IF(E46="Fail","F",IF(D46>=80,"A+",IF(D46>=70,"A",IF(D46>=60,"A-",IF(D46>=50,"B",IF(D46>=40,"C",IF(D46>=33,"D","F"))))))))) -> D | G46: =(IF(D46="","",IF(F46="F",0,IF(D46>=80,5,IF(D46>=70,4,IF(D46>=60,3.5,IF(D46>=50,3,IF(D46>=40,2,IF(D46>=33,1,0))))))))) -> 1
A47: ='Student Basic Info'!A47 -> 146 | B47: 11 | C47: 25 | D47: =IF(B47+C47=0, "", B47+C47) -> 36 | E47: =IF(D47="","", IF(AND(B47 >=10,C47>=23),"Pass","Fail")) -> Pass | F47: =(IF(D47="","",IF(E47="Fail","F",IF(D47>=80,"A+",IF(D47>=70,"A",IF(D47>=60,"A-",IF(D47>=50,"B",IF(D47>=40,"C",IF(D47>=33,"D","F"))))))))) -> D | G47: =(IF(D47="","",IF(F47="F",0,IF(D47>=80,5,IF(D47>=70,4,IF(D47>=60,3.5,IF(D47>=50,3,IF(D47>=40,2,IF(D47>=33,1,0))))))))) -> 1
A48: ='Student Basic Info'!A48 -> 147 | D48: =IF(B48+C48=0, "", B48+C48) | E48: =IF(D48="","", IF(AND(B48 >=10,C48>=23),"Pass","Fail")) | F48: =(IF(D48="","",IF(E48="Fail","F",IF(D48>=80,"A+",IF(D48>=70,"A",IF(D48>=60,"A-",IF(D48>=50,"B",IF(D48>=40,"C",IF(D48>=33,"D","F"))))))))) | G48: =(IF(D48="","",IF(F48="F",0,IF(D48>=80,5,IF(D48>=70,4,IF(D48>=60,3.5,IF(D48>=50,3,IF(D48>=40,2,IF(D48>=33,1,0)))))))))
A49: ='Student Basic Info'!A49 -> 148 | B49: 12 | C49: 24 | D49: =IF(B49+C49=0, "", B49+C49) -> 36 | E49: =IF(D49="","", IF(AND(B49 >=10,C49>=23),"Pass","Fail")) -> Pass | F49: =(IF(D49="","",IF(E49="Fail","F",IF(D49>=80,"A+",IF(D49>=70,"A",IF(D49>=60,"A-",IF(D49>=50,"B",IF(D49>=40,"C",IF(D49>=33,"D","F"))))))))) -> D | G49: =(IF(D49="","",IF(F49="F",0,IF(D49>=80,5,IF(D49>=70,4,IF(D49>=60,3.5,IF(D49>=50,3,IF(D49>=40,2,IF(D49>=33,1,0))))))))) -> 1
A50: ='Student Basic Info'!A50 -> 149 | B50: 11 | C50: 28 | D50: =IF(B50+C50=0, "", B50+C50) -> 39 | E50: =IF(D50="","", IF(AND(B50 >=10,C50>=23),"Pass","Fail")) -> Pass | F50: =(IF(D50="","",IF(E50="Fail","F",IF(D50>=80,"A+",IF(D50>=70,"A",IF(D50>=60,"A-",IF(D50>=50,"B",IF(D50>=40,"C",IF(D50>=33,"D","F"))))))))) -> D | G50: =(IF(D50="","",IF(F50="F",0,IF(D50>=80,5,IF(D50>=70,4,IF(D50>=60,3.5,IF(D50>=50,3,IF(D50>=40,2,IF(D50>=33,1,0))))))))) -> 1
A51: ='Student Basic Info'!A51 -> 150 | D51: =IF(B51+C51=0, "", B51+C51) | E51: =IF(D51="","", IF(AND(B51 >=10,C51>=23),"Pass","Fail")) | F51: =(IF(D51="","",IF(E51="Fail","F",IF(D51>=80,"A+",IF(D51>=70,"A",IF(D51>=60,"A-",IF(D51>=50,"B",IF(D51>=40,"C",IF(D51>=33,"D","F"))))))))) | G51: =(IF(D51="","",IF(F51="F",0,IF(D51>=80,5,IF(D51>=70,4,IF(D51>=60,3.5,IF(D51>=50,3,IF(D51>=40,2,IF(D51>=33,1,0)))))))))
A52: ='Student Basic Info'!A52 -> 151 | B52: 10 | C52: 25 | D52: =IF(B52+C52=0, "", B52+C52) -> 35 | E52: =IF(D52="","", IF(AND(B52 >=10,C52>=23),"Pass","Fail")) -> Pass | F52: =(IF(D52="","",IF(E52="Fail","F",IF(D52>=80,"A+",IF(D52>=70,"A",IF(D52>=60,"A-",IF(D52>=50,"B",IF(D52>=40,"C",IF(D52>=33,"D","F"))))))))) -> D | G52: =(IF(D52="","",IF(F52="F",0,IF(D52>=80,5,IF(D52>=70,4,IF(D52>=60,3.5,IF(D52>=50,3,IF(D52>=40,2,IF(D52>=33,1,0))))))))) -> 1
A53: ='Student Basic Info'!A53 -> 152 | D53: =IF(B53+C53=0, "", B53+C53) | E53: =IF(D53="","", IF(AND(B53 >=10,C53>=23),"Pass","Fail")) | F53: =(IF(D53="","",IF(E53="Fail","F",IF(D53>=80,"A+",IF(D53>=70,"A",IF(D53>=60,"A-",IF(D53>=50,"B",IF(D53>=40,"C",IF(D53>=33,"D","F"))))))))) | G53: =(IF(D53="","",IF(F53="F",0,IF(D53>=80,5,IF(D53>=70,4,IF(D53>=60,3.5,IF(D53>=50,3,IF(D53>=40,2,IF(D53>=33,1,0)))))))))
A54: ='Student Basic Info'!A54 -> 153 | B54: 5 | C54: 3 | D54: =IF(B54+C54=0, "", B54+C54) -> 8 | E54: =IF(D54="","", IF(AND(B54 >=10,C54>=23),"Pass","Fail")) -> Fail | F54: =(IF(D54="","",IF(E54="Fail","F",IF(D54>=80,"A+",IF(D54>=70,"A",IF(D54>=60,"A-",IF(D54>=50,"B",IF(D54>=40,"C",IF(D54>=33,"D","F"))))))))) -> F | G54: =(IF(D54="","",IF(F54="F",0,IF(D54>=80,5,IF(D54>=70,4,IF(D54>=60,3.5,IF(D54>=50,3,IF(D54>=40,2,IF(D54>=33,1,0))))))))) -> 0
A55: ='Student Basic Info'!A55 -> 154 | D55: =IF(B55+C55=0, "", B55+C55) | E55: =IF(D55="","", IF(AND(B55 >=10,C55>=23),"Pass","Fail")) | F55: =(IF(D55="","",IF(E55="Fail","F",IF(D55>=80,"A+",IF(D55>=70,"A",IF(D55>=60,"A-",IF(D55>=50,"B",IF(D55>=40,"C",IF(D55>=33,"D","F"))))))))) | G55: =(IF(D55="","",IF(F55="F",0,IF(D55>=80,5,IF(D55>=70,4,IF(D55>=60,3.5,IF(D55>=50,3,IF(D55>=40,2,IF(D55>=33,1,0)))))))))
A56: ='Student Basic Info'!A56 -> 155 | D56: =IF(B56+C56=0, "", B56+C56) | E56: =IF(D56="","", IF(AND(B56 >=10,C56>=23),"Pass","Fail")) | F56: =(IF(D56="","",IF(E56="Fail","F",IF(D56>=80,"A+",IF(D56>=70,"A",IF(D56>=60,"A-",IF(D56>=50,"B",IF(D56>=40,"C",IF(D56>=33,"D","F"))))))))) | G56: =(IF(D56="","",IF(F56="F",0,IF(D56>=80,5,IF(D56>=70,4,IF(D56>=60,3.5,IF(D56>=50,3,IF(D56>=40,2,IF(D56>=33,1,0)))))))))
A57: ='Student Basic Info'!A57 -> 156 | D57: =IF(B57+C57=0, "", B57+C57) | E57: =IF(D57="","", IF(AND(B57 >=10,C57>=23),"Pass","Fail")) | F57: =(IF(D57="","",IF(E57="Fail","F",IF(D57>=80,"A+",IF(D57>=70,"A",IF(D57>=60,"A-",IF(D57>=50,"B",IF(D57>=40,"C",IF(D57>=33,"D","F"))))))))) | G57: =(IF(D57="","",IF(F57="F",0,IF(D57>=80,5,IF(D57>=70,4,IF(D57>=60,3.5,IF(D57>=50,3,IF(D57>=40,2,IF(D57>=33,1,0)))))))))
A58: ='Student Basic Info'!A58 -> 157 | B58: 12 | C58: 11 | D58: =IF(B58+C58=0, "", B58+C58) -> 23 | E58: =IF(D58="","", IF(AND(B58 >=10,C58>=23),"Pass","Fail")) -> Fail | F58: =(IF(D58="","",IF(E58="Fail","F",IF(D58>=80,"A+",IF(D58>=70,"A",IF(D58>=60,"A-",IF(D58>=50,"B",IF(D58>=40,"C",IF(D58>=33,"D","F"))))))))) -> F | G58: =(IF(D58="","",IF(F58="F",0,IF(D58>=80,5,IF(D58>=70,4,IF(D58>=60,3.5,IF(D58>=50,3,IF(D58>=40,2,IF(D58>=33,1,0))))))))) -> 0
A59: ='Student Basic Info'!A59 -> 158 | D59: =IF(B59+C59=0, "", B59+C59) | E59: =IF(D59="","", IF(AND(B59 >=10,C59>=23),"Pass","Fail")) | F59: =(IF(D59="","",IF(E59="Fail","F",IF(D59>=80,"A+",IF(D59>=70,"A",IF(D59>=60,"A-",IF(D59>=50,"B",IF(D59>=40,"C",IF(D59>=33,"D","F"))))))))) | G59: =(IF(D59="","",IF(F59="F",0,IF(D59>=80,5,IF(D59>=70,4,IF(D59>=60,3.5,IF(D59>=50,3,IF(D59>=40,2,IF(D59>=33,1,0)))))))))
A60: ='Student Basic Info'!A60 -> 159 | B60: 12 | C60: 23 | D60: =IF(B60+C60=0, "", B60+C60) -> 35 | E60: =IF(D60="","", IF(AND(B60 >=10,C60>=23),"Pass","Fail")) -> Pass | F60: =(IF(D60="","",IF(E60="Fail","F",IF(D60>=80,"A+",IF(D60>=70,"A",IF(D60>=60,"A-",IF(D60>=50,"B",IF(D60>=40,"C",IF(D60>=33,"D","F"))))))))) -> D | G60: =(IF(D60="","",IF(F60="F",0,IF(D60>=80,5,IF(D60>=70,4,IF(D60>=60,3.5,IF(D60>=50,3,IF(D60>=40,2,IF(D60>=33,1,0))))))))) -> 1
A61: ='Student Basic Info'!A61 -> 160 | D61: =IF(B61+C61=0, "", B61+C61) | E61: =IF(D61="","", IF(AND(B61 >=10,C61>=23),"Pass","Fail")) | F61: =(IF(D61="","",IF(E61="Fail","F",IF(D61>=80,"A+",IF(D61>=70,"A",IF(D61>=60,"A-",IF(D61>=50,"B",IF(D61>=40,"C",IF(D61>=33,"D","F"))))))))) | G61: =(IF(D61="","",IF(F61="F",0,IF(D61>=80,5,IF(D61>=70,4,IF(D61>=60,3.5,IF(D61>=50,3,IF(D61>=40,2,IF(D61>=33,1,0)))))))))
A62: ='Student Basic Info'!A62 -> 161 | D62: =IF(B62+C62=0, "", B62+C62) | E62: =IF(D62="","", IF(AND(B62 >=10,C62>=23),"Pass","Fail")) | F62: =(IF(D62="","",IF(E62="Fail","F",IF(D62>=80,"A+",IF(D62>=70,"A",IF(D62>=60,"A-",IF(D62>=50,"B",IF(D62>=40,"C",IF(D62>=33,"D","F"))))))))) | G62: =(IF(D62="","",IF(F62="F",0,IF(D62>=80,5,IF(D62>=70,4,IF(D62>=60,3.5,IF(D62>=50,3,IF(D62>=40,2,IF(D62>=33,1,0)))))))))
A63: ='Student Basic Info'!A63 -> 162 | B63: 10 | C63: 12 | D63: =IF(B63+C63=0, "", B63+C63) -> 22 | E63: =IF(D63="","", IF(AND(B63 >=10,C63>=23),"Pass","Fail")) -> Fail | F63: =(IF(D63="","",IF(E63="Fail","F",IF(D63>=80,"A+",IF(D63>=70,"A",IF(D63>=60,"A-",IF(D63>=50,"B",IF(D63>=40,"C",IF(D63>=33,"D","F"))))))))) -> F | G63: =(IF(D63="","",IF(F63="F",0,IF(D63>=80,5,IF(D63>=70,4,IF(D63>=60,3.5,IF(D63>=50,3,IF(D63>=40,2,IF(D63>=33,1,0))))))))) -> 0
A64: ='Student Basic Info'!A64 -> 163 | D64: =IF(B64+C64=0, "", B64+C64) | E64: =IF(D64="","", IF(AND(B64 >=10,C64>=23),"Pass","Fail")) | F64: =(IF(D64="","",IF(E64="Fail","F",IF(D64>=80,"A+",IF(D64>=70,"A",IF(D64>=60,"A-",IF(D64>=50,"B",IF(D64>=40,"C",IF(D64>=33,"D","F"))))))))) | G64: =(IF(D64="","",IF(F64="F",0,IF(D64>=80,5,IF(D64>=70,4,IF(D64>=60,3.5,IF(D64>=50,3,IF(D64>=40,2,IF(D64>=33,1,0)))))))))
A65: ='Student Basic Info'!A65 -> 164 | D65: =IF(B65+C65=0, "", B65+C65) | E65: =IF(D65="","", IF(AND(B65 >=10,C65>=23),"Pass","Fail")) | F65: =(IF(D65="","",IF(E65="Fail","F",IF(D65>=80,"A+",IF(D65>=70,"A",IF(D65>=60,"A-",IF(D65>=50,"B",IF(D65>=40,"C",IF(D65>=33,"D","F"))))))))) | G65: =(IF(D65="","",IF(F65="F",0,IF(D65>=80,5,IF(D65>=70,4,IF(D65>=60,3.5,IF(D65>=50,3,IF(D65>=40,2,IF(D65>=33,1,0)))))))))
A66: ='Student Basic Info'!A66 -> 165 | D66: =IF(B66+C66=0, "", B66+C66) | E66: =IF(D66="","", IF(AND(B66 >=10,C66>=23),"Pass","Fail")) | F66: =(IF(D66="","",IF(E66="Fail","F",IF(D66>=80,"A+",IF(D66>=70,"A",IF(D66>=60,"A-",IF(D66>=50,"B",IF(D66>=40,"C",IF(D66>=33,"D","F"))))))))) | G66: =(IF(D66="","",IF(F66="F",0,IF(D66>=80,5,IF(D66>=70,4,IF(D66>=60,3.5,IF(D66>=50,3,IF(D66>=40,2,IF(D66>=33,1,0)))))))))
A67: ='Student Basic Info'!A67 -> 166 | B67: 8 | C67: 23 | D67: =IF(B67+C67=0, "", B67+C67) -> 31 | E67: =IF(D67="","", IF(AND(B67 >=10,C67>=23),"Pass","Fail")) -> Fail | F67: =(IF(D67="","",IF(E67="Fail","F",IF(D67>=80,"A+",IF(D67>=70,"A",IF(D67>=60,"A-",IF(D67>=50,"B",IF(D67>=40,"C",IF(D67>=33,"D","F"))))))))) -> F | G67: =(IF(D67="","",IF(F67="F",0,IF(D67>=80,5,IF(D67>=70,4,IF(D67>=60,3.5,IF(D67>=50,3,IF(D67>=40,2,IF(D67>=33,1,0))))))))) -> 0
A68: ='Student Basic Info'!A68 -> 167 | D68: =IF(B68+C68=0, "", B68+C68) | E68: =IF(D68="","", IF(AND(B68 >=10,C68>=23),"Pass","Fail")) | F68: =(IF(D68="","",IF(E68="Fail","F",IF(D68>=80,"A+",IF(D68>=70,"A",IF(D68>=60,"A-",IF(D68>=50,"B",IF(D68>=40,"C",IF(D68>=33,"D","F"))))))))) | G68: =(IF(D68="","",IF(F68="F",0,IF(D68>=80,5,IF(D68>=70,4,IF(D68>=60,3.5,IF(D68>=50,3,IF(D68>=40,2,IF(D68>=33,1,0)))))))))
A69: ='Student Basic Info'!A69 -> 168 | B69: 7 | C69: 23 | D69: =IF(B69+C69=0, "", B69+C69) -> 30 | E69: =IF(D69="","", IF(AND(B69 >=10,C69>=23),"Pass","Fail")) -> Fail | F69: =(IF(D69="","",IF(E69="Fail","F",IF(D69>=80,"A+",IF(D69>=70,"A",IF(D69>=60,"A-",IF(D69>=50,"B",IF(D69>=40,"C",IF(D69>=33,"D","F"))))))))) -> F | G69: =(IF(D69="","",IF(F69="F",0,IF(D69>=80,5,IF(D69>=70,4,IF(D69>=60,3.5,IF(D69>=50,3,IF(D69>=40,2,IF(D69>=33,1,0))))))))) -> 0
A70: ='Student Basic Info'!A70 -> 169 | B70: 16 | C70: 48 | D70: =IF(B70+C70=0, "", B70+C70) -> 64 | E70: =IF(D70="","", IF(AND(B70 >=10,C70>=23),"Pass","Fail")) -> Pass | F70: =(IF(D70="","",IF(E70="Fail","F",IF(D70>=80,"A+",IF(D70>=70,"A",IF(D70>=60,"A-",IF(D70>=50,"B",IF(D70>=40,"C",IF(D70>=33,"D","F"))))))))) -> A- | G70: =(IF(D70="","",IF(F70="F",0,IF(D70>=80,5,IF(D70>=70,4,IF(D70>=60,3.5,IF(D70>=50,3,IF(D70>=40,2,IF(D70>=33,1,0))))))))) -> 3.5
A71: ='Student Basic Info'!A71 -> 170 | D71: =IF(B71+C71=0, "", B71+C71) | E71: =IF(D71="","", IF(AND(B71 >=10,C71>=23),"Pass","Fail")) | F71: =(IF(D71="","",IF(E71="Fail","F",IF(D71>=80,"A+",IF(D71>=70,"A",IF(D71>=60,"A-",IF(D71>=50,"B",IF(D71>=40,"C",IF(D71>=33,"D","F"))))))))) | G71: =(IF(D71="","",IF(F71="F",0,IF(D71>=80,5,IF(D71>=70,4,IF(D71>=60,3.5,IF(D71>=50,3,IF(D71>=40,2,IF(D71>=33,1,0)))))))))
A72: ='Student Basic Info'!A72 -> 171 | D72: =IF(B72+C72=0, "", B72+C72) | E72: =IF(D72="","", IF(AND(B72 >=10,C72>=23),"Pass","Fail")) | F72: =(IF(D72="","",IF(E72="Fail","F",IF(D72>=80,"A+",IF(D72>=70,"A",IF(D72>=60,"A-",IF(D72>=50,"B",IF(D72>=40,"C",IF(D72>=33,"D","F"))))))))) | G72: =(IF(D72="","",IF(F72="F",0,IF(D72>=80,5,IF(D72>=70,4,IF(D72>=60,3.5,IF(D72>=50,3,IF(D72>=40,2,IF(D72>=33,1,0)))))))))
A73: ='Student Basic Info'!A73 -> 172 | B73: 4 | C73: 10 | D73: =IF(B73+C73=0, "", B73+C73) -> 14 | E73: =IF(D73="","", IF(AND(B73 >=10,C73>=23),"Pass","Fail")) -> Fail | F73: =(IF(D73="","",IF(E73="Fail","F",IF(D73>=80,"A+",IF(D73>=70,"A",IF(D73>=60,"A-",IF(D73>=50,"B",IF(D73>=40,"C",IF(D73>=33,"D","F"))))))))) -> F | G73: =(IF(D73="","",IF(F73="F",0,IF(D73>=80,5,IF(D73>=70,4,IF(D73>=60,3.5,IF(D73>=50,3,IF(D73>=40,2,IF(D73>=33,1,0))))))))) -> 0
A74: ='Student Basic Info'!A74 -> 173 | B74: 10 | C74: 19 | D74: =IF(B74+C74=0, "", B74+C74) -> 29 | E74: =IF(D74="","", IF(AND(B74 >=10,C74>=23),"Pass","Fail")) -> Fail | F74: =(IF(D74="","",IF(E74="Fail","F",IF(D74>=80,"A+",IF(D74>=70,"A",IF(D74>=60,"A-",IF(D74>=50,"B",IF(D74>=40,"C",IF(D74>=33,"D","F"))))))))) -> F | G74: =(IF(D74="","",IF(F74="F",0,IF(D74>=80,5,IF(D74>=70,4,IF(D74>=60,3.5,IF(D74>=50,3,IF(D74>=40,2,IF(D74>=33,1,0))))))))) -> 0
A75: ='Student Basic Info'!A75 -> 174 | B75: 8 | C75: 30 | D75: =IF(B75+C75=0, "", B75+C75) -> 38 | E75: =IF(D75="","", IF(AND(B75 >=10,C75>=23),"Pass","Fail")) -> Fail | F75: =(IF(D75="","",IF(E75="Fail","F",IF(D75>=80,"A+",IF(D75>=70,"A",IF(D75>=60,"A-",IF(D75>=50,"B",IF(D75>=40,"C",IF(D75>=33,"D","F"))))))))) -> F | G75: =(IF(D75="","",IF(F75="F",0,IF(D75>=80,5,IF(D75>=70,4,IF(D75>=60,3.5,IF(D75>=50,3,IF(D75>=40,2,IF(D75>=33,1,0))))))))) -> 0
A76: ='Student Basic Info'!A76 -> 175 | D76: =IF(B76+C76=0, "", B76+C76) | E76: =IF(D76="","", IF(AND(B76 >=10,C76>=23),"Pass","Fail")) | F76: =(IF(D76="","",IF(E76="Fail","F",IF(D76>=80,"A+",IF(D76>=70,"A",IF(D76>=60,"A-",IF(D76>=50,"B",IF(D76>=40,"C",IF(D76>=33,"D","F"))))))))) | G76: =(IF(D76="","",IF(F76="F",0,IF(D76>=80,5,IF(D76>=70,4,IF(D76>=60,3.5,IF(D76>=50,3,IF(D76>=40,2,IF(D76>=33,1,0)))))))))
A77: ='Student Basic Info'!A77 -> 176 | D77: =IF(B77+C77=0, "", B77+C77) | E77: =IF(D77="","", IF(AND(B77 >=10,C77>=23),"Pass","Fail")) | F77: =(IF(D77="","",IF(E77="Fail","F",IF(D77>=80,"A+",IF(D77>=70,"A",IF(D77>=60,"A-",IF(D77>=50,"B",IF(D77>=40,"C",IF(D77>=33,"D","F"))))))))) | G77: =(IF(D77="","",IF(F77="F",0,IF(D77>=80,5,IF(D77>=70,4,IF(D77>=60,3.5,IF(D77>=50,3,IF(D77>=40,2,IF(D77>=33,1,0)))))))))
A78: ='Student Basic Info'!A78 -> 177 | B78: 15 | C78: 26 | D78: =IF(B78+C78=0, "", B78+C78) -> 41 | E78: =IF(D78="","", IF(AND(B78 >=10,C78>=23),"Pass","Fail")) -> Pass | F78: =(IF(D78="","",IF(E78="Fail","F",IF(D78>=80,"A+",IF(D78>=70,"A",IF(D78>=60,"A-",IF(D78>=50,"B",IF(D78>=40,"C",IF(D78>=33,"D","F"))))))))) -> C | G78: =(IF(D78="","",IF(F78="F",0,IF(D78>=80,5,IF(D78>=70,4,IF(D78>=60,3.5,IF(D78>=50,3,IF(D78>=40,2,IF(D78>=33,1,0))))))))) -> 2
A79: ='Student Basic Info'!A79 -> 178 | B79: 5 | C79: 18 | D79: =IF(B79+C79=0, "", B79+C79) -> 23 | E79: =IF(D79="","", IF(AND(B79 >=10,C79>=23),"Pass","Fail")) -> Fail | F79: =(IF(D79="","",IF(E79="Fail","F",IF(D79>=80,"A+",IF(D79>=70,"A",IF(D79>=60,"A-",IF(D79>=50,"B",IF(D79>=40,"C",IF(D79>=33,"D","F"))))))))) -> F | G79: =(IF(D79="","",IF(F79="F",0,IF(D79>=80,5,IF(D79>=70,4,IF(D79>=60,3.5,IF(D79>=50,3,IF(D79>=40,2,IF(D79>=33,1,0))))))))) -> 0
A80: ='Student Basic Info'!A80 -> 179 | B80: 13 | C80: 27 | D80: =IF(B80+C80=0, "", B80+C80) -> 40 | E80: =IF(D80="","", IF(AND(B80 >=10,C80>=23),"Pass","Fail")) -> Pass | F80: =(IF(D80="","",IF(E80="Fail","F",IF(D80>=80,"A+",IF(D80>=70,"A",IF(D80>=60,"A-",IF(D80>=50,"B",IF(D80>=40,"C",IF(D80>=33,"D","F"))))))))) -> C | G80: =(IF(D80="","",IF(F80="F",0,IF(D80>=80,5,IF(D80>=70,4,IF(D80>=60,3.5,IF(D80>=50,3,IF(D80>=40,2,IF(D80>=33,1,0))))))))) -> 2
A81: ='Student Basic Info'!A81 -> 180 | B81: 8 | C81: 23 | D81: =IF(B81+C81=0, "", B81+C81) -> 31 | E81: =IF(D81="","", IF(AND(B81 >=10,C81>=23),"Pass","Fail")) -> Fail | F81: =(IF(D81="","",IF(E81="Fail","F",IF(D81>=80,"A+",IF(D81>=70,"A",IF(D81>=60,"A-",IF(D81>=50,"B",IF(D81>=40,"C",IF(D81>=33,"D","F"))))))))) -> F | G81: =(IF(D81="","",IF(F81="F",0,IF(D81>=80,5,IF(D81>=70,4,IF(D81>=60,3.5,IF(D81>=50,3,IF(D81>=40,2,IF(D81>=33,1,0))))))))) -> 0
A82: ='Student Basic Info'!A82 -> 181 | B82: 12 | C82: 24 | D82: =IF(B82+C82=0, "", B82+C82) -> 36 | E82: =IF(D82="","", IF(AND(B82 >=10,C82>=23),"Pass","Fail")) -> Pass | F82: =(IF(D82="","",IF(E82="Fail","F",IF(D82>=80,"A+",IF(D82>=70,"A",IF(D82>=60,"A-",IF(D82>=50,"B",IF(D82>=40,"C",IF(D82>=33,"D","F"))))))))) -> D | G82: =(IF(D82="","",IF(F82="F",0,IF(D82>=80,5,IF(D82>=70,4,IF(D82>=60,3.5,IF(D82>=50,3,IF(D82>=40,2,IF(D82>=33,1,0))))))))) -> 1
A83: ='Student Basic Info'!A83 -> 182 | B83: 17 | C83: 25 | D83: =IF(B83+C83=0, "", B83+C83) -> 42 | E83: =IF(D83="","", IF(AND(B83 >=10,C83>=23),"Pass","Fail")) -> Pass | F83: =(IF(D83="","",IF(E83="Fail","F",IF(D83>=80,"A+",IF(D83>=70,"A",IF(D83>=60,"A-",IF(D83>=50,"B",IF(D83>=40,"C",IF(D83>=33,"D","F"))))))))) -> C | G83: =(IF(D83="","",IF(F83="F",0,IF(D83>=80,5,IF(D83>=70,4,IF(D83>=60,3.5,IF(D83>=50,3,IF(D83>=40,2,IF(D83>=33,1,0))))))))) -> 2
A84: ='Student Basic Info'!A84 -> 183 | B84: 14 | C84: 16 | D84: =IF(B84+C84=0, "", B84+C84) -> 30 | E84: =IF(D84="","", IF(AND(B84 >=10,C84>=23),"Pass","Fail")) -> Fail | F84: =(IF(D84="","",IF(E84="Fail","F",IF(D84>=80,"A+",IF(D84>=70,"A",IF(D84>=60,"A-",IF(D84>=50,"B",IF(D84>=40,"C",IF(D84>=33,"D","F"))))))))) -> F | G84: =(IF(D84="","",IF(F84="F",0,IF(D84>=80,5,IF(D84>=70,4,IF(D84>=60,3.5,IF(D84>=50,3,IF(D84>=40,2,IF(D84>=33,1,0))))))))) -> 0
A85: ='Student Basic Info'!A85 -> 184 | D85: =IF(B85+C85=0, "", B85+C85) | E85: =IF(D85="","", IF(AND(B85 >=10,C85>=23),"Pass","Fail")) | F85: =(IF(D85="","",IF(E85="Fail","F",IF(D85>=80,"A+",IF(D85>=70,"A",IF(D85>=60,"A-",IF(D85>=50,"B",IF(D85>=40,"C",IF(D85>=33,"D","F"))))))))) | G85: =(IF(D85="","",IF(F85="F",0,IF(D85>=80,5,IF(D85>=70,4,IF(D85>=60,3.5,IF(D85>=50,3,IF(D85>=40,2,IF(D85>=33,1,0)))))))))
A86: ='Student Basic Info'!A86 -> 185 | B86: 10 | C86: 14 | D86: =IF(B86+C86=0, "", B86+C86) -> 24 | E86: =IF(D86="","", IF(AND(B86 >=10,C86>=23),"Pass","Fail")) -> Fail | F86: =(IF(D86="","",IF(E86="Fail","F",IF(D86>=80,"A+",IF(D86>=70,"A",IF(D86>=60,"A-",IF(D86>=50,"B",IF(D86>=40,"C",IF(D86>=33,"D","F"))))))))) -> F | G86: =(IF(D86="","",IF(F86="F",0,IF(D86>=80,5,IF(D86>=70,4,IF(D86>=60,3.5,IF(D86>=50,3,IF(D86>=40,2,IF(D86>=33,1,0))))))))) -> 0
A87: ='Student Basic Info'!A87 -> 186 | B87: 8 | C87: 13 | D87: =IF(B87+C87=0, "", B87+C87) -> 21 | E87: =IF(D87="","", IF(AND(B87 >=10,C87>=23),"Pass","Fail")) -> Fail | F87: =(IF(D87="","",IF(E87="Fail","F",IF(D87>=80,"A+",IF(D87>=70,"A",IF(D87>=60,"A-",IF(D87>=50,"B",IF(D87>=40,"C",IF(D87>=33,"D","F"))))))))) -> F | G87: =(IF(D87="","",IF(F87="F",0,IF(D87>=80,5,IF(D87>=70,4,IF(D87>=60,3.5,IF(D87>=50,3,IF(D87>=40,2,IF(D87>=33,1,0))))))))) -> 0
A88: ='Student Basic Info'!A88 -> 187 | B88: 12 | C88: 26 | D88: =IF(B88+C88=0, "", B88+C88) -> 38 | E88: =IF(D88="","", IF(AND(B88 >=10,C88>=23),"Pass","Fail")) -> Pass | F88: =(IF(D88="","",IF(E88="Fail","F",IF(D88>=80,"A+",IF(D88>=70,"A",IF(D88>=60,"A-",IF(D88>=50,"B",IF(D88>=40,"C",IF(D88>=33,"D","F"))))))))) -> D | G88: =(IF(D88="","",IF(F88="F",0,IF(D88>=80,5,IF(D88>=70,4,IF(D88>=60,3.5,IF(D88>=50,3,IF(D88>=40,2,IF(D88>=33,1,0))))))))) -> 1
A89: ='Student Basic Info'!A89 -> 188 | D89: =IF(B89+C89=0, "", B89+C89) | E89: =IF(D89="","", IF(AND(B89 >=10,C89>=23),"Pass","Fail")) | F89: =(IF(D89="","",IF(E89="Fail","F",IF(D89>=80,"A+",IF(D89>=70,"A",IF(D89>=60,"A-",IF(D89>=50,"B",IF(D89>=40,"C",IF(D89>=33,"D","F"))))))))) | G89: =(IF(D89="","",IF(F89="F",0,IF(D89>=80,5,IF(D89>=70,4,IF(D89>=60,3.5,IF(D89>=50,3,IF(D89>=40,2,IF(D89>=33,1,0)))))))))
A90: ='Student Basic Info'!A90 -> 189 | B90: 14 | C90: 23 | D90: =IF(B90+C90=0, "", B90+C90) -> 37 | E90: =IF(D90="","", IF(AND(B90 >=10,C90>=23),"Pass","Fail")) -> Pass | F90: =(IF(D90="","",IF(E90="Fail","F",IF(D90>=80,"A+",IF(D90>=70,"A",IF(D90>=60,"A-",IF(D90>=50,"B",IF(D90>=40,"C",IF(D90>=33,"D","F"))))))))) -> D | G90: =(IF(D90="","",IF(F90="F",0,IF(D90>=80,5,IF(D90>=70,4,IF(D90>=60,3.5,IF(D90>=50,3,IF(D90>=40,2,IF(D90>=33,1,0))))))))) -> 1
A91: ='Student Basic Info'!A91 -> 190 | D91: =IF(B91+C91=0, "", B91+C91) | E91: =IF(D91="","", IF(AND(B91 >=10,C91>=23),"Pass","Fail")) | F91: =(IF(D91="","",IF(E91="Fail","F",IF(D91>=80,"A+",IF(D91>=70,"A",IF(D91>=60,"A-",IF(D91>=50,"B",IF(D91>=40,"C",IF(D91>=33,"D","F"))))))))) | G91: =(IF(D91="","",IF(F91="F",0,IF(D91>=80,5,IF(D91>=70,4,IF(D91>=60,3.5,IF(D91>=50,3,IF(D91>=40,2,IF(D91>=33,1,0)))))))))
A92: ='Student Basic Info'!A92 -> 191 | D92: =IF(B92+C92=0, "", B92+C92) | E92: =IF(D92="","", IF(AND(B92 >=10,C92>=23),"Pass","Fail")) | F92: =(IF(D92="","",IF(E92="Fail","F",IF(D92>=80,"A+",IF(D92>=70,"A",IF(D92>=60,"A-",IF(D92>=50,"B",IF(D92>=40,"C",IF(D92>=33,"D","F"))))))))) | G92: =(IF(D92="","",IF(F92="F",0,IF(D92>=80,5,IF(D92>=70,4,IF(D92>=60,3.5,IF(D92>=50,3,IF(D92>=40,2,IF(D92>=33,1,0)))))))))
A93: ='Student Basic Info'!A93 -> 192 | D93: =IF(B93+C93=0, "", B93+C93) | E93: =IF(D93="","", IF(AND(B93 >=10,C93>=23),"Pass","Fail")) | F93: =(IF(D93="","",IF(E93="Fail","F",IF(D93>=80,"A+",IF(D93>=70,"A",IF(D93>=60,"A-",IF(D93>=50,"B",IF(D93>=40,"C",IF(D93>=33,"D","F"))))))))) | G93: =(IF(D93="","",IF(F93="F",0,IF(D93>=80,5,IF(D93>=70,4,IF(D93>=60,3.5,IF(D93>=50,3,IF(D93>=40,2,IF(D93>=33,1,0)))))))))
A94: ='Student Basic Info'!A94 -> 193 | B94: 6 | C94: 8 | D94: =IF(B94+C94=0, "", B94+C94) -> 14 | E94: =IF(D94="","", IF(AND(B94 >=10,C94>=23),"Pass","Fail")) -> Fail | F94: =(IF(D94="","",IF(E94="Fail","F",IF(D94>=80,"A+",IF(D94>=70,"A",IF(D94>=60,"A-",IF(D94>=50,"B",IF(D94>=40,"C",IF(D94>=33,"D","F"))))))))) -> F | G94: =(IF(D94="","",IF(F94="F",0,IF(D94>=80,5,IF(D94>=70,4,IF(D94>=60,3.5,IF(D94>=50,3,IF(D94>=40,2,IF(D94>=33,1,0))))))))) -> 0
A95: ='Student Basic Info'!A95 -> 194 | D95: =IF(B95+C95=0, "", B95+C95) | E95: =IF(D95="","", IF(AND(B95 >=10,C95>=23),"Pass","Fail")) | F95: =(IF(D95="","",IF(E95="Fail","F",IF(D95>=80,"A+",IF(D95>=70,"A",IF(D95>=60,"A-",IF(D95>=50,"B",IF(D95>=40,"C",IF(D95>=33,"D","F"))))))))) | G95: =(IF(D95="","",IF(F95="F",0,IF(D95>=80,5,IF(D95>=70,4,IF(D95>=60,3.5,IF(D95>=50,3,IF(D95>=40,2,IF(D95>=33,1,0)))))))))
A96: ='Student Basic Info'!A96 -> 195 | B96: 11 | C96: 24 | D96: =IF(B96+C96=0, "", B96+C96) -> 35 | E96: =IF(D96="","", IF(AND(B96 >=10,C96>=23),"Pass","Fail")) -> Pass | F96: =(IF(D96="","",IF(E96="Fail","F",IF(D96>=80,"A+",IF(D96>=70,"A",IF(D96>=60,"A-",IF(D96>=50,"B",IF(D96>=40,"C",IF(D96>=33,"D","F"))))))))) -> D | G96: =(IF(D96="","",IF(F96="F",0,IF(D96>=80,5,IF(D96>=70,4,IF(D96>=60,3.5,IF(D96>=50,3,IF(D96>=40,2,IF(D96>=33,1,0))))))))) -> 1
A97: ='Student Basic Info'!A97 -> 196 | D97: =IF(B97+C97=0, "", B97+C97) | E97: =IF(D97="","", IF(AND(B97 >=10,C97>=23),"Pass","Fail")) | F97: =(IF(D97="","",IF(E97="Fail","F",IF(D97>=80,"A+",IF(D97>=70,"A",IF(D97>=60,"A-",IF(D97>=50,"B",IF(D97>=40,"C",IF(D97>=33,"D","F"))))))))) | G97: =(IF(D97="","",IF(F97="F",0,IF(D97>=80,5,IF(D97>=70,4,IF(D97>=60,3.5,IF(D97>=50,3,IF(D97>=40,2,IF(D97>=33,1,0)))))))))
A98: ='Student Basic Info'!A98 -> 197 | B98: 3 | C98: 17 | D98: =IF(B98+C98=0, "", B98+C98) -> 20 | E98: =IF(D98="","", IF(AND(B98 >=10,C98>=23),"Pass","Fail")) -> Fail | F98: =(IF(D98="","",IF(E98="Fail","F",IF(D98>=80,"A+",IF(D98>=70,"A",IF(D98>=60,"A-",IF(D98>=50,"B",IF(D98>=40,"C",IF(D98>=33,"D","F"))))))))) -> F | G98: =(IF(D98="","",IF(F98="F",0,IF(D98>=80,5,IF(D98>=70,4,IF(D98>=60,3.5,IF(D98>=50,3,IF(D98>=40,2,IF(D98>=33,1,0))))))))) -> 0
A99: ='Student Basic Info'!A99 -> 198 | D99: =IF(B99+C99=0, "", B99+C99) | E99: =IF(D99="","", IF(AND(B99 >=10,C99>=23),"Pass","Fail")) | F99: =(IF(D99="","",IF(E99="Fail","F",IF(D99>=80,"A+",IF(D99>=70,"A",IF(D99>=60,"A-",IF(D99>=50,"B",IF(D99>=40,"C",IF(D99>=33,"D","F"))))))))) | G99: =(IF(D99="","",IF(F99="F",0,IF(D99>=80,5,IF(D99>=70,4,IF(D99>=60,3.5,IF(D99>=50,3,IF(D99>=40,2,IF(D99>=33,1,0)))))))))
A100: ='Student Basic Info'!A100 -> 199 | D100: =IF(B100+C100=0, "", B100+C100) | E100: =IF(D100="","", IF(AND(B100 >=10,C100>=23),"Pass","Fail")) | F100: =(IF(D100="","",IF(E100="Fail","F",IF(D100>=80,"A+",IF(D100>=70,"A",IF(D100>=60,"A-",IF(D100>=50,"B",IF(D100>=40,"C",IF(D100>=33,"D","F"))))))))) | G100: =(IF(D100="","",IF(F100="F",0,IF(D100>=80,5,IF(D100>=70,4,IF(D100>=60,3.5,IF(D100>=50,3,IF(D100>=40,2,IF(D100>=33,1,0)))))))))
...

Sheet Islamic History
A1: Roll | B1: Marks MCQ | C1: Marks CQ | D1: Total Marks | E1: Result | F1: Grade | G1: GPA
A2: ='Student Basic Info'!A2 -> 101 | B2: 11 | C2: 16 | D2: =IF(B2+C2=0, "", B2+C2) -> 27 | E2: =IF(D2="","", IF(AND(B2 >=10,C2>=23),"Pass","Fail")) -> Fail | F2: =(IF(D2="","",IF(E2="Fail","F",IF(D2>=80,"A+",IF(D2>=70,"A",IF(D2>=60,"A-",IF(D2>=50,"B",IF(D2>=40,"C",IF(D2>=33,"D","F"))))))))) -> F | G2: =(IF(D2="","",IF(F2="F",0,IF(D2>=80,5,IF(D2>=70,4,IF(D2>=60,3.5,IF(D2>=50,3,IF(D2>=40,2,IF(D2>=33,1,0))))))))) -> 0
A3: ='Student Basic Info'!A3 -> 102 | B3: 14 | C3: 25 | D3: =IF(B3+C3=0, "", B3+C3) -> 39 | E3: =IF(D3="","", IF(AND(B3 >=10,C3>=23),"Pass","Fail")) -> Pass | F3: =(IF(D3="","",IF(E3="Fail","F",IF(D3>=80,"A+",IF(D3>=70,"A",IF(D3>=60,"A-",IF(D3>=50,"B",IF(D3>=40,"C",IF(D3>=33,"D","F"))))))))) -> D | G3: =(IF(D3="","",IF(F3="F",0,IF(D3>=80,5,IF(D3>=70,4,IF(D3>=60,3.5,IF(D3>=50,3,IF(D3>=40,2,IF(D3>=33,1,0))))))))) -> 1
A4: ='Student Basic Info'!A4 -> 103 | B4: 16 | C4: 31 | D4: =IF(B4+C4=0, "", B4+C4) -> 47 | E4: =IF(D4="","", IF(AND(B4 >=10,C4>=23),"Pass","Fail")) -> Pass | F4: =(IF(D4="","",IF(E4="Fail","F",IF(D4>=80,"A+",IF(D4>=70,"A",IF(D4>=60,"A-",IF(D4>=50,"B",IF(D4>=40,"C",IF(D4>=33,"D","F"))))))))) -> C | G4: =(IF(D4="","",IF(F4="F",0,IF(D4>=80,5,IF(D4>=70,4,IF(D4>=60,3.5,IF(D4>=50,3,IF(D4>=40,2,IF(D4>=33,1,0))))))))) -> 2
A5: ='Student Basic Info'!A5 -> 104 | B5: 12 | C5: 38 | D5: =IF(B5+C5=0, "", B5+C5) -> 50 | E5: =IF(D5="","", IF(AND(B5 >=10,C5>=23),"Pass","Fail")) -> Pass | F5: =(IF(D5="","",IF(E5="Fail","F",IF(D5>=80,"A+",IF(D5>=70,"A",IF(D5>=60,"A-",IF(D5>=50,"B",IF(D5>=40,"C",IF(D5>=33,"D","F"))))))))) -> B | G5: =(IF(D5="","",IF(F5="F",0,IF(D5>=80,5,IF(D5>=70,4,IF(D5>=60,3.5,IF(D5>=50,3,IF(D5>=40,2,IF(D5>=33,1,0))))))))) -> 3
A6: ='Student Basic Info'!A6 -> 105 | B6: 12 | C6: 28 | D6: =IF(B6+C6=0, "", B6+C6) -> 40 | E6: =IF(D6="","", IF(AND(B6 >=10,C6>=23),"Pass","Fail")) -> Pass | F6: =(IF(D6="","",IF(E6="Fail","F",IF(D6>=80,"A+",IF(D6>=70,"A",IF(D6>=60,"A-",IF(D6>=50,"B",IF(D6>=40,"C",IF(D6>=33,"D","F"))))))))) -> C | G6: =(IF(D6="","",IF(F6="F",0,IF(D6>=80,5,IF(D6>=70,4,IF(D6>=60,3.5,IF(D6>=50,3,IF(D6>=40,2,IF(D6>=33,1,0))))))))) -> 2
A7: ='Student Basic Info'!A7 -> 106 | B7: 12 | C7: 37 | D7: =IF(B7+C7=0, "", B7+C7) -> 49 | E7: =IF(D7="","", IF(AND(B7 >=10,C7>=23),"Pass","Fail")) -> Pass | F7: =(IF(D7="","",IF(E7="Fail","F",IF(D7>=80,"A+",IF(D7>=70,"A",IF(D7>=60,"A-",IF(D7>=50,"B",IF(D7>=40,"C",IF(D7>=33,"D","F"))))))))) -> C | G7: =(IF(D7="","",IF(F7="F",0,IF(D7>=80,5,IF(D7>=70,4,IF(D7>=60,3.5,IF(D7>=50,3,IF(D7>=40,2,IF(D7>=33,1,0))))))))) -> 2
A8: ='Student Basic Info'!A8 -> 107 | B8: 11 | C8: 40 | D8: =IF(B8+C8=0, "", B8+C8) -> 51 | E8: =IF(D8="","", IF(AND(B8 >=10,C8>=23),"Pass","Fail")) -> Pass | F8: =(IF(D8="","",IF(E8="Fail","F",IF(D8>=80,"A+",IF(D8>=70,"A",IF(D8>=60,"A-",IF(D8>=50,"B",IF(D8>=40,"C",IF(D8>=33,"D","F"))))))))) -> B | G8: =(IF(D8="","",IF(F8="F",0,IF(D8>=80,5,IF(D8>=70,4,IF(D8>=60,3.5,IF(D8>=50,3,IF(D8>=40,2,IF(D8>=33,1,0))))))))) -> 3
A9: ='Student Basic Info'!A9 -> 108 | B9: 12 | C9: 38 | D9: =IF(B9+C9=0, "", B9+C9) -> 50 | E9: =IF(D9="","", IF(AND(B9 >=10,C9>=23),"Pass","Fail")) -> Pass | F9: =(IF(D9="","",IF(E9="Fail","F",IF(D9>=80,"A+",IF(D9>=70,"A",IF(D9>=60,"A-",IF(D9>=50,"B",IF(D9>=40,"C",IF(D9>=33,"D","F"))))))))) -> B | G9: =(IF(D9="","",IF(F9="F",0,IF(D9>=80,5,IF(D9>=70,4,IF(D9>=60,3.5,IF(D9>=50,3,IF(D9>=40,2,IF(D9>=33,1,0))))))))) -> 3
A10: ='Student Basic Info'!A10 -> 109 | D10: =IF(B10+C10=0, "", B10+C10) | E10: =IF(D10="","", IF(AND(B10 >=10,C10>=23),"Pass","Fail")) | F10: =(IF(D10="","",IF(E10="Fail","F",IF(D10>=80,"A+",IF(D10>=70,"A",IF(D10>=60,"A-",IF(D10>=50,"B",IF(D10>=40,"C",IF(D10>=33,"D","F"))))))))) | G10: =(IF(D10="","",IF(F10="F",0,IF(D10>=80,5,IF(D10>=70,4,IF(D10>=60,3.5,IF(D10>=50,3,IF(D10>=40,2,IF(D10>=33,1,0)))))))))
A11: ='Student Basic Info'!A11 -> 110 | B11: 10 | C11: 26 | D11: =IF(B11+C11=0, "", B11+C11) -> 36 | E11: =IF(D11="","", IF(AND(B11 >=10,C11>=23),"Pass","Fail")) -> Pass | F11: =(IF(D11="","",IF(E11="Fail","F",IF(D11>=80,"A+",IF(D11>=70,"A",IF(D11>=60,"A-",IF(D11>=50,"B",IF(D11>=40,"C",IF(D11>=33,"D","F"))))))))) -> D | G11: =(IF(D11="","",IF(F11="F",0,IF(D11>=80,5,IF(D11>=70,4,IF(D11>=60,3.5,IF(D11>=50,3,IF(D11>=40,2,IF(D11>=33,1,0))))))))) -> 1
A12: ='Student Basic Info'!A12 -> 111 | D12: =IF(B12+C12=0, "", B12+C12) | E12: =IF(D12="","", IF(AND(B12 >=10,C12>=23),"Pass","Fail")) | F12: =(IF(D12="","",IF(E12="Fail","F",IF(D12>=80,"A+",IF(D12>=70,"A",IF(D12>=60,"A-",IF(D12>=50,"B",IF(D12>=40,"C",IF(D12>=33,"D","F"))))))))) | G12: =(IF(D12="","",IF(F12="F",0,IF(D12>=80,5,IF(D12>=70,4,IF(D12>=60,3.5,IF(D12>=50,3,IF(D12>=40,2,IF(D12>=33,1,0)))))))))
