Workbook

Sheet Introduction
D8: RESULT PROCESSING SYSTEM Developed by ALI HOSSAIN
D9: BSc. in Computer Science & Enginnering, University of Chittagong
D10: Lecturer in Information & Communication Technology, Bamni Degree College

Sheet Inputs
A2: Title of Exam | C2: First Year - Term Exam 2024
A4: Number of Science Students
A6: Number of Commerce Students
A8: Number of Arts Students
A10: Total Number of Students | C10: =C4+C6+C8 -> 0
A12: MCQ Mark | C12: 25
A14: CQ Mark | C14: 50
A16: Practical Mark | C16: 25
A18: Total Marks | C18: =C12+C14+C16 -> 100

Sheet Sheet1
A1: Group | B1: Roll | C1: Subject1 | D1: Subject2 | E1: Subject3 | F1: Subject4
A2: Science | B2: 701
A3: Science | B3: 702
A4: Science | B4: 703
A5: Science | B5: 704
A6: Science | B6: 705
A7: Science | B7: 706
A8: Science | B8: 707
A9: Science | B9: 708
A10: Science | B10: 709
A11: Science | B11: 710
A12: Commerce
A13: Commerce
A14: Commerce
A15: Commerce
A16: Commerce
A17: Arts
A18: Arts
A19: Arts
A20: Arts
A21: Arts

Sheet Student Basic Info
A1: Roll | B1: Group | C1: Name | D1: Father | E1: Mother | F1: Gender | G1: Religion | H1: Address | I1: Contact | J1: Session | K1: Remarks
A2: 501 | B2: Business Studies | C2: Robiul Sani | D2: Md. Mobarok Hosain | E2: Sweety Begum | F2: Male | G2: Islam | H2: Bamni Bank Road, Companiganj, Noakhali | I2: 01737859493 | J2: 2023-24
A3: 502 | B3: Business Studies | C3: Shakhawat Hosain | D3: Abdul Sattar | E3: Nur Zanan Begum | F3: Male | G3: Islam | H3: Bamni Bank Road, Companiganj, Noakhali | I3: 01737859493 | J3: 2023-24
A4: 503 | B4: Business Studies | C4: Nusrat Sultana | D4: Golan Sarwar | E4: Anowara Begum | F4: Female | G4: Islam | H4: Bamni Bank Road, Companiganj, Noakhali | I4: 01737859493 | J4: 2023-24
A5: 504 | B5: Business Studies | C5: Nusrat Zahan | D5: Md. Ibrahim | E5: Mst. Marjahan | F5: Female | G5: Islam | H5: Bamni Bank Road, Companiganj, Noakhali | I5: 01737859493 | J5: 2023-24
A6: 505 | B6: Business Studies | C6: Istiaque Mahmud | D6: Samsuddin Rumu | E6: Nur Nahar Begum | F6: Male | G6: Islam | H6: Bamni Bank Road, Companiganj, Noakhali | I6: 01737859493 | J6: 2023-24
A7: 506 | B7: Business Studies | C7: Naznin Aktar | D7: Ruhul Amin | E7: Hasina Aktar | F7: Female | G7: Islam | H7: Bamni Bank Road, Companiganj, Noakhali | I7: 01737859493 | J7: 2023-24
A8: 507 | B8: Business Studies | C8: Fariha Islam | D8: Mohammad Selim | E8: Parvin Aktar | F8: Female | G8: Islam | H8: Bamni Bank Road, Companiganj, Noakhali | I8: 01737859493 | J8: 2023-24
A9: 508 | B9: Business Studies | C9: Suraiya Aktar | D9: Nur Alom | E9: Selina Aktar | F9: Female | G9: Islam | H9: Bamni Bank Road, Companiganj, Noakhali | I9: 01737859493 | J9: 2023-24
A10: 509 | B10: Business Studies | C10: Muntasir Ahamml Siyam | D10: Hannan Ahmed | E10: Nilufa Yeasmin | F10: Male | G10: Islam | H10: Bamni Bank Road, Companiganj, Noakhali | I10: 01737859493 | J10: 2023-24
A11: 510 | B11: Business Studies | C11: Tanbir Ahammed Alif | D11: Daud Ahamod | E11: Shokhina Khatun | F11: Male | G11: Islam | H11: Bamni Bank Road, Companiganj, Noakhali | I11: 01737859493 | J11: 2023-24
A12: 511 | B12: Business Studies | C12: Asifuz Zaman | D12: Abul Hosain | E12: Arzu Begum | F12: Male | G12: Islam | H12: Bamni Bank Road, Companiganj, Noakhali | I12: 01737859494 | J12: 2023-24
A13: 512 | B13: Business Studies | C13: Md. Arfatuzzaman | D13: Md. Alomgir | E13: Joinob Bibi | F13: Male | G13: Islam | H13: Bamni Bank Road, Companiganj, Noakhali | I13: 01737859495 | J13: 2023-24
... A141: 640 | B141: Business Studies | C141: Sazzad Hossain Sanzid | D141: Md. Shohel | E141: Nazmun Nahar Shopna | F141: Male | G141: Islam | H141: Bamni Bank Road, Companiganj, Noakhali | I141: 01737859623 | J141: 2023-144
A142: 641 | B142: Business Studies | C142: Md. Sohrab Hossain | F142: Male | G142: Islam | H142: Bamni Bank Road, Companiganj, Noakhali | I142: 01737859624 | J142: 2023-145
A143: 642 | B143: Business Studies | C143: Jannatul Nure Hafsa | H143: Bamni Bank Road, Companiganj, Noakhali | I143: 01737859625 | J143: 2023-146
A144: 643 | B144: Business Studies | F144: Female | G144: Islam | H144: Bamni Bank Road, Companiganj, Noakhali | I144: 01737859626 | J144: 2023-147
A145: 644 | B145: Business Studies | C145: Khadiza Aktar | F145: Female | G145: Islam | H145: Bamni Bank Road, Companiganj, Noakhali | I145: 01737859627 | J145: 2023-148

Sheet Prev. Academic
A1: ID | B1: Institution Name | C1: Group | D1: Session | E1: GPA | F1: Board Name | G1: Roll | H1: Reg No
A2: ='Student Basic Info'!A2 -> 501 | B2: Bamni High School | C2: Commerce | D2: 2022-23 | E2: 5 | F2: Cumilla | H2: 2111897195
A3: ='Student Basic Info'!A3 -> 502 | B3: Bamni High School | C3: Commerce | D3: 2022-24 | E3: 5 | F3: Cumilla | H3: 2111897230
A4: ='Student Basic Info'!A4 -> 503 | B4: Bamni High School | C4: Commerce | D4: 2022-25 | E4: 5 | F4: Cumilla | H4: 2111896557
A5: ='Student Basic Info'!A5 -> 504 | B5: Bamni High School | C5: Commerce | D5: 2022-26 | E5: 5 | F5: Cumilla | H5: 2011600400
A6: ='Student Basic Info'!A6 -> 505 | B6: Bamni High School | C6: Commerce | D6: 2022-27 | E6: 5 | F6: Cumilla | H6: 2111896454
A7: ='Student Basic Info'!A7 -> 506 | B7: Bamni High School | C7: Commerce | D7: 2022-28 | E7: 5 | F7: Cumilla | H7: 2111897040
A8: ='Student Basic Info'!A8 -> 507 | B8: Bamni High School | C8: Commerce | D8: 2022-29 | E8: 5 | F8: Cumilla | H8: 2111895023
A9: ='Student Basic Info'!A9 -> 508 | B9: Bamni High School | C9: Commerce | D9: 2022-30 | E9: 5 | F9: Cumilla | H9: 2011602371
A10: ='Student Basic Info'!A10 -> 509 | B10: Bamni High School | C10: Commerce | D10: 2022-31 | E10: 5 | F10: Cumilla | H10: 2011600444
A11: ='Student Basic Info'!A11 -> 510 | B11: Bamni High School | C11: Commerce | D11: 2022-32 | E11: 5 | F11: Cumilla | H11: 2111895048
A12: ='Student Basic Info'!A12 -> 511 | B12: Bamni High School | C12: Commerce | D12: 2022-33 | E12: 5 | F12: Cumilla | H12: 2011600142
A13: ='Student Basic Info'!A13 -> 512 | B13: Bamni High School | C13: Commerce | D13: 2022-34 | E13: 5 | F13: Cumilla | H13: 2111897198
... A88: ='Student Basic Info'!A88 -> 587 | B88: Bamni High School | C88: Commerce | D88: 2022-109 | E88: 5 | F88: Cumilla | H88: 2011601550
A89: ='Student Basic Info'!A89 -> 588 | C89: Commerce | H89: 2011601552
A90: ='Student Basic Info'!A90 -> 589 | C90: Commerce | H90: 2011601562
A91: ='Student Basic Info'!A91 -> 590 | C91: Commerce | H91: 2111897242
A92: ='Student Basic Info'!A92 -> 591 | C92: Commerce | H92: 2011599834
A93: ='Student Basic Info'!A93 -> 592 | C93: Commerce | H93: 2111897172
A94: ='Student Basic Info'!A94 -> 593 | C94: Commerce | H94: 2111896300
A95: ='Student Basic Info'!A95 -> 594 | C95: Commerce | H95: 2011602370
A96: ='Student Basic Info'!A96 -> 595 | C96: Commerce | H96: 2011600458
A97: ='Student Basic Info'!A97 -> 596 | C97: Commerce | H97: 2111896294
A98: ='Student Basic Info'!A98 -> 597 | C98: Commerce | H98: 2111849077
A99: ='Student Basic Info'!A99 -> 598 | C99: Commerce | H99: 2111897012
A100: ='Student Basic Info'!A100 -> 599 | C100: Commerce | H100: 2011602540
... A130: ='Student Basic Info'!A130 -> 629 | C130: Commerce | H130: 2011602105

Sheet SubjectList
A1: ID | B1: Compulsory1 | C1: Compulsory2 | D1: Compulsory3 | E1: Subject1 | F1: Subject2 | G1: Subject3 | H1: Subject4 | I1: Optioinal
A2: ='Student Basic Info'!A2 -> 501 | B2: Bangla | C2: English | D2: ICT | E2: Accounting | F2: Business Organization | G2: Finance | H2: Production | I2: =H2 -> Production
A3: ='Student Basic Info'!A3 -> 502 | B3: Bangla | C3: English | D3: ICT | E3: Accounting | F3: Business Organization | G3: Finance | H3: Economics | I3: =H3 -> Economics
A4: ='Student Basic Info'!A4 -> 503 | B4: Bangla | C4: English | D4: ICT | E4: Accounting | F4: Business Organization | G4: Production | H4: Economics | I4: =H4 -> Economics
A5: ='Student Basic Info'!A5 -> 504 | B5: Bangla | C5: English | D5: ICT | E5: Accounting | F5: Business Organization | G5: Production | H5: Economics | I5: =H5 -> Economics
A6: ='Student Basic Info'!A6 -> 505 | B6: Bangla | C6: English | D6: ICT | E6: Accounting | F6: Business Organization | G6: Finance | H6: Economics | I6: =H6 -> Economics
A7: ='Student Basic Info'!A7 -> 506 | B7: Bangla | C7: English | D7: ICT | E7: Accounting | F7: Business Organization | G7: Finance | H7: Economics | I7: =H7 -> Economics
A8: ='Student Basic Info'!A8 -> 507 | B8: Bangla | C8: English | D8: ICT | E8: Accounting | F8: Business Organization | G8: Finance | H8: Production | I8: =H8 -> Production
A9: ='Student Basic Info'!A9 -> 508 | B9: Bangla | C9: English | D9: ICT | E9: Accounting | F9: Business Organization | G9: Production | H9: Finance | I9: =H9 -> Finance
A10: ='Student Basic Info'!A10 -> 509 | B10: Bangla | C10: English | D10: ICT | E10: Accounting | F10: Business Organization | G10: Finance | H10: Production | I10: =H10 -> Production
A11: ='Student Basic Info'!A11 -> 510 | B11: Bangla | C11: English | D11: ICT | E11: Accounting | F11: Business Organization | G11: Finance | H11: Production | I11: =H11 -> Production
A12: ='Student Basic Info'!A12 -> 511 | B12: Bangla | C12: English | D12: ICT | E12: Accounting | F12: Business Organization | G12: Production | H12: Finance | I12: =H12 -> Finance
A13: ='Student Basic Info'!A13 -> 512 | B13: Bangla | C13: English | D13: ICT | E13: Accounting | F13: Business Organization | G13: Finance | H13: Production | I13: =H13 -> Production
... A145: ='Student Basic Info'!A145 -> 644 | B145: Bangla | C145: English | D145: ICT | E145: Accounting | F145: Business Organization | G145: Finance | H145: Production | I145: =H145 -> Production

Sheet Bangla
A1: Roll | B1: Marks MCQ | C1: Marks CQ | D1: Total Marks | E1: Result | F1: Grade | G1: GPA
A2: ='Student Basic Info'!A2 -> 501 | D2: =IF(B2+C2=0, "", B2+C2) | E2: =IF(D2="","", IF(C2>=33,"Pass","Fail")) | F2: =(IF(D2="","",IF(E2="Fail","F",IF(D2>=80,"A+",IF(D2>=70,"A",IF(D2>=60,"A-",IF(D2>=50,"B",IF(D2>=40,"C",IF(D2>=33,"D","F"))))))))) | G2: =(IF(D2="","",IF(F2="F",0,IF(D2>=80,5,IF(D2>=70,4,IF(D2>=60,3.5,IF(D2>=50,3,IF(D2>=40,2,IF(D2>=33,1,0)))))))))
A3: ='Student Basic Info'!A3 -> 502 | D3: =IF(B3+C3=0, "", B3+C3) | E3: =IF(D3="","", IF(C3>=33,"Pass","Fail")) | F3: =(IF(D3="","",IF(E3="Fail","F",IF(D3>=80,"A+",IF(D3>=70,"A",IF(D3>=60,"A-",IF(D3>=50,"B",IF(D3>=40,"C",IF(D3>=33,"D","F"))))))))) | G3: =(IF(D3="","",IF(F3="F",0,IF(D3>=80,5,IF(D3>=70,4,IF(D3>=60,3.5,IF(D3>=50,3,IF(D3>=40,2,IF(D3>=33,1,0)))))))))
A4: ='Student Basic Info'!A4 -> 503 | C4: 50 | D4: =IF(B4+C4=0, "", B4+C4) -> 50 | E4: =IF(D4="","", IF(C4>=33,"Pass","Fail")) -> Pass | F4: =(IF(D4="","",IF(E4="Fail","F",IF(D4>=80,"A+",IF(D4>=70,"A",IF(D4>=60,"A-",IF(D4>=50,"B",IF(D4>=40,"C",IF(D4>=33,"D","F"))))))))) -> B | G4: =(IF(D4="","",IF(F4="F",0,IF(D4>=80,5,IF(D4>=70,4,IF(D4>=60,3.5,IF(D4>=50,3,IF(D4>=40,2,IF(D4>=33,1,0))))))))) -> 3
A5: ='Student Basic Info'!A5 -> 504 | C5: 56 | D5: =IF(B5+C5=0, "", B5+C5) -> 56 | E5: =IF(D5="","", IF(C5>=33,"Pass","Fail")) -> Pass | F5: =(IF(D5="","",IF(E5="Fail","F",IF(D5>=80,"A+",IF(D5>=70,"A",IF(D5>=60,"A-",IF(D5>=50,"B",IF(D5>=40,"C",IF(D5>=33,"D","F"))))))))) -> B | G5: =(IF(D5="","",IF(F5="F",0,IF(D5>=80,5,IF(D5>=70,4,IF(D5>=60,3.5,IF(D5>=50,3,IF(D5>=40,2,IF(D5>=33,1,0))))))))) -> 3
A6: ='Student Basic Info'!A6 -> 505 | D6: =IF(B6+C6=0, "", B6+C6) | E6: =IF(D6="","", IF(C6>=33,"Pass","Fail")) | F6: =(IF(D6="","",IF(E6="Fail","F",IF(D6>=80,"A+",IF(D6>=70,"A",IF(D6>=60,"A-",IF(D6>=50,"B",IF(D6>=40,"C",IF(D6>=33,"D","F"))))))))) | G6: =(IF(D6="","",IF(F6="F",0,IF(D6>=80,5,IF(D6>=70,4,IF(D6>=60,3.5,IF(D6>=50,3,IF(D6>=40,2,IF(D6>=33,1,0)))))))))
A7: ='Student Basic Info'!A7 -> 506 | D7: =IF(B7+C7=0, "", B7+C7) | E7: =IF(D7="","", IF(C7>=33,"Pass","Fail")) | F7: =(IF(D7="","",IF(E7="Fail","F",IF(D7>=80,"A+",IF(D7>=70,"A",IF(D7>=60,"A-",IF(D7>=50,"B",IF(D7>=40,"C",IF(D7>=33,"D","F"))))))))) | G7: =(IF(D7="","",IF(F7="F",0,IF(D7>=80,5,IF(D7>=70,4,IF(D7>=60,3.5,IF(D7>=50,3,IF(D7>=40,2,IF(D7>=33,1,0)))))))))
A8: ='Student Basic Info'!A8 -> 507 | C8: 60 | D8: =IF(B8+C8=0, "", B8+C8) -> 60 | E8: =IF(D8="","", IF(C8>=33,"Pass","Fail")) -> Pass | F8: =(IF(D8="","",IF(E8="Fail","F",IF(D8>=80,"A+",IF(D8>=70,"A",IF(D8>=60,"A-",IF(D8>=50,"B",IF(D8>=40,"C",IF(D8>=33,"D","F"))))))))) -> A- | G8: =(IF(D8="","",IF(F8="F",0,IF(D8>=80,5,IF(D8>=70,4,IF(D8>=60,3.5,IF(D8>=50,3,IF(D8>=40,2,IF(D8>=33,1,0))))))))) -> 3.5
A9: ='Student Basic Info'!A9 -> 508 | C9: 50 | D9: =IF(B9+C9=0, "", B9+C9) -> 50 | E9: =IF(D9="","", IF(C9>=33,"Pass","Fail")) -> Pass | F9: =(IF(D9="","",IF(E9="Fail","F",IF(D9>=80,"A+",IF(D9>=70,"A",IF(D9>=60,"A-",IF(D9>=50,"B",IF(D9>=40,"C",IF(D9>=33,"D","F"))))))))) -> B | G9: =(IF(D9="","",IF(F9="F",0,IF(D9>=80,5,IF(D9>=70,4,IF(D9>=60,3.5,IF(D9>=50,3,IF(D9>=40,2,IF(D9>=33,1,0))))))))) -> 3
A10: ='Student Basic Info'!A10 -> 509 | C10: 33 | D10: =IF(B10+C10=0, "", B10+C10) -> 33 | E10: =IF(D10="","", IF(C10>=33,"Pass","Fail")) -> Pass | F10: =(IF(D10="","",IF(E10="Fail","F",IF(D10>=80,"A+",IF(D10>=70,"A",IF(D10>=60,"A-",IF(D10>=50,"B",IF(D10>=40,"C",IF(D10>=33,"D","F"))))))))) -> D | G10: =(IF(D10="","",IF(F10="F",0,IF(D10>=80,5,IF(D10>=70,4,IF(D10>=60,3.5,IF(D10>=50,3,IF(D10>=40,2,IF(D10>=33,1,0))))))))) -> 1
A11: ='Student Basic Info'!A11 -> 510 | D11: =IF(B11+C11=0, "", B11+C11) | E11: =IF(D11="","", IF(C11>=33,"Pass","Fail")) | F11: =(IF(D11="","",IF(E11="Fail","F",IF(D11>=80,"A+",IF(D11>=70,"A",IF(D11>=60,"A-",IF(D11>=50,"B",IF(D11>=40,"C",IF(D11>=33,"D","F"))))))))) | G11: =(IF(D11="","",IF(F11="F",0,IF(D11>=80,5,IF(D11>=70,4,IF(D11>=60,3.5,IF(D11>=50,3,IF(D11>=40,2,IF(D11>=33,1,0)))))))))
A12: ='Student Basic Info'!A12 -> 511 | C12: 41 | D12: =IF(B12+C12=0, "", B12+C12) -> 41 | E12: =IF(D12="","", IF(C12>=33,"Pass","Fail")) -> Pass | F12: =(IF(D12="","",IF(E12="Fail","F",IF(D12>=80,"A+",IF(D12>=70,"A",IF(D12>=60,"A-",IF(D12>=50,"B",IF(D12>=40,"C",IF(D12>=33,"D","F"))))))))) -> C | G12: =(IF(D12="","",IF(F12="F",0,IF(D12>=80,5,IF(D12>=70,4,IF(D12>=60,3.5,IF(D12>=50,3,IF(D12>=40,2,IF(D12>=33,1,0))))))))) -> 2
A13: ='Student Basic Info'!A13 -> 512 | C13: 34 | D13: =IF(B13+C13=0, "", B13+C13) -> 34 | E13: =IF(D13="","", IF(C13>=33,"Pass","Fail")) -> Pass | F13: =(IF(D13="","",IF(E13="Fail","F",IF(D13>=80,"A+",IF(D13>=70,"A",IF(D13>=60,"A-",IF(D13>=50,"B",IF(D13>=40,"C",IF(D13>=33,"D","F"))))))))) -> D | G13: =(IF(D13="","",IF(F13="F",0,IF(D13>=80,5,IF(D13>=70,4,IF(D13>=60,3.5,IF(D13>=50,3,IF(D13>=40,2,IF(D13>=33,1,0))))))))) -> 1
A14: ='Student Basic Info'!A14 -> 513 | C14: 36 | D14: =IF(B14+C14=0, "", B14+C14) -> 36 | E14: =IF(D14="","", IF(C14>=33,"Pass","Fail")) -> Pass | F14: =(IF(D14="","",IF(E14="Fail","F",IF(D14>=80,"A+",IF(D14>=70,"A",IF(D14>=60,"A-",IF(D14>=50,"B",IF(D14>=40,"C",IF(D14>=33,"D","F"))))))))) -> D | G14: =(IF(D14="","",IF(F14="F",0,IF(D14>=80,5,IF(D14>=70,4,IF(D14>=60,3.5,IF(D14>=50,3,IF(D14>=40,2,IF(D14>=33,1,0))))))))) -> 1
A15: ='Student Basic Info'!A15 -> 514 | D15: =IF(B15+C15=0, "", B15+C15) | E15: =IF(D15="","", IF(C15>=33,"Pass","Fail")) | F15: =(IF(D15="","",IF(E15="Fail","F",IF(D15>=80,"A+",IF(D15>=70,"A",IF(D15>=60,"A-",IF(D15>=50,"B",IF(D15>=40,"C",IF(D15>=33,"D","F"))))))))) | G15: =(IF(D15="","",IF(F15="F",0,IF(D15>=80,5,IF(D15>=70,4,IF(D15>=60,3.5,IF(D15>=50,3,IF(D15>=40,2,IF(D15>=33,1,0)))))))))
A16: ='Student Basic Info'!A16 -> 515 | C16: 60 | D16: =IF(B16+C16=0, "", B16+C16) -> 60 | E16: =IF(D16="","", IF(C16>=33,"Pass","Fail")) -> Pass | F16: =(IF(D16="","",IF(E16="Fail","F",IF(D16>=80,"A+",IF(D16>=70,"A",IF(D16>=60,"A-",IF(D16>=50,"B",IF(D16>=40,"C",IF(D16>=33,"D","F"))))))))) -> A- | G16: =(IF(D16="","",IF(F16="F",0,IF(D16>=80,5,IF(D16>=70,4,IF(D16>=60,3.5,IF(D16>=50,3,IF(D16>=40,2,IF(D16>=33,1,0))))))))) -> 3.5
A17: ='Student Basic Info'!A17 -> 516 | C17: 66 | D17: =IF(B17+C17=0, "", B17+C17) -> 66 | E17: =IF(D17="","", IF(C17>=33,"Pass","Fail")) -> Pass | F17: =(IF(D17="","",IF(E17="Fail","F",IF(D17>=80,"A+",IF(D17>=70,"A",IF(D17>=60,"A-",IF(D17>=50,"B",IF(D17>=40,"C",IF(D17>=33,"D","F"))))))))) -> A- | G17: =(IF(D17="","",IF(F17="F",0,IF(D17>=80,5,IF(D17>=70,4,IF(D17>=60,3.5,IF(D17>=50,3,IF(D17>=40,2,IF(D17>=33,1,0))))))))) -> 3.5
A18: ='Student Basic Info'!A18 -> 517 | D18: =IF(B18+C18=0, "", B18+C18) | E18: =IF(D18="","", IF(C18>=33,"Pass","Fail")) | F18: =(IF(D18="","",IF(E18="Fail","F",IF(D18>=80,"A+",IF(D18>=70,"A",IF(D18>=60,"A-",IF(D18>=50,"B",IF(D18>=40,"C",IF(D18>=33,"D","F"))))))))) | G18: =(IF(D18="","",IF(F18="F",0,IF(D18>=80,5,IF(D18>=70,4,IF(D18>=60,3.5,IF(D18>=50,3,IF(D18>=40,2,IF(D18>=33,1,0)))))))))
A19: ='Student Basic Info'!A19 -> 518 | D19: =IF(B19+C19=0, "", B19+C19) | E19: =IF(D19="","", IF(C19>=33,"Pass","Fail")) | F19: =(IF(D19="","",IF(E19="Fail","F",IF(D19>=80,"A+",IF(D19>=70,"A",IF(D19>=60,"A-",IF(D19>=50,"B",IF(D19>=40,"C",IF(D19>=33,"D","F"))))))))) | G19: =(IF(D19="","",IF(F19="F",0,IF(D19>=80,5,IF(D19>=70,4,IF(D19>=60,3.5,IF(D19>=50,3,IF(D19>=40,2,IF(D19>=33,1,0)))))))))
A20: ='Student Basic Info'!A20 -> 519 | C20: 37 | D20: =IF(B20+C20=0, "", B20+C20) -> 37 | E20: =IF(D20="","", IF(C20>=33,"Pass","Fail")) -> Pass | F20: =(IF(D20="","",IF(E20="Fail","F",IF(D20>=80,"A+",IF(D20>=70,"A",IF(D20>=60,"A-",IF(D20>=50,"B",IF(D20>=40,"C",IF(D20>=33,"D","F"))))))))) -> D | G20: =(IF(D20="","",IF(F20="F",0,IF(D20>=80,5,IF(D20>=70,4,IF(D20>=60,3.5,IF(D20>=50,3,IF(D20>=40,2,IF(D20>=33,1,0))))))))) -> 1
A21: ='Student Basic Info'!A21 -> 520 | C21: 25 | D21: =IF(B21+C21=0, "", B21+C21) -> 25 | E21: =IF(D21="","", IF(C21>=33,"Pass","Fail")) -> Fail | F21: =(IF(D21="","",IF(E21="Fail","F",IF(D21>=80,"A+",IF(D21>=70,"A",IF(D21>=60,"A-",IF(D21>=50,"B",IF(D21>=40,"C",IF(D21>=33,"D","F"))))))))) -> F | G21: =(IF(D21="","",IF(F21="F",0,IF(D21>=80,5,IF(D21>=70,4,IF(D21>=60,3.5,IF(D21>=50,3,IF(D21>=40,2,IF(D21>=33,1,0))))))))) -> 0
A22: ='Student Basic Info'!A22 -> 521 | D22: =IF(B22+C22=0, "", B22+C22) | E22: =IF(D22="","", IF(C22>=33,"Pass","Fail")) | F22: =(IF(D22="","",IF(E22="Fail","F",IF(D22>=80,"A+",IF(D22>=70,"A",IF(D22>=60,"A-",IF(D22>=50,"B",IF(D22>=40,"C",IF(D22>=33,"D","F"))))))))) | G22: =(IF(D22="","",IF(F22="F",0,IF(D22>=80,5,IF(D22>=70,4,IF(D22>=60,3.5,IF(D22>=50,3,IF(D22>=40,2,IF(D22>=33,1,0)))))))))
A23: ='Student Basic Info'!A23 -> 522 | C23: 64 | D23: =IF(B23+C23=0, "", B23+C23) -> 64 | E23: =IF(D23="","", IF(C23>=33,"Pass","Fail")) -> Pass | F23: =(IF(D23="","",IF(E23="Fail","F",IF(D23>=80,"A+",IF(D23>=70,"A",IF(D23>=60,"A-",IF(D23>=50,"B",IF(D23>=40,"C",IF(D23>=33,"D","F"))))))))) -> A- | G23: =(IF(D23="","",IF(F23="F",0,IF(D23>=80,5,IF(D23>=70,4,IF(D23>=60,3.5,IF(D23>=50,3,IF(D23>=40,2,IF(D23>=33,1,0))))))))) -> 3.5
A24: ='Student Basic Info'!A24 -> 523 | C24: 43 | D24: =IF(B24+C24=0, "", B24+C24) -> 43 | E24: =IF(D24="","", IF(C24>=33,"Pass","Fail")) -> Pass | F24: =(IF(D24="","",IF(E24="Fail","F",IF(D24>=80,"A+",IF(D24>=70,"A",IF(D24>=60,"A-",IF(D24>=50,"B",IF(D24>=40,"C",IF(D24>=33,"D","F"))))))))) -> C | G24: =(IF(D24="","",IF(F24="F",0,IF(D24>=80,5,IF(D24>=70,4,IF(D24>=60,3.5,IF(D24>=50,3,IF(D24>=40,2,IF(D24>=33,1,0))))))))) -> 2
A25: ='Student Basic Info'!A25 -> 524 | C25: 60 | D25: =IF(B25+C25=0, "", B25+C25) -> 60 | E25: =IF(D25="","", IF(C25>=33,"Pass","Fail")) -> Pass | F25: =(IF(D25="","",IF(E25="Fail","F",IF(D25>=80,"A+",IF(D25>=70,"A",IF(D25>=60,"A-",IF(D25>=50,"B",IF(D25>=40,"C",IF(D25>=33,"D","F"))))))))) -> A- | G25: =(IF(D25="","",IF(F25="F",0,IF(D25>=80,5,IF(D25>=70,4,IF(D25>=60,3.5,IF(D25>=50,3,IF(D25>=40,2,IF(D25>=33,1,0))))))))) -> 3.5
A26: ='Student Basic Info'!A26 -> 525 | D26: =IF(B26+C26=0, "", B26+C26) | E26: =IF(D26="","", IF(C26>=33,"Pass","Fail")) | F26: =(IF(D26="","",IF(E26="Fail","F",IF(D26>=80,"A+",IF(D26>=70,"A",IF(D26>=60,"A-",IF(D26>=50,"B",IF(D26>=40,"C",IF(D26>=33,"D","F"))))))))) | G26: =(IF(D26="","",IF(F26="F",0,IF(D26>=80,5,IF(D26>=70,4,IF(D26>=60,3.5,IF(D26>=50,3,IF(D26>=40,2,IF(D26>=33,1,0)))))))))
A27: ='Student Basic Info'!A27 -> 526 | C27: 57 | D27: =IF(B27+C27=0, "", B27+C27) -> 57 | E27: =IF(D27="","", IF(C27>=33,"Pass","Fail")) -> Pass | F27: =(IF(D27="","",IF(E27="Fail","F",IF(D27>=80,"A+",IF(D27>=70,"A",IF(D27>=60,"A-",IF(D27>=50,"B",IF(D27>=40,"C",IF(D27>=33,"D","F"))))))))) -> B | G27: =(IF(D27="","",IF(F27="F",0,IF(D27>=80,5,IF(D27>=70,4,IF(D27>=60,3.5,IF(D27>=50,3,IF(D27>=40,2,IF(D27>=33,1,0))))))))) -> 3
A28: ='Student Basic Info'!A28 -> 527 | D28: =IF(B28+C28=0, "", B28+C28) | E28: =IF(D28="","", IF(C28>=33,"Pass","Fail")) | F28: =(IF(D28="","",IF(E28="Fail","F",IF(D28>=80,"A+",IF(D28>=70,"A",IF(D28>=60,"A-",IF(D28>=50,"B",IF(D28>=40,"C",IF(D28>=33,"D","F"))))))))) | G28: =(IF(D28="","",IF(F28="F",0,IF(D28>=80,5,IF(D28>=70,4,IF(D28>=60,3.5,IF(D28>=50,3,IF(D28>=40,2,IF(D28>=33,1,0)))))))))
A29: ='Student Basic Info'!A29 -> 528 | C29: 60 | D29: =IF(B29+C29=0, "", B29+C29) -> 60 | E29: =IF(D29="","", IF(C29>=33,"Pass","Fail")) -> Pass | F29: =(IF(D29="","",IF(E29="Fail","F",IF(D29>=80,"A+",IF(D29>=70,"A",IF(D29>=60,"A-",IF(D29>=50,"B",IF(D29>=40,"C",IF(D29>=33,"D","F"))))))))) -> A- | G29: =(IF(D29="","",IF(F29="F",0,IF(D29>=80,5,IF(D29>=70,4,IF(D29>=60,3.5,IF(D29>=50,3,IF(D29>=40,2,IF(D29>=33,1,0))))))))) -> 3.5
A30: ='Student Basic Info'!A30 -> 529 | C30: 25 | D30: =IF(B30+C30=0, "", B30+C30) -> 25 | E30: =IF(D30="","", IF(C30>=33,"Pass","Fail")) -> Fail | F30: =(IF(D30="","",IF(E30="Fail","F",IF(D30>=80,"A+",IF(D30>=70,"A",IF(D30>=60,"A-",IF(D30>=50,"B",IF(D30>=40,"C",IF(D30>=33,"D","F"))))))))) -> F | G30: =(IF(D30="","",IF(F30="F",0,IF(D30>=80,5,IF(D30>=70,4,IF(D30>=60,3.5,IF(D30>=50,3,IF(D30>=40,2,IF(D30>=33,1,0))))))))) -> 0
A31: ='Student Basic Info'!A31 -> 530 | D31: =IF(B31+C31=0, "", B31+C31) | E31: =IF(D31="","", IF(C31>=33,"Pass","Fail")) | F31: =(IF(D31="","",IF(E31="Fail","F",IF(D31>=80,"A+",IF(D31>=70,"A",IF(D31>=60,"A-",IF(D31>=50,"B",IF(D31>=40,"C",IF(D31>=33,"D","F"))))))))) | G31: =(IF(D31="","",IF(F31="F",0,IF(D31>=80,5,IF(D31>=70,4,IF(D31>=60,3.5,IF(D31>=50,3,IF(D31>=40,2,IF(D31>=33,1,0)))))))))
A32: ='Student Basic Info'!A32 -> 531 | C32: 33 | D32: =IF(B32+C32=0, "", B32+C32) -> 33 | E32: =IF(D32="","", IF(C32>=33,"Pass","Fail")) -> Pass | F32: =(IF(D32="","",IF(E32="Fail","F",IF(D32>=80,"A+",IF(D32>=70,"A",IF(D32>=60,"A-",IF(D32>=50,"B",IF(D32>=40,"C",IF(D32>=33,"D","F"))))))))) -> D | G32: =(IF(D32="","",IF(F32="F",0,IF(D32>=80,5,IF(D32>=70,4,IF(D32>=60,3.5,IF(D32>=50,3,IF(D32>=40,2,IF(D32>=33,1,0))))))))) -> 1
A33: ='Student Basic Info'!A33 -> 532 | D33: =IF(B33+C33=0, "", B33+C33) | E33: =IF(D33="","", IF(C33>=33,"Pass","Fail")) | F33: =(IF(D33="","",IF(E33="Fail","F",IF(D33>=80,"A+",IF(D33>=70,"A",IF(D33>=60,"A-",IF(D33>=50,"B",IF(D33>=40,"C",IF(D33>=33,"D","F"))))))))) | G33: =(IF(D33="","",IF(F33="F",0,IF(D33>=80,5,IF(D33>=70,4,IF(D33>=60,3.5,IF(D33>=50,3,IF(D33>=40,2,IF(D33>=33,1,0)))))))))
A34: ='Student Basic Info'!A34 -> 533 | D34: =IF(B34+C34=0, "", B34+C34) | E34: =IF(D34="","", IF(C34>=33,"Pass","Fail")) | F34: =(IF(D34="","",IF(E34="Fail","F",IF(D34>=80,"A+",IF(D34>=70,"A",IF(D34>=60,"A-",IF(D34>=50,"B",IF(D34>=40,"C",IF(D34>=33,"D","F"))))))))) | G34: =(IF(D34="","",IF(F34="F",0,IF(D34>=80,5,IF(D34>=70,4,IF(D34>=60,3.5,IF(D34>=50,3,IF(D34>=40,2,IF(D34>=33,1,0)))))))))
A35: ='Student Basic Info'!A35 -> 534 | D35: =IF(B35+C35=0, "", B35+C35) | E35: =IF(D35="","", IF(C35>=33,"Pass","Fail")) | F35: =(IF(D35="","",IF(E35="Fail","F",IF(D35>=80,"A+",IF(D35>=70,"A",IF(D35>=60,"A-",IF(D35>=50,"B",IF(D35>=40,"C",IF(D35>=33,"D","F"))))))))) | G35: =(IF(D35="","",IF(F35="F",0,IF(D35>=80,5,IF(D35>=70,4,IF(D35>=60,3.5,IF(D35>=50,3,IF(D35>=40,2,IF(D35>=33,1,0)))))))))
A36: ='Student Basic Info'!A36 -> 535 | D36: =IF(B36+C36=0, "", B36+C36) | E36: =IF(D36="","", IF(C36>=33,"Pass","Fail")) | F36: =(IF(D36="","",IF(E36="Fail","F",IF(D36>=80,"A+",IF(D36>=70,"A",IF(D36>=60,"A-",IF(D36>=50,"B",IF(D36>=40,"C",IF(D36>=33,"D","F"))))))))) | G36: =(IF(D36="","",IF(F36="F",0,IF(D36>=80,5,IF(D36>=70,4,IF(D36>=60,3.5,IF(D36>=50,3,IF(D36>=40,2,IF(D36>=33,1,0)))))))))
A37: ='Student Basic Info'!A37 -> 536 | C37: 25 | D37: =IF(B37+C37=0, "", B37+C37) -> 25 | E37: =IF(D37="","", IF(C37>=33,"Pass","Fail")) -> Fail | F37: =(IF(D37="","",IF(E37="Fail","F",IF(D37>=80,"A+",IF(D37>=70,"A",IF(D37>=60,"A-",IF(D37>=50,"B",IF(D37>=40,"C",IF(D37>=33,"D","F"))))))))) -> F | G37: =(IF(D37="","",IF(F37="F",0,IF(D37>=80,5,IF(D37>=70,4,IF(D37>=60,3.5,IF(D37>=50,3,IF(D37>=40,2,IF(D37>=33,1,0))))))))) -> 0
A38: ='Student Basic Info'!A38 -> 537 | C38: 22 | D38: =IF(B38+C38=0, "", B38+C38) -> 22 | E38: =IF(D38="","", IF(C38>=33,"Pass","Fail")) -> Fail | F38: =(IF(D38="","",IF(E38="Fail","F",IF(D38>=80,"A+",IF(D38>=70,"A",IF(D38>=60,"A-",IF(D38>=50,"B",IF(D38>=40,"C",IF(D38>=33,"D","F"))))))))) -> F | G38: =(IF(D38="","",IF(F38="F",0,IF(D38>=80,5,IF(D38>=70,4,IF(D38>=60,3.5,IF(D38>=50,3,IF(D38>=40,2,IF(D38>=33,1,0))))))))) -> 0
A39: ='Student Basic Info'!A39 -> 538 | C39: 33 | D39: =IF(B39+C39=0, "", B39+C39) -> 33 | E39: =IF(D39="","", IF(C39>=33,"Pass","Fail")) -> Pass | F39: =(IF(D39="","",IF(E39="Fail","F",IF(D39>=80,"A+",IF(D39>=70,"A",IF(D39>=60,"A-",IF(D39>=50,"B",IF(D39>=40,"C",IF(D39>=33,"D","F"))))))))) -> D | G39: =(IF(D39="","",IF(F39="F",0,IF(D39>=80,5,IF(D39>=70,4,IF(D39>=60,3.5,IF(D39>=50,3,IF(D39>=40,2,IF(D39>=33,1,0))))))))) -> 1
A40: ='Student Basic Info'!A40 -> 539 | C40: 21 | D40: =IF(B40+C40=0, "", B40+C40) -> 21 | E40: =IF(D40="","", IF(C40>=33,"Pass","Fail")) -> Fail | F40: =(IF(D40="","",IF(E40="Fail","F",IF(D40>=80,"A+",IF(D40>=70,"A",IF(D40>=60,"A-",IF(D40>=50,"B",IF(D40>=40,"C",IF(D40>=33,"D","F"))))))))) -> F | G40: =(IF(D40="","",IF(F40="F",0,IF(D40>=80,5,IF(D40>=70,4,IF(D40>=60,3.5,IF(D40>=50,3,IF(D40>=40,2,IF(D40>=33,1,0))))))))) -> 0
A41: ='Student Basic Info'!A41 -> 540 | C41: 33 | D41: =IF(B41+C41=0, "", B41+C41) -> 33 | E41: =IF(D41="","", IF(C41>=33,"Pass","Fail")) -> Pass | F41: =(IF(D41="","",IF(E41="Fail","F",IF(D41>=80,"A+",IF(D41>=70,"A",IF(D41>=60,"A-",IF(D41>=50,"B",IF(D41>=40,"C",IF(D41>=33,"D","F"))))))))) -> D | G41: =(IF(D41="","",IF(F41="F",0,IF(D41>=80,5,IF(D41>=70,4,IF(D41>=60,3.5,IF(D41>=50,3,IF(D41>=40,2,IF(D41>=33,1,0))))))))) -> 1
A42: ='Student Basic Info'!A42 -> 541 | C42: 50 | D42: =IF(B42+C42=0, "", B42+C42) -> 50 | E42: =IF(D42="","", IF(C42>=33,"Pass","Fail")) -> Pass | F42: =(IF(D42="","",IF(E42="Fail","F",IF(D42>=80,"A+",IF(D42>=70,"A",IF(D42>=60,"A-",IF(D42>=50,"B",IF(D42>=40,"C",IF(D42>=33,"D","F"))))))))) -> B | G42: =(IF(D42="","",IF(F42="F",0,IF(D42>=80,5,IF(D42>=70,4,IF(D42>=60,3.5,IF(D42>=50,3,IF(D42>=40,2,IF(D42>=33,1,0))))))))) -> 3
A43: ='Student Basic Info'!A43 -> 542 | C43: 33 | D43: =IF(B43+C43=0, "", B43+C43) -> 33 | E43: =IF(D43="","", IF(C43>=33,"Pass","Fail")) -> Pass | F43: =(IF(D43="","",IF(E43="Fail","F",IF(D43>=80,"A+",IF(D43>=70,"A",IF(D43>=60,"A-",IF(D43>=50,"B",IF(D43>=40,"C",IF(D43>=33,"D","F"))))))))) -> D | G43: =(IF(D43="","",IF(F43="F",0,IF(D43>=80,5,IF(D43>=70,4,IF(D43>=60,3.5,IF(D43>=50,3,IF(D43>=40,2,IF(D43>=33,1,0))))))))) -> 1
A44: ='Student Basic Info'!A44 -> 543 | C44: 33 | D44: =IF(B44+C44=0, "", B44+C44) -> 33 | E44: =IF(D44="","", IF(C44>=33,"Pass","Fail")) -> Pass | F44: =(IF(D44="","",IF(E44="Fail","F",IF(D44>=80,"A+",IF(D44>=70,"A",IF(D44>=60,"A-",IF(D44>=50,"B",IF(D44>=40,"C",IF(D44>=33,"D","F"))))))))) -> D | G44: =(IF(D44="","",IF(F44="F",0,IF(D44>=80,5,IF(D44>=70,4,IF(D44>=60,3.5,IF(D44>=50,3,IF(D44>=40,2,IF(D44>=33,1,0))))))))) -> 1
A45: ='Student Basic Info'!A45 -> 544 | C45: 40 | D45: =IF(B45+C45=0, "", B45+C45) -> 40 | E45: =IF(D45="","", IF(C45>=33,"Pass","Fail")) -> Pass | F45: =(IF(D45="","",IF(E45="Fail","F",IF(D45>=80,"A+",IF(D45>=70,"A",IF(D45>=60,"A-",IF(D45>=50,"B",IF(D45>=40,"C",IF(D45>=33,"D","F"))))))))) -> C | G45: =(IF(D45="","",IF(F45="F",0,IF(D45>=80,5,IF(D45>=70,4,IF(D45>=60,3.5,IF(D45>=50,3,IF(D45>=40,2,IF(D45>=33,1,0))))))))) -> 2
A46: ='Student Basic Info'!A46 -> 545 | D46: =IF(B46+C46=0, "", B46+C46) | E46: =IF(D46="","", IF(C46>=33,"Pass","Fail")) | F46: =(IF(D46="","",IF(E46="Fail","F",IF(D46>=80,"A+",IF(D46>=70,"A",IF(D46>=60,"A-",IF(D46>=50,"B",IF(D46>=40,"C",IF(D46>=33,"D","F"))))))))) | G46: =(IF(D46="","",IF(F46="F",0,IF(D46>=80,5,IF(D46>=70,4,IF(D46>=60,3.5,IF(D46>=50,3,IF(D46>=40,2,IF(D46>=33,1,0)))))))))
A47: ='Student Basic Info'!A47 -> 546 | C47: 40 | D47: =IF(B47+C47=0, "", B47+C47) -> 40 | E47: =IF(D47="","", IF(C47>=33,"Pass","Fail")) -> Pass | F47: =(IF(D47="","",IF(E47="Fail","F",IF(D47>=80,"A+",IF(D47>=70,"A",IF(D47>=60,"A-",IF(D47>=50,"B",IF(D47>=40,"C",IF(D47>=33,"D","F"))))))))) -> C | G47: =(IF(D47="","",IF(F47="F",0,IF(D47>=80,5,IF(D47>=70,4,IF(D47>=60,3.5,IF(D47>=50,3,IF(D47>=40,2,IF(D47>=33,1,0))))))))) -> 2
A48: ='Student Basic Info'!A48 -> 547 | D48: =IF(B48+C48=0, "", B48+C48) | E48: =IF(D48="","", IF(C48>=33,"Pass","Fail")) | F48: =(IF(D48="","",IF(E48="Fail","F",IF(D48>=80,"A+",IF(D48>=70,"A",IF(D48>=60,"A-",IF(D48>=50,"B",IF(D48>=40,"C",IF(D48>=33,"D","F"))))))))) | G48: =(IF(D48="","",IF(F48="F",0,IF(D48>=80,5,IF(D48>=70,4,IF(D48>=60,3.5,IF(D48>=50,3,IF(D48>=40,2,IF(D48>=33,1,0)))))))))
A49: ='Student Basic Info'!A49 -> 548 | D49: =IF(B49+C49=0, "", B49+C49) | E49: =IF(D49="","", IF(C49>=33,"Pass","Fail")) | F49: =(IF(D49="","",IF(E49="Fail","F",IF(D49>=80,"A+",IF(D49>=70,"A",IF(D49>=60,"A-",IF(D49>=50,"B",IF(D49>=40,"C",IF(D49>=33,"D","F"))))))))) | G49: =(IF(D49="","",IF(F49="F",0,IF(D49>=80,5,IF(D49>=70,4,IF(D49>=60,3.5,IF(D49>=50,3,IF(D49>=40,2,IF(D49>=33,1,0)))))))))
A50: ='Student Basic Info'!A50 -> 549 | C50: 33 | D50: =IF(B50+C50=0, "", B50+C50) -> 33 | E50: =IF(D50="","", IF(C50>=33,"Pass","Fail")) -> Pass | F50: =(IF(D50="","",IF(E50="Fail","F",IF(D50>=80,"A+",IF(D50>=70,"A",IF(D50>=60,"A-",IF(D50>=50,"B",IF(D50>=40,"C",IF(D50>=33,"D","F"))))))))) -> D | G50: =(IF(D50="","",IF(F50="F",0,IF(D50>=80,5,IF(D50>=70,4,IF(D50>=60,3.5,IF(D50>=50,3,IF(D50>=40,2,IF(D50>=33,1,0))))))))) -> 1
A51: ='Student Basic Info'!A51 -> 550 | D51: =IF(B51+C51=0, "", B51+C51) | E51: =IF(D51="","", IF(C51>=33,"Pass","Fail")) | F51: =(IF(D51="","",IF(E51="Fail","F",IF(D51>=80,"A+",IF(D51>=70,"A",IF(D51>=60,"A-",IF(D51>=50,"B",IF(D51>=40,"C",IF(D51>=33,"D","F"))))))))) | G51: =(IF(D51="","",IF(F51="F",0,IF(D51>=80,5,IF(D51>=70,4,IF(D51>=60,3.5,IF(D51>=50,3,IF(D51>=40,2,IF(D51>=33,1,0)))))))))
A52: ='Student Basic Info'!A52 -> 551 | D52: =IF(B52+C52=0, "", B52+C52) | E52: =IF(D52="","", IF(C52>=33,"Pass","Fail")) | F52: =(IF(D52="","",IF(E52="Fail","F",IF(D52>=80,"A+",IF(D52>=70,"A",IF(D52>=60,"A-",IF(D52>=50,"B",IF(D52>=40,"C",IF(D52>=33,"D","F"))))))))) | G52: =(IF(D52="","",IF(F52="F",0,IF(D52>=80,5,IF(D52>=70,4,IF(D52>=60,3.5,IF(D52>=50,3,IF(D52>=40,2,IF(D52>=33,1,0)))))))))
A53: ='Student Basic Info'!A53 -> 552 | C53: 33 | D53: =IF(B53+C53=0, "", B53+C53) -> 33 | E53: =IF(D53="","", IF(C53>=33,"Pass","Fail")) -> Pass | F53: =(IF(D53="","",IF(E53="Fail","F",IF(D53>=80,"A+",IF(D53>=70,"A",IF(D53>=60,"A-",IF(D53>=50,"B",IF(D53>=40,"C",IF(D53>=33,"D","F"))))))))) -> D | G53: =(IF(D53="","",IF(F53="F",0,IF(D53>=80,5,IF(D53>=70,4,IF(D53>=60,3.5,IF(D53>=50,3,IF(D53>=40,2,IF(D53>=33,1,0))))))))) -> 1
A54: ='Student Basic Info'!A54 -> 553 | D54: =IF(B54+C54=0, "", B54+C54) | E54: =IF(D54="","", IF(C54>=33,"Pass","Fail")) | F54: =(IF(D54="","",IF(E54="Fail","F",IF(D54>=80,"A+",IF(D54>=70,"A",IF(D54>=60,"A-",IF(D54>=50,"B",IF(D54>=40,"C",IF(D54>=33,"D","F"))))))))) | G54: =(IF(D54="","",IF(F54="F",0,IF(D54>=80,5,IF(D54>=70,4,IF(D54>=60,3.5,IF(D54>=50,3,IF(D54>=40,2,IF(D54>=33,1,0)))))))))
A55: ='Student Basic Info'!A55 -> 554 | C55: 33 | D55: =IF(B55+C55=0, "", B55+C55) -> 33 | E55: =IF(D55="","", IF(C55>=33,"Pass","Fail")) -> Pass | F55: =(IF(D55="","",IF(E55="Fail","F",IF(D55>=80,"A+",IF(D55>=70,"A",IF(D55>=60,"A-",IF(D55>=50,"B",IF(D55>=40,"C",IF(D55>=33,"D","F"))))))))) -> D | G55: =(IF(D55="","",IF(F55="F",0,IF(D55>=80,5,IF(D55>=70,4,IF(D55>=60,3.5,IF(D55>=50,3,IF(D55>=40,2,IF(D55>=33,1,0))))))))) -> 1
A56: ='Student Basic Info'!A56 -> 555 | C56: 53 | D56: =IF(B56+C56=0, "", B56+C56) -> 53 | E56: =IF(D56="","", IF(C56>=33,"Pass","Fail")) -> Pass | F56: =(IF(D56="","",IF(E56="Fail","F",IF(D56>=80,"A+",IF(D56>=70,"A",IF(D56>=60,"A-",IF(D56>=50,"B",IF(D56>=40,"C",IF(D56>=33,"D","F"))))))))) -> B | G56: =(IF(D56="","",IF(F56="F",0,IF(D56>=80,5,IF(D56>=70,4,IF(D56>=60,3.5,IF(D56>=50,3,IF(D56>=40,2,IF(D56>=33,1,0))))))))) -> 3
A57: ='Student Basic Info'!A57 -> 556 | C57: 60 | D57: =IF(B57+C57=0, "", B57+C57) -> 60 | E57: =IF(D57="","", IF(C57>=33,"Pass","Fail")) -> Pass | F57: =(IF(D57="","",IF(E57="Fail","F",IF(D57>=80,"A+",IF(D57>=70,"A",IF(D57>=60,"A-",IF(D57>=50,"B",IF(D57>=40,"C",IF(D57>=33,"D","F"))))))))) -> A- | G57: =(IF(D57="","",IF(F57="F",0,IF(D57>=80,5,IF(D57>=70,4,IF(D57>=60,3.5,IF(D57>=50,3,IF(D57>=40,2,IF(D57>=33,1,0))))))))) -> 3.5
A58: ='Student Basic Info'!A58 -> 557 | C58: 50 | D58: =IF(B58+C58=0, "", B58+C58) -> 50 | E58: =IF(D58="","", IF(C58>=33,"Pass","Fail")) -> Pass | F58: =(IF(D58="","",IF(E58="Fail","F",IF(D58>=80,"A+",IF(D58>=70,"A",IF(D58>=60,"A-",IF(D58>=50,"B",IF(D58>=40,"C",IF(D58>=33,"D","F"))))))))) -> B | G58: =(IF(D58="","",IF(F58="F",0,IF(D58>=80,5,IF(D58>=70,4,IF(D58>=60,3.5,IF(D58>=50,3,IF(D58>=40,2,IF(D58>=33,1,0))))))))) -> 3
A59: ='Student Basic Info'!A59 -> 558 | C59: 60 | D59: =IF(B59+C59=0, "", B59+C59) -> 60 | E59: =IF(D59="","", IF(C59>=33,"Pass","Fail")) -> Pass | F59: =(IF(D59="","",IF(E59="Fail","F",IF(D59>=80,"A+",IF(D59>=70,"A",IF(D59>=60,"A-",IF(D59>=50,"B",IF(D59>=40,"C",IF(D59>=33,"D","F"))))))))) -> A- | G59: =(IF(D59="","",IF(F59="F",0,IF(D59>=80,5,IF(D59>=70,4,IF(D59>=60,3.5,IF(D59>=50,3,IF(D59>=40,2,IF(D59>=33,1,0))))))))) -> 3.5
A60: ='Student Basic Info'!A60 -> 559 | C60: 60 | D60: =IF(B60+C60=0, "", B60+C60) -> 60 | E60: =IF(D60="","", IF(C60>=33,"Pass","Fail")) -> Pass | F60: =(IF(D60="","",IF(E60="Fail","F",IF(D60>=80,"A+",IF(D60>=70,"A",IF(D60>=60,"A-",IF(D60>=50,"B",IF(D60>=40,"C",IF(D60>=33,"D","F"))))))))) -> A- | G60: =(IF(D60="","",IF(F60="F",0,IF(D60>=80,5,IF(D60>=70,4,IF(D60>=60,3.5,IF(D60>=50,3,IF(D60>=40,2,IF(D60>=33,1,0))))))))) -> 3.5
A61: ='Student Basic Info'!A61 -> 560 | C61: 60 | D61: =IF(B61+C61=0, "", B61+C61) -> 60 | E61: =IF(D61="","", IF(C61>=33,"Pass","Fail")) -> Pass | F61: =(IF(D61="","",IF(E61="Fail","F",IF(D61>=80,"A+",IF(D61>=70,"A",IF(D61>=60,"A-",IF(D61>=50,"B",IF(D61>=40,"C",IF(D61>=33,"D","F"))))))))) -> A- | G61: =(IF(D61="","",IF(F61="F",0,IF(D61>=80,5,IF(D61>=70,4,IF(D61>=60,3.5,IF(D61>=50,3,IF(D61>=40,2,IF(D61>=33,1,0))))))))) -> 3.5
A62: ='Student Basic Info'!A62 -> 561 | C62: 18 | D62: =IF(B62+C62=0, "", B62+C62) -> 18 | E62: =IF(D62="","", IF(C62>=33,"Pass","Fail")) -> Fail | F62: =(IF(D62="","",IF(E62="Fail","F",IF(D62>=80,"A+",IF(D62>=70,"A",IF(D62>=60,"A-",IF(D62>=50,"B",IF(D62>=40,"C",IF(D62>=33,"D","F"))))))))) -> F | G62: =(IF(D62="","",IF(F62="F",0,IF(D62>=80,5,IF(D62>=70,4,IF(D62>=60,3.5,IF(D62>=50,3,IF(D62>=40,2,IF(D62>=33,1,0))))))))) -> 0
A63: ='Student Basic Info'!A63 -> 562 | D63: =IF(B63+C63=0, "", B63+C63) | E63: =IF(D63="","", IF(C63>=33,"Pass","Fail")) | F63: =(IF(D63="","",IF(E63="Fail","F",IF(D63>=80,"A+",IF(D63>=70,"A",IF(D63>=60,"A-",IF(D63>=50,"B",IF(D63>=40,"C",IF(D63>=33,"D","F"))))))))) | G63: =(IF(D63="","",IF(F63="F",0,IF(D63>=80,5,IF(D63>=70,4,IF(D63>=60,3.5,IF(D63>=50,3,IF(D63>=40,2,IF(D63>=33,1,0)))))))))
A64: ='Student Basic Info'!A64 -> 563 | D64: =IF(B64+C64=0, "", B64+C64) | E64: =IF(D64="","", IF(C64>=33,"Pass","Fail")) | F64: =(IF(D64="","",IF(E64="Fail","F",IF(D64>=80,"A+",IF(D64>=70,"A",IF(D64>=60,"A-",IF(D64>=50,"B",IF(D64>=40,"C",IF(D64>=33,"D","F"))))))))) | G64: =(IF(D64="","",IF(F64="F",0,IF(D64>=80,5,IF(D64>=70,4,IF(D64>=60,3.5,IF(D64>=50,3,IF(D64>=40,2,IF(D64>=33,1,0)))))))))
A65: ='Student Basic Info'!A65 -> 564 | D65: =IF(B65+C65=0, "", B65+C65) | E65: =IF(D65="","", IF(C65>=33,"Pass","Fail")) | F65: =(IF(D65="","",IF(E65="Fail","F",IF(D65>=80,"A+",IF(D65>=70,"A",IF(D65>=60,"A-",IF(D65>=50,"B",IF(D65>=40,"C",IF(D65>=33,"D","F"))))))))) | G65: =(IF(D65="","",IF(F65="F",0,IF(D65>=80,5,IF(D65>=70,4,IF(D65>=60,3.5,IF(D65>=50,3,IF(D65>=40,2,IF(D65>=33,1,0)))))))))
A66: ='Student Basic Info'!A66 -> 565 | C66: 40 | D66: =IF(B66+C66=0, "", B66+C66) -> 40 | E66: =IF(D66="","", IF(C66>=33,"Pass","Fail")) -> Pass | F66: =(IF(D66="","",IF(E66="Fail","F",IF(D66>=80,"A+",IF(D66>=70,"A",IF(D66>=60,"A-",IF(D66>=50,"B",IF(D66>=40,"C",IF(D66>=33,"D","F"))))))))) -> C | G66: =(IF(D66="","",IF(F66="F",0,IF(D66>=80,5,IF(D66>=70,4,IF(D66>=60,3.5,IF(D66>=50,3,IF(D66>=40,2,IF(D66>=33,1,0))))))))) -> 2
A67: ='Student Basic Info'!A67 -> 566 | D67: =IF(B67+C67=0, "", B67+C67) | E67: =IF(D67="","", IF(C67>=33,"Pass","Fail")) | F67: =(IF(D67="","",IF(E67="Fail","F",IF(D67>=80,"A+",IF(D67>=70,"A",IF(D67>=60,"A-",IF(D67>=50,"B",IF(D67>=40,"C",IF(D67>=33,"D","F"))))))))) | G67: =(IF(D67="","",IF(F67="F",0,IF(D67>=80,5,IF(D67>=70,4,IF(D67>=60,3.5,IF(D67>=50,3,IF(D67>=40,2,IF(D67>=33,1,0)))))))))
A68: ='Student Basic Info'!A68 -> 567 | C68: 16 | D68: =IF(B68+C68=0, "", B68+C68) -> 16 | E68: =IF(D68="","", IF(C68>=33,"Pass","Fail")) -> Fail | F68: =(IF(D68="","",IF(E68="Fail","F",IF(D68>=80,"A+",IF(D68>=70,"A",IF(D68>=60,"A-",IF(D68>=50,"B",IF(D68>=40,"C",IF(D68>=33,"D","F"))))))))) -> F | G68: =(IF(D68="","",IF(F68="F",0,IF(D68>=80,5,IF(D68>=70,4,IF(D68>=60,3.5,IF(D68>=50,3,IF(D68>=40,2,IF(D68>=33,1,0))))))))) -> 0
A69: ='Student Basic Info'!A69 -> 568 | C69: 13 | D69: =IF(B69+C69=0, "", B69+C69) -> 13 | E69: =IF(D69="","", IF(C69>=33,"Pass","Fail")) -> Fail | F69: =(IF(D69="","",IF(E69="Fail","F",IF(D69>=80,"A+",IF(D69>=70,"A",IF(D69>=60,"A-",IF(D69>=50,"B",IF(D69>=40,"C",IF(D69>=33,"D","F"))))))))) -> F | G69: =(IF(D69="","",IF(F69="F",0,IF(D69>=80,5,IF(D69>=70,4,IF(D69>=60,3.5,IF(D69>=50,3,IF(D69>=40,2,IF(D69>=33,1,0))))))))) -> 0
A70: ='Student Basic Info'!A70 -> 569 | D70: =IF(B70+C70=0, "", B70+C70) | E70: =IF(D70="","", IF(C70>=33,"Pass","Fail")) | F70: =(IF(D70="","",IF(E70="Fail","F",IF(D70>=80,"A+",IF(D70>=70,"A",IF(D70>=60,"A-",IF(D70>=50,"B",IF(D70>=40,"C",IF(D70>=33,"D","F"))))))))) | G70: =(IF(D70="","",IF(F70="F",0,IF(D70>=80,5,IF(D70>=70,4,IF(D70>=60,3.5,IF(D70>=50,3,IF(D70>=40,2,IF(D70>=33,1,0)))))))))
A71: ='Student Basic Info'!A71 -> 570 | D71: =IF(B71+C71=0, "", B71+C71) | E71: =IF(D71="","", IF(C71>=33,"Pass","Fail")) | F71: =(IF(D71="","",IF(E71="Fail","F",IF(D71>=80,"A+",IF(D71>=70,"A",IF(D71>=60,"A-",IF(D71>=50,"B",IF(D71>=40,"C",IF(D71>=33,"D","F"))))))))) | G71: =(IF(D71="","",IF(F71="F",0,IF(D71>=80,5,IF(D71>=70,4,IF(D71>=60,3.5,IF(D71>=50,3,IF(D71>=40,2,IF(D71>=33,1,0)))))))))
A72: ='Student Basic Info'!A72 -> 571 | D72: =IF(B72+C72=0, "", B72+C72) | E72: =IF(D72="","", IF(C72>=33,"Pass","Fail")) | F72: =(IF(D72="","",IF(E72="Fail","F",IF(D72>=80,"A+",IF(D72>=70,"A",IF(D72>=60,"A-",IF(D72>=50,"B",IF(D72>=40,"C",IF(D72>=33,"D","F"))))))))) | G72: =(IF(D72="","",IF(F72="F",0,IF(D72>=80,5,IF(D72>=70,4,IF(D72>=60,3.5,IF(D72>=50,3,IF(D72>=40,2,IF(D72>=33,1,0)))))))))
A73: ='Student Basic Info'!A73 -> 572 | C73: 19 | D73: =IF(B73+C73=0, "", B73+C73) -> 19 | E73: =IF(D73="","", IF(C73>=33,"Pass","Fail")) -> Fail | F73: =(IF(D73="","",IF(E73="Fail","F",IF(D73>=80,"A+",IF(D73>=70,"A",IF(D73>=60,"A-",IF(D73>=50,"B",IF(D73>=40,"C",IF(D73>=33,"D","F"))))))))) -> F | G73: =(IF(D73="","",IF(F73="F",0,IF(D73>=80,5,IF(D73>=70,4,IF(D73>=60,3.5,IF(D73>=50,3,IF(D73>=40,2,IF(D73>=33,1,0))))))))) -> 0
A74: ='Student Basic Info'!A74 -> 573 | C74: 20 | D74: =IF(B74+C74=0, "", B74+C74) -> 20 | E74: =IF(D74="","", IF(C74>=33,"Pass","Fail")) -> Fail | F74: =(IF(D74="","",IF(E74="Fail","F",IF(D74>=80,"A+",IF(D74>=70,"A",IF(D74>=60,"A-",IF(D74>=50,"B",IF(D74>=40,"C",IF(D74>=33,"D","F"))))))))) -> F | G74: =(IF(D74="","",IF(F74="F",0,IF(D74>=80,5,IF(D74>=70,4,IF(D74>=60,3.5,IF(D74>=50,3,IF(D74>=40,2,IF(D74>=33,1,0))))))))) -> 0
A75: ='Student Basic Info'!A75 -> 574 | D75: =IF(B75+C75=0, "", B75+C75) | E75: =IF(D75="","", IF(C75>=33,"Pass","Fail")) | F75: =(IF(D75="","",IF(E75="Fail","F",IF(D75>=80,"A+",IF(D75>=70,"A",IF(D75>=60,"A-",IF(D75>=50,"B",IF(D75>=40,"C",IF(D75>=33,"D","F"))))))))) | G75: =(IF(D75="","",IF(F75="F",0,IF(D75>=80,5,IF(D75>=70,4,IF(D75>=60,3.5,IF(D75>=50,3,IF(D75>=40,2,IF(D75>=33,1,0)))))))))
A76: ='Student Basic Info'!A76 -> 575 | D76: =IF(B76+C76=0, "", B76+C76) | E76: =IF(D76="","", IF(C76>=33,"Pass","Fail")) | F76: =(IF(D76="","",IF(E76="Fail","F",IF(D76>=80,"A+",IF(D76>=70,"A",IF(D76>=60,"A-",IF(D76>=50,"B",IF(D76>=40,"C",IF(D76>=33,"D","F"))))))))) | G76: =(IF(D76="","",IF(F76="F",0,IF(D76>=80,5,IF(D76>=70,4,IF(D76>=60,3.5,IF(D76>=50,3,IF(D76>=40,2,IF(D76>=33,1,0)))))))))
A77: ='Student Basic Info'!A77 -> 576 | D77: =IF(B77+C77=0, "", B77+C77) | E77: =IF(D77="","", IF(C77>=33,"Pass","Fail")) | F77: =(IF(D77="","",IF(E77="Fail","F",IF(D77>=80,"A+",IF(D77>=70,"A",IF(D77>=60,"A-",IF(D77>=50,"B",IF(D77>=40,"C",IF(D77>=33,"D","F"))))))))) | G77: =(IF(D77="","",IF(F77="F",0,IF(D77>=80,5,IF(D77>=70,4,IF(D77>=60,3.5,IF(D77>=50,3,IF(D77>=40,2,IF(D77>=33,1,0)))))))))
A78: ='Student Basic Info'!A78 -> 577 | C78: 33 | D78: =IF(B78+C78=0, "", B78+C78) -> 33 | E78: =IF(D78="","", IF(C78>=33,"Pass","Fail")) -> Pass | F78: =(IF(D78="","",IF(E78="Fail","F",IF(D78>=80,"A+",IF(D78>=70,"A",IF(D78>=60,"A-",IF(D78>=50,"B",IF(D78>=40,"C",IF(D78>=33,"D","F"))))))))) -> D | G78: =(IF(D78="","",IF(F78="F",0,IF(D78>=80,5,IF(D78>=70,4,IF(D78>=60,3.5,IF(D78>=50,3,IF(D78>=40,2,IF(D78>=33,1,0))))))))) -> 1
A79: ='Student Basic Info'!A79 -> 578 | D79: =IF(B79+C79=0, "", B79+C79) | E79: =IF(D79="","", IF(C79>=33,"Pass","Fail")) | F79: =(IF(D79="","",IF(E79="Fail","F",IF(D79>=80,"A+",IF(D79>=70,"A",IF(D79>=60,"A-",IF(D79>=50,"B",IF(D79>=40,"C",IF(D79>=33,"D","F"))))))))) | G79: =(IF(D79="","",IF(F79="F",0,IF(D79>=80,5,IF(D79>=70,4,IF(D79>=60,3.5,IF(D79>=50,3,IF(D79>=40,2,IF(D79>=33,1,0)))))))))
A80: ='Student Basic Info'!A80 -> 579 | D80: =IF(B80+C80=0, "", B80+C80) | E80: =IF(D80="","", IF(C80>=33,"Pass","Fail")) | F80: =(IF(D80="","",IF(E80="Fail","F",IF(D80>=80,"A+",IF(D80>=70,"A",IF(D80>=60,"A-",IF(D80>=50,"B",IF(D80>=40,"C",IF(D80>=33,"D","F"))))))))) | G80: =(IF(D80="","",IF(F80="F",0,IF(D80>=80,5,IF(D80>=70,4,IF(D80>=60,3.5,IF(D80>=50,3,IF(D80>=40,2,IF(D80>=33,1,0)))))))))
A81: ='Student Basic Info'!A81 -> 580 | D81: =IF(B81+C81=0, "", B81+C81) | E81: =IF(D81="","", IF(C81>=33,"Pass","Fail")) | F81: =(IF(D81="","",IF(E81="Fail","F",IF(D81>=80,"A+",IF(D81>=70,"A",IF(D81>=60,"A-",IF(D81>=50,"B",IF(D81>=40,"C",IF(D81>=33,"D","F"))))))))) | G81: =(IF(D81="","",IF(F81="F",0,IF(D81>=80,5,IF(D81>=70,4,IF(D81>=60,3.5,IF(D81>=50,3,IF(D81>=40,2,IF(D81>=33,1,0)))))))))
A82: ='Student Basic Info'!A82 -> 581 | D82: =IF(B82+C82=0, "", B82+C82) | E82: =IF(D82="","", IF(C82>=33,"Pass","Fail")) | F82: =(IF(D82="","",IF(E82="Fail","F",IF(D82>=80,"A+",IF(D82>=70,"A",IF(D82>=60,"A-",IF(D82>=50,"B",IF(D82>=40,"C",IF(D82>=33,"D","F"))))))))) | G82: =(IF(D82="","",IF(F82="F",0,IF(D82>=80,5,IF(D82>=70,4,IF(D82>=60,3.5,IF(D82>=50,3,IF(D82>=40,2,IF(D82>=33,1,0)))))))))
A83: ='Student Basic Info'!A83 -> 582 | D83: =IF(B83+C83=0, "", B83+C83) | E83: =IF(D83="","", IF(C83>=33,"Pass","Fail")) | F83: =(IF(D83="","",IF(E83="Fail","F",IF(D83>=80,"A+",IF(D83>=70,"A",IF(D83>=60,"A-",IF(D83>=50,"B",IF(D83>=40,"C",IF(D83>=33,"D","F"))))))))) | G83: =(IF(D83="","",IF(F83="F",0,IF(D83>=80,5,IF(D83>=70,4,IF(D83>=60,3.5,IF(D83>=50,3,IF(D83>=40,2,IF(D83>=33,1,0)))))))))
A84: ='Student Basic Info'!A84 -> 583 | D84: =IF(B84+C84=0, "", B84+C84) | E84: =IF(D84="","", IF(C84>=33,"Pass","Fail")) | F84: =(IF(D84="","",IF(E84="Fail","F",IF(D84>=80,"A+",IF(D84>=70,"A",IF(D84>=60,"A-",IF(D84>=50,"B",IF(D84>=40,"C",IF(D84>=33,"D","F"))))))))) | G84: =(IF(D84="","",IF(F84="F",0,IF(D84>=80,5,IF(D84>=70,4,IF(D84>=60,3.5,IF(D84>=50,3,IF(D84>=40,2,IF(D84>=33,1,0)))))))))
A85: ='Student Basic Info'!A85 -> 584 | C85: 40 | D85: =IF(B85+C85=0, "", B85+C85) -> 40 | E85: =IF(D85="","", IF(C85>=33,"Pass","Fail")) -> Pass | F85: =(IF(D85="","",IF(E85="Fail","F",IF(D85>=80,"A+",IF(D85>=70,"A",IF(D85>=60,"A-",IF(D85>=50,"B",IF(D85>=40,"C",IF(D85>=33,"D","F"))))))))) -> C | G85: =(IF(D85="","",IF(F85="F",0,IF(D85>=80,5,IF(D85>=70,4,IF(D85>=60,3.5,IF(D85>=50,3,IF(D85>=40,2,IF(D85>=33,1,0))))))))) -> 2
A86: ='Student Basic Info'!A86 -> 585 | C86: 33 | D86: =IF(B86+C86=0, "", B86+C86) -> 33 | E86: =IF(D86="","", IF(C86>=33,"Pass","Fail")) -> Pass | F86: =(IF(D86="","",IF(E86="Fail","F",IF(D86>=80,"A+",IF(D86>=70,"A",IF(D86>=60,"A-",IF(D86>=50,"B",IF(D86>=40,"C",IF(D86>=33,"D","F"))))))))) -> D | G86: =(IF(D86="","",IF(F86="F",0,IF(D86>=80,5,IF(D86>=70,4,IF(D86>=60,3.5,IF(D86>=50,3,IF(D86>=40,2,IF(D86>=33,1,0))))))))) -> 1
A87: ='Student Basic Info'!A87 -> 586 | C87: 33 | D87: =IF(B87+C87=0, "", B87+C87) -> 33 | E87: =IF(D87="","", IF(C87>=33,"Pass","Fail")) -> Pass | F87: =(IF(D87="","",IF(E87="Fail","F",IF(D87>=80,"A+",IF(D87>=70,"A",IF(D87>=60,"A-",IF(D87>=50,"B",IF(D87>=40,"C",IF(D87>=33,"D","F"))))))))) -> D | G87: =(IF(D87="","",IF(F87="F",0,IF(D87>=80,5,IF(D87>=70,4,IF(D87>=60,3.5,IF(D87>=50,3,IF(D87>=40,2,IF(D87>=33,1,0))))))))) -> 1
A88: ='Student Basic Info'!A88 -> 587 | C88: 50 | D88: =IF(B88+C88=0, "", B88+C88) -> 50 | E88: =IF(D88="","", IF(C88>=33,"Pass","Fail")) -> Pass | F88: =(IF(D88="","",IF(E88="Fail","F",IF(D88>=80,"A+",IF(D88>=70,"A",IF(D88>=60,"A-",IF(D88>=50,"B",IF(D88>=40,"C",IF(D88>=33,"D","F"))))))))) -> B | G88: =(IF(D88="","",IF(F88="F",0,IF(D88>=80,5,IF(D88>=70,4,IF(D88>=60,3.5,IF(D88>=50,3,IF(D88>=40,2,IF(D88>=33,1,0))))))))) -> 3
A89: ='Student Basic Info'!A89 -> 588 | C89: 50 | D89: =IF(B89+C89=0, "", B89+C89) -> 50 | E89: =IF(D89="","", IF(C89>=33,"Pass","Fail")) -> Pass | F89: =(IF(D89="","",IF(E89="Fail","F",IF(D89>=80,"A+",IF(D89>=70,"A",IF(D89>=60,"A-",IF(D89>=50,"B",IF(D89>=40,"C",IF(D89>=33,"D","F"))))))))) -> B | G89: =(IF(D89="","",IF(F89="F",0,IF(D89>=80,5,IF(D89>=70,4,IF(D89>=60,3.5,IF(D89>=50,3,IF(D89>=40,2,IF(D89>=33,1,0))))))))) -> 3
A90: ='Student Basic Info'!A90 -> 589 | D90: =IF(B90+C90=0, "", B90+C90) | E90: =IF(D90="","", IF(C90>=33,"Pass","Fail")) | F90: =(IF(D90="","",IF(E90="Fail","F",IF(D90>=80,"A+",IF(D90>=70,"A",IF(D90>=60,"A-",IF(D90>=50,"B",IF(D90>=40,"C",IF(D90>=33,"D","F"))))))))) | G90: =(IF(D90="","",IF(F90="F",0,IF(D90>=80,5,IF(D90>=70,4,IF(D90>=60,3.5,IF(D90>=50,3,IF(D90>=40,2,IF(D90>=33,1,0)))))))))
A91: ='Student Basic Info'!A91 -> 590 | D91: =IF(B91+C91=0, "", B91+C91) | E91: =IF(D91="","", IF(C91>=33,"Pass","Fail")) | F91: =(IF(D91="","",IF(E91="Fail","F",IF(D91>=80,"A+",IF(D91>=70,"A",IF(D91>=60,"A-",IF(D91>=50,"B",IF(D91>=40,"C",IF(D91>=33,"D","F"))))))))) | G91: =(IF(D91="","",IF(F91="F",0,IF(D91>=80,5,IF(D91>=70,4,IF(D91>=60,3.5,IF(D91>=50,3,IF(D91>=40,2,IF(D91>=33,1,0)))))))))
A92: ='Student Basic Info'!A92 -> 591 | C92: 46 | D92: =IF(B92+C92=0, "", B92+C92) -> 46 | E92: =IF(D92="","", IF(C92>=33,"Pass","Fail")) -> Pass | F92: =(IF(D92="","",IF(E92="Fail","F",IF(D92>=80,"A+",IF(D92>=70,"A",IF(D92>=60,"A-",IF(D92>=50,"B",IF(D92>=40,"C",IF(D92>=33,"D","F"))))))))) -> C | G92: =(IF(D92="","",IF(F92="F",0,IF(D92>=80,5,IF(D92>=70,4,IF(D92>=60,3.5,IF(D92>=50,3,IF(D92>=40,2,IF(D92>=33,1,0))))))))) -> 2
A93: ='Student Basic Info'!A93 -> 592 | C93: 23 | D93: =IF(B93+C93=0, "", B93+C93) -> 23 | E93: =IF(D93="","", IF(C93>=33,"Pass","Fail")) -> Fail | F93: =(IF(D93="","",IF(E93="Fail","F",IF(D93>=80,"A+",IF(D93>=70,"A",IF(D93>=60,"A-",IF(D93>=50,"B",IF(D93>=40,"C",IF(D93>=33,"D","F"))))))))) -> F | G93: =(IF(D93="","",IF(F93="F",0,IF(D93>=80,5,IF(D93>=70,4,IF(D93>=60,3.5,IF(D93>=50,3,IF(D93>=40,2,IF(D93>=33,1,0))))))))) -> 0
A94: ='Student Basic Info'!A94 -> 593 | C94: 45 | D94: =IF(B94+C94=0, "", B94+C94) -> 45 | E94: =IF(D94="","", IF(C94>=33,"Pass","Fail")) -> Pass | F94: =(IF(D94="","",IF(E94="Fail","F",IF(D94>=80,"A+",IF(D94>=70,"A",IF(D94>=60,"A-",IF(D94>=50,"B",IF(D94>=40,"C",IF(D94>=33,"D","F"))))))))) -> C | G94: =(IF(D94="","",IF(F94="F",0,IF(D94>=80,5,IF(D94>=70,4,IF(D94>=60,3.5,IF(D94>=50,3,IF(D94>=40,2,IF(D94>=33,1,0))))))))) -> 2
A95: ='Student Basic Info'!A95 -> 594 | D95: =IF(B95+C95=0, "", B95+C95) | E95: =IF(D95="","", IF(C95>=33,"Pass","Fail")) | F95: =(IF(D95="","",IF(E95="Fail","F",IF(D95>=80,"A+",IF(D95>=70,"A",IF(D95>=60,"A-",IF(D95>=50,"B",IF(D95>=40,"C",IF(D95>=33,"D","F"))))))))) | G95: =(IF(D95="","",IF(F95="F",0,IF(D95>=80,5,IF(D95>=70,4,IF(D95>=60,3.5,IF(D95>=50,3,IF(D95>=40,2,IF(D95>=33,1,0)))))))))
A96: ='Student Basic Info'!A96 -> 595 | D96: =IF(B96+C96=0, "", B96+C96) | E96: =IF(D96="","", IF(C96>=33,"Pass","Fail")) | F96: =(IF(D96="","",IF(E96="Fail","F",IF(D96>=80,"A+",IF(D96>=70,"A",IF(D96>=60,"A-",IF(D96>=50,"B",IF(D96>=40,"C",IF(D96>=33,"D","F"))))))))) | G96: =(IF(D96="","",IF(F96="F",0,IF(D96>=80,5,IF(D96>=70,4,IF(D96>=60,3.5,IF(D96>=50,3,IF(D96>=40,2,IF(D96>=33,1,0)))))))))
A97: ='Student Basic Info'!A97 -> 596 | D97: =IF(B97+C97=0, "", B97+C97) | E97: =IF(D97="","", IF(C97>=33,"Pass","Fail")) | F97: =(IF(D97="","",IF(E97="Fail","F",IF(D97>=80,"A+",IF(D97>=70,"A",IF(D97>=60,"A-",IF(D97>=50,"B",IF(D97>=40,"C",IF(D97>=33,"D","F"))))))))) | G97: =(IF(D97="","",IF(F97="F",0,IF(D97>=80,5,IF(D97>=70,4,IF(D97>=60,3.5,IF(D97>=50,3,IF(D97>=40,2,IF(D97>=33,1,0)))))))))
A98: ='Student Basic Info'!A98 -> 597 | D98: =IF(B98+C98=0, "", B98+C98) | E98: =IF(D98="","", IF(C98>=33,"Pass","Fail")) | F98: =(IF(D98="","",IF(E98="Fail","F",IF(D98>=80,"A+",IF(D98>=70,"A",IF(D98>=60,"A-",IF(D98>=50,"B",IF(D98>=40,"C",IF(D98>=33,"D","F"))))))))) | G98: =(IF(D98="","",IF(F98="F",0,IF(D98>=80,5,IF(D98>=70,4,IF(D98>=60,3.5,IF(D98>=50,3,IF(D98>=40,2,IF(D98>=33,1,0)))))))))
A99: ='Student Basic Info'!A99 -> 598 | D99: =IF(B99+C99=0, "", B99+C99) | E99: =IF(D99="","", IF(C99>=33,"Pass","Fail")) | F99: =(IF(D99="","",IF(E99="Fail","F",IF(D99>=80,"A+",IF(D99>=70,"A",IF(D99>=60,"A-",IF(D99>=50,"B",IF(D99>=40,"C",IF(D99>=33,"D","F"))))))))) | G99: =(IF(D99="","",IF(F99="F",0,IF(D99>=80,5,IF(D99>=70,4,IF(D99>=60,3.5,IF(D99>=50,3,IF(D99>=40,2,IF(D99>=33,1,0)))))))))
A100: ='Student Basic Info'!A100 -> 599 | D100: =IF(B100+C100=0, "", B100+C100) | E100: =IF(D100="","", IF(C100>=33,"Pass","Fail")) | F100: =(IF(D100="","",IF(E100="Fail","F",IF(D100>=80,"A+",IF(D100>=70,"A",IF(D100>=60,"A-",IF(D100>=50,"B",IF(D100>=40,"C",IF(D100>=33,"D","F"))))))))) | G100: =(IF(D100="","",IF(F100="F",0,IF(D100>=80,5,IF(D100>=70,4,IF(D100>=60,3.5,IF(D100>=50,3,IF(D100>=40,2,IF(D100>=33,1,0)))))))))
...

Sheet English
A1: Roll | B1: Marks CQ | C1: Total Marks | D1: Result | E1: Grade | F1: GPA
A2: ='Student Basic Info'!A2 -> 501 | C2: =IF(B2=0, "",B2) | D2: =IF(C2="","", IF(C2>=33,"Pass","Fail")) | E2: =(IF(C2="","",IF(D2="Fail","F",IF(C2>=80,"A+",IF(C2>=70,"A",IF(C2>=60,"A-",IF(C2>=50,"B",IF(C2>=40,"C",IF(C2>=33,"D","F"))))))))) | F2: =(IF(C2="","",IF(E2="F",0,IF(C2>=80,5,IF(C2>=70,4,IF(C2>=60,3.5,IF(C2>=50,3,IF(C2>=40,2,IF(C2>=33,1,0)))))))))
A3: ='Student Basic Info'!A3 -> 502 | C3: =IF(B3=0, "",B3) | D3: =IF(C3="","", IF(C3>=33,"Pass","Fail")) | E3: =(IF(C3="","",IF(D3="Fail","F",IF(C3>=80,"A+",IF(C3>=70,"A",IF(C3>=60,"A-",IF(C3>=50,"B",IF(C3>=40,"C",IF(C3>=33,"D","F"))))))))) | F3: =(IF(C3="","",IF(E3="F",0,IF(C3>=80,5,IF(C3>=70,4,IF(C3>=60,3.5,IF(C3>=50,3,IF(C3>=40,2,IF(C3>=33,1,0)))))))))
A4: ='Student Basic Info'!A4 -> 503 | B4: 33 | C4: =IF(B4=0, "",B4) -> 33 | D4: =IF(C4="","", IF(C4>=33,"Pass","Fail")) -> Pass | E4: =(IF(C4="","",IF(D4="Fail","F",IF(C4>=80,"A+",IF(C4>=70,"A",IF(C4>=60,"A-",IF(C4>=50,"B",IF(C4>=40,"C",IF(C4>=33,"D","F"))))))))) -> D | F4: =(IF(C4="","",IF(E4="F",0,IF(C4>=80,5,IF(C4>=70,4,IF(C4>=60,3.5,IF(C4>=50,3,IF(C4>=40,2,IF(C4>=33,1,0))))))))) -> 1
A5: ='Student Basic Info'!A5 -> 504 | B5: 21 | C5: =IF(B5=0, "",B5) -> 21 | D5: =IF(C5="","", IF(C5>=33,"Pass","Fail")) -> Fail | E5: =(IF(C5="","",IF(D5="Fail","F",IF(C5>=80,"A+",IF(C5>=70,"A",IF(C5>=60,"A-",IF(C5>=50,"B",IF(C5>=40,"C",IF(C5>=33,"D","F"))))))))) -> F | F5: =(IF(C5="","",IF(E5="F",0,IF(C5>=80,5,IF(C5>=70,4,IF(C5>=60,3.5,IF(C5>=50,3,IF(C5>=40,2,IF(C5>=33,1,0))))))))) -> 0
A6: ='Student Basic Info'!A6 -> 505 | C6: =IF(B6=0, "",B6) | D6: =IF(C6="","", IF(C6>=33,"Pass","Fail")) | E6: =(IF(C6="","",IF(D6="Fail","F",IF(C6>=80,"A+",IF(C6>=70,"A",IF(C6>=60,"A-",IF(C6>=50,"B",IF(C6>=40,"C",IF(C6>=33,"D","F"))))))))) | F6: =(IF(C6="","",IF(E6="F",0,IF(C6>=80,5,IF(C6>=70,4,IF(C6>=60,3.5,IF(C6>=50,3,IF(C6>=40,2,IF(C6>=33,1,0)))))))))
A7: ='Student Basic Info'!A7 -> 506 | C7: =IF(B7=0, "",B7) | D7: =IF(C7="","", IF(C7>=33,"Pass","Fail")) | E7: =(IF(C7="","",IF(D7="Fail","F",IF(C7>=80,"A+",IF(C7>=70,"A",IF(C7>=60,"A-",IF(C7>=50,"B",IF(C7>=40,"C",IF(C7>=33,"D","F"))))))))) | F7: =(IF(C7="","",IF(E7="F",0,IF(C7>=80,5,IF(C7>=70,4,IF(C7>=60,3.5,IF(C7>=50,3,IF(C7>=40,2,IF(C7>=33,1,0)))))))))
A8: ='Student Basic Info'!A8 -> 507 | B8: 44 | C8: =IF(B8=0, "",B8) -> 44 | D8: =IF(C8="","", IF(C8>=33,"Pass","Fail")) -> Pass | E8: =(IF(C8="","",IF(D8="Fail","F",IF(C8>=80,"A+",IF(C8>=70,"A",IF(C8>=60,"A-",IF(C8>=50,"B",IF(C8>=40,"C",IF(C8>=33,"D","F"))))))))) -> C | F8: =(IF(C8="","",IF(E8="F",0,IF(C8>=80,5,IF(C8>=70,4,IF(C8>=60,3.5,IF(C8>=50,3,IF(C8>=40,2,IF(C8>=33,1,0))))))))) -> 2
A9: ='Student Basic Info'!A9 -> 508 | B9: 33 | C9: =IF(B9=0, "",B9) -> 33 | D9: =IF(C9="","", IF(C9>=33,"Pass","Fail")) -> Pass | E9: =(IF(C9="","",IF(D9="Fail","F",IF(C9>=80,"A+",IF(C9>=70,"A",IF(C9>=60,"A-",IF(C9>=50,"B",IF(C9>=40,"C",IF(C9>=33,"D","F"))))))))) -> D | F9: =(IF(C9="","",IF(E9="F",0,IF(C9>=80,5,IF(C9>=70,4,IF(C9>=60,3.5,IF(C9>=50,3,IF(C9>=40,2,IF(C9>=33,1,0))))))))) -> 1
A10: ='Student Basic Info'!A10 -> 509 | B10: 21 | C10: =IF(B10=0, "",B10) -> 21 | D10: =IF(C10="","", IF(C10>=33,"Pass","Fail")) -> Fail | E10: =(IF(C10="","",IF(D10="Fail","F",IF(C10>=80,"A+",IF(C10>=70,"A",IF(C10>=60,"A-",IF(C10>=50,"B",IF(C10>=40,"C",IF(C10>=33,"D","F"))))))))) -> F | F10: =(IF(C10="","",IF(E10="F",0,IF(C10>=80,5,IF(C10>=70,4,IF(C10>=60,3.5,IF(C10>=50,3,IF(C10>=40,2,IF(C10>=33,1,0))))))))) -> 0
A11: ='Student Basic Info'!A11 -> 510 | C11: =IF(B11=0, "",B11) | D11: =IF(C11="","", IF(C11>=33,"Pass","Fail")) | E11: =(IF(C11="","",IF(D11="Fail","F",IF(C11>=80,"A+",IF(C11>=70,"A",IF(C11>=60,"A-",IF(C11>=50,"B",IF(C11>=40,"C",IF(C11>=33,"D","F"))))))))) | F11: =(IF(C11="","",IF(E11="F",0,IF(C11>=80,5,IF(C11>=70,4,IF(C11>=60,3.5,IF(C11>=50,3,IF(C11>=40,2,IF(C11>=33,1,0)))))))))
A12: ='Student Basic Info'!A12 -> 511 | B12: 26 | C12: =IF(B12=0, "",B12) -> 26 | D12: =IF(C12="","", IF(C12>=33,"Pass","Fail")) -> Fail | E12: =(IF(C12="","",IF(D12="Fail","F",IF(C12>=80,"A+",IF(C12>=70,"A",IF(C12>=60,"A-",IF(C12>=50,"B",IF(C12>=40,"C",IF(C12>=33,"D","F"))))))))) -> F | F12: =(IF(C12="","",IF(E12="F",0,IF(C12>=80,5,IF(C12>=70,4,IF(C12>=60,3.5,IF(C12>=50,3,IF(C12>=40,2,IF(C12>=33,1,0))))))))) -> 0
A13: ='Student Basic Info'!A13 -> 512 | B13: 11 | C13: =IF(B13=0, "",B13) -> 11 | D13: =IF(C13="","", IF(C13>=33,"Pass","Fail")) -> Fail | E13: =(IF(C13="","",IF(D13="Fail","F",IF(C13>=80,"A+",IF(C13>=70,"A",IF(C13>=60,"A-",IF(C13>=50,"B",IF(C13>=40,"C",IF(C13>=33,"D","F"))))))))) -> F | F13: =(IF(C13="","",IF(E13="F",0,IF(C13>=80,5,IF(C13>=70,4,IF(C13>=60,3.5,IF(C13>=50,3,IF(C13>=40,2,IF(C13>=33,1,0))))))))) -> 0
A14: ='Student Basic Info'!A14 -> 513 | B14: 29 | C14: =IF(B14=0, "",B14) -> 29 | D14: =IF(C14="","", IF(C14>=33,"Pass","Fail")) -> Fail | E14: =(IF(C14="","",IF(D14="Fail","F",IF(C14>=80,"A+",IF(C14>=70,"A",IF(C14>=60,"A-",IF(C14>=50,"B",IF(C14>=40,"C",IF(C14>=33,"D","F"))))))))) -> F | F14: =(IF(C14="","",IF(E14="F",0,IF(C14>=80,5,IF(C14>=70,4,IF(C14>=60,3.5,IF(C14>=50,3,IF(C14>=40,2,IF(C14>=33,1,0))))))))) -> 0
A15: ='Student Basic Info'!A15 -> 514 | C15: =IF(B15=0, "",B15) | D15: =IF(C15="","", IF(C15>=33,"Pass","Fail")) | E15: =(IF(C15="","",IF(D15="Fail","F",IF(C15>=80,"A+",IF(C15>=70,"A",IF(C15>=60,"A-",IF(C15>=50,"B",IF(C15>=40,"C",IF(C15>=33,"D","F"))))))))) | F15: =(IF(C15="","",IF(E15="F",0,IF(C15>=80,5,IF(C15>=70,4,IF(C15>=60,3.5,IF(C15>=50,3,IF(C15>=40,2,IF(C15>=33,1,0)))))))))
A16: ='Student Basic Info'!A16 -> 515 | B16: 38 | C16: =IF(B16=0, "",B16) -> 38 | D16: =IF(C16="","", IF(C16>=33,"Pass","Fail")) -> Pass | E16: =(IF(C16="","",IF(D16="Fail","F",IF(C16>=80,"A+",IF(C16>=70,"A",IF(C16>=60,"A-",IF(C16>=50,"B",IF(C16>=40,"C",IF(C16>=33,"D","F"))))))))) -> D | F16: =(IF(C16="","",IF(E16="F",0,IF(C16>=80,5,IF(C16>=70,4,IF(C16>=60,3.5,IF(C16>=50,3,IF(C16>=40,2,IF(C16>=33,1,0))))))))) -> 1
A17: ='Student Basic Info'!A17 -> 516 | B17: 48 | C17: =IF(B17=0, "",B17) -> 48 | D17: =IF(C17="","", IF(C17>=33,"Pass","Fail")) -> Pass | E17: =(IF(C17="","",IF(D17="Fail","F",IF(C17>=80,"A+",IF(C17>=70,"A",IF(C17>=60,"A-",IF(C17>=50,"B",IF(C17>=40,"C",IF(C17>=33,"D","F"))))))))) -> C | F17: =(IF(C17="","",IF(E17="F",0,IF(C17>=80,5,IF(C17>=70,4,IF(C17>=60,3.5,IF(C17>=50,3,IF(C17>=40,2,IF(C17>=33,1,0))))))))) -> 2
A18: ='Student Basic Info'!A18 -> 517 | C18: =IF(B18=0, "",B18) | D18: =IF(C18="","", IF(C18>=33,"Pass","Fail")) | E18: =(IF(C18="","",IF(D18="Fail","F",IF(C18>=80,"A+",IF(C18>=70,"A",IF(C18>=60,"A-",IF(C18>=50,"B",IF(C18>=40,"C",IF(C18>=33,"D","F"))))))))) | F18: =(IF(C18="","",IF(E18="F",0,IF(C18>=80,5,IF(C18>=70,4,IF(C18>=60,3.5,IF(C18>=50,3,IF(C18>=40,2,IF(C18>=33,1,0)))))))))
A19: ='Student Basic Info'!A19 -> 518 | C19: =IF(B19=0, "",B19) | D19: =IF(C19="","", IF(C19>=33,"Pass","Fail")) | E19: =(IF(C19="","",IF(D19="Fail","F",IF(C19>=80,"A+",IF(C19>=70,"A",IF(C19>=60,"A-",IF(C19>=50,"B",IF(C19>=40,"C",IF(C19>=33,"D","F"))))))))) | F19: =(IF(C19="","",IF(E19="F",0,IF(C19>=80,5,IF(C19>=70,4,IF(C19>=60,3.5,IF(C19>=50,3,IF(C19>=40,2,IF(C19>=33,1,0)))))))))
A20: ='Student Basic Info'!A20 -> 519 | B20: 37 | C20: =IF(B20=0, "",B20) -> 37 | D20: =IF(C20="","", IF(C20>=33,"Pass","Fail")) -> Pass | E20: =(IF(C20="","",IF(D20="Fail","F",IF(C20>=80,"A+",IF(C20>=70,"A",IF(C20>=60,"A-",IF(C20>=50,"B",IF(C20>=40,"C",IF(C20>=33,"D","F"))))))))) -> D | F20: =(IF(C20="","",IF(E20="F",0,IF(C20>=80,5,IF(C20>=70,4,IF(C20>=60,3.5,IF(C20>=50,3,IF(C20>=40,2,IF(C20>=33,1,0))))))))) -> 1
A21: ='Student Basic Info'!A21 -> 520 | B21: 16 | C21: =IF(B21=0, "",B21) -> 16 | D21: =IF(C21="","", IF(C21>=33,"Pass","Fail")) -> Fail | E21: =(IF(C21="","",IF(D21="Fail","F",IF(C21>=80,"A+",IF(C21>=70,"A",IF(C21>=60,"A-",IF(C21>=50,"B",IF(C21>=40,"C",IF(C21>=33,"D","F"))))))))) -> F | F21: =(IF(C21="","",IF(E21="F",0,IF(C21>=80,5,IF(C21>=70,4,IF(C21>=60,3.5,IF(C21>=50,3,IF(C21>=40,2,IF(C21>=33,1,0))))))))) -> 0
A22: ='Student Basic Info'!A22 -> 521 | C22: =IF(B22=0, "",B22) | D22: =IF(C22="","", IF(C22>=33,"Pass","Fail")) | E22: =(IF(C22="","",IF(D22="Fail","F",IF(C22>=80,"A+",IF(C22>=70,"A",IF(C22>=60,"A-",IF(C22>=50,"B",IF(C22>=40,"C",IF(C22>=33,"D","F"))))))))) | F22: =(IF(C22="","",IF(E22="F",0,IF(C22>=80,5,IF(C22>=70,4,IF(C22>=60,3.5,IF(C22>=50,3,IF(C22>=40,2,IF(C22>=33,1,0)))))))))
A23: ='Student Basic Info'!A23 -> 522 | B23: 54 | C23: =IF(B23=0, "",B23) -> 54 | D23: =IF(C23="","", IF(C23>=33,"Pass","Fail")) -> Pass | E23: =(IF(C23="","",IF(D23="Fail","F",IF(C23>=80,"A+",IF(C23>=70,"A",IF(C23>=60,"A-",IF(C23>=50,"B",IF(C23>=40,"C",IF(C23>=33,"D","F"))))))))) -> B | F23: =(IF(C23="","",IF(E23="F",0,IF(C23>=80,5,IF(C23>=70,4,IF(C23>=60,3.5,IF(C23>=50,3,IF(C23>=40,2,IF(C23>=33,1,0))))))))) -> 3
A24: ='Student Basic Info'!A24 -> 523 | B24: 39 | C24: =IF(B24=0, "",B24) -> 39 | D24: =IF(C24="","", IF(C24>=33,"Pass","Fail")) -> Pass | E24: =(IF(C24="","",IF(D24="Fail","F",IF(C24>=80,"A+",IF(C24>=70,"A",IF(C24>=60,"A-",IF(C24>=50,"B",IF(C24>=40,"C",IF(C24>=33,"D","F"))))))))) -> D | F24: =(IF(C24="","",IF(E24="F",0,IF(C24>=80,5,IF(C24>=70,4,IF(C24>=60,3.5,IF(C24>=50,3,IF(C24>=40,2,IF(C24>=33,1,0))))))))) -> 1
A25: ='Student Basic Info'!A25 -> 524 | B25: 38 | C25: =IF(B25=0, "",B25) -> 38 | D25: =IF(C25="","", IF(C25>=33,"Pass","Fail")) -> Pass | E25: =(IF(C25="","",IF(D25="Fail","F",IF(C25>=80,"A+",IF(C25>=70,"A",IF(C25>=60,"A-",IF(C25>=50,"B",IF(C25>=40,"C",IF(C25>=33,"D","F"))))))))) -> D | F25: =(IF(C25="","",IF(E25="F",0,IF(C25>=80,5,IF(C25>=70,4,IF(C25>=60,3.5,IF(C25>=50,3,IF(C25>=40,2,IF(C25>=33,1,0))))))))) -> 1
A26: ='Student Basic Info'!A26 -> 525 | C26: =IF(B26=0, "",B26) | D26: =IF(C26="","", IF(C26>=33,"Pass","Fail")) | E26: =(IF(C26="","",IF(D26="Fail","F",IF(C26>=80,"A+",IF(C26>=70,"A",IF(C26>=60,"A-",IF(C26>=50,"B",IF(C26>=40,"C",IF(C26>=33,"D","F"))))))))) | F26: =(IF(C26="","",IF(E26="F",0,IF(C26>=80,5,IF(C26>=70,4,IF(C26>=60,3.5,IF(C26>=50,3,IF(C26>=40,2,IF(C26>=33,1,0)))))))))
A27: ='Student Basic Info'!A27 -> 526 | B27: 34 | C27: =IF(B27=0, "",B27) -> 34 | D27: =IF(C27="","", IF(C27>=33,"Pass","Fail")) -> Pass | E27: =(IF(C27="","",IF(D27="Fail","F",IF(C27>=80,"A+",IF(C27>=70,"A",IF(C27>=60,"A-",IF(C27>=50,"B",IF(C27>=40,"C",IF(C27>=33,"D","F"))))))))) -> D | F27: =(IF(C27="","",IF(E27="F",0,IF(C27>=80,5,IF(C27>=70,4,IF(C27>=60,3.5,IF(C27>=50,3,IF(C27>=40,2,IF(C27>=33,1,0))))))))) -> 1
A28: ='Student Basic Info'!A28 -> 527 | C28: =IF(B28=0, "",B28) | D28: =IF(C28="","", IF(C28>=33,"Pass","Fail")) | E28: =(IF(C28="","",IF(D28="Fail","F",IF(C28>=80,"A+",IF(C28>=70,"A",IF(C28>=60,"A-",IF(C28>=50,"B",IF(C28>=40,"C",IF(C28>=33,"D","F"))))))))) | F28: =(IF(C28="","",IF(E28="F",0,IF(C28>=80,5,IF(C28>=70,4,IF(C28>=60,3.5,IF(C28>=50,3,IF(C28>=40,2,IF(C28>=33,1,0)))))))))
A29: ='Student Basic Info'!A29 -> 528 | B29: 42 | C29: =IF(B29=0, "",B29) -> 42 | D29: =IF(C29="","", IF(C29>=33,"Pass","Fail")) -> Pass | E29: =(IF(C29="","",IF(D29="Fail","F",IF(C29>=80,"A+",IF(C29>=70,"A",IF(C29>=60,"A-",IF(C29>=50,"B",IF(C29>=40,"C",IF(C29>=33,"D","F"))))))))) -> C | F29: =(IF(C29="","",IF(E29="F",0,IF(C29>=80,5,IF(C29>=70,4,IF(C29>=60,3.5,IF(C29>=50,3,IF(C29>=40,2,IF(C29>=33,1,0))))))))) -> 2
A30: ='Student Basic Info'!A30 -> 529 | B30: 14 | C30: =IF(B30=0, "",B30) -> 14 | D30: =IF(C30="","", IF(C30>=33,"Pass","Fail")) -> Fail | E30: =(IF(C30="","",IF(D30="Fail","F",IF(C30>=80,"A+",IF(C30>=70,"A",IF(C30>=60,"A-",IF(C30>=50,"B",IF(C30>=40,"C",IF(C30>=33,"D","F"))))))))) -> F | F30: =(IF(C30="","",IF(E30="F",0,IF(C30>=80,5,IF(C30>=70,4,IF(C30>=60,3.5,IF(C30>=50,3,IF(C30>=40,2,IF(C30>=33,1,0))))))))) -> 0
A31: ='Student Basic Info'!A31 -> 530 | C31: =IF(B31=0, "",B31) | D31: =IF(C31="","", IF(C31>=33,"Pass","Fail")) | E31: =(IF(C31="","",IF(D31="Fail","F",IF(C31>=80,"A+",IF(C31>=70,"A",IF(C31>=60,"A-",IF(C31>=50,"B",IF(C31>=40,"C",IF(C31>=33,"D","F"))))))))) | F31: =(IF(C31="","",IF(E31="F",0,IF(C31>=80,5,IF(C31>=70,4,IF(C31>=60,3.5,IF(C31>=50,3,IF(C31>=40,2,IF(C31>=33,1,0)))))))))
A32: ='Student Basic Info'!A32 -> 531 | B32: 17 | C32: =IF(B32=0, "",B32) -> 17 | D32: =IF(C32="","", IF(C32>=33,"Pass","Fail")) -> Fail | E32: =(IF(C32="","",IF(D32="Fail","F",IF(C32>=80,"A+",IF(C32>=70,"A",IF(C32>=60,"A-",IF(C32>=50,"B",IF(C32>=40,"C",IF(C32>=33,"D","F"))))))))) -> F | F32: =(IF(C32="","",IF(E32="F",0,IF(C32>=80,5,IF(C32>=70,4,IF(C32>=60,3.5,IF(C32>=50,3,IF(C32>=40,2,IF(C32>=33,1,0))))))))) -> 0
A33: ='Student Basic Info'!A33 -> 532 | C33: =IF(B33=0, "",B33) | D33: =IF(C33="","", IF(C33>=33,"Pass","Fail")) | E33: =(IF(C33="","",IF(D33="Fail","F",IF(C33>=80,"A+",IF(C33>=70,"A",IF(C33>=60,"A-",IF(C33>=50,"B",IF(C33>=40,"C",IF(C33>=33,"D","F"))))))))) | F33: =(IF(C33="","",IF(E33="F",0,IF(C33>=80,5,IF(C33>=70,4,IF(C33>=60,3.5,IF(C33>=50,3,IF(C33>=40,2,IF(C33>=33,1,0)))))))))
A34: ='Student Basic Info'!A34 -> 533 | C34: =IF(B34=0, "",B34) | D34: =IF(C34="","", IF(C34>=33,"Pass","Fail")) | E34: =(IF(C34="","",IF(D34="Fail","F",IF(C34>=80,"A+",IF(C34>=70,"A",IF(C34>=60,"A-",IF(C34>=50,"B",IF(C34>=40,"C",IF(C34>=33,"D","F"))))))))) | F34: =(IF(C34="","",IF(E34="F",0,IF(C34>=80,5,IF(C34>=70,4,IF(C34>=60,3.5,IF(C34>=50,3,IF(C34>=40,2,IF(C34>=33,1,0)))))))))
A35: ='Student Basic Info'!A35 -> 534 | C35: =IF(B35=0, "",B35) | D35: =IF(C35="","", IF(C35>=33,"Pass","Fail")) | E35: =(IF(C35="","",IF(D35="Fail","F",IF(C35>=80,"A+",IF(C35>=70,"A",IF(C35>=60,"A-",IF(C35>=50,"B",IF(C35>=40,"C",IF(C35>=33,"D","F"))))))))) | F35: =(IF(C35="","",IF(E35="F",0,IF(C35>=80,5,IF(C35>=70,4,IF(C35>=60,3.5,IF(C35>=50,3,IF(C35>=40,2,IF(C35>=33,1,0)))))))))
A36: ='Student Basic Info'!A36 -> 535 | C36: =IF(B36=0, "",B36) | D36: =IF(C36="","", IF(C36>=33,"Pass","Fail")) | E36: =(IF(C36="","",IF(D36="Fail","F",IF(C36>=80,"A+",IF(C36>=70,"A",IF(C36>=60,"A-",IF(C36>=50,"B",IF(C36>=40,"C",IF(C36>=33,"D","F"))))))))) | F36: =(IF(C36="","",IF(E36="F",0,IF(C36>=80,5,IF(C36>=70,4,IF(C36>=60,3.5,IF(C36>=50,3,IF(C36>=40,2,IF(C36>=33,1,0)))))))))
A37: ='Student Basic Info'!A37 -> 536 | B37: 24 | C37: =IF(B37=0, "",B37) -> 24 | D37: =IF(C37="","", IF(C37>=33,"Pass","Fail")) -> Fail | E37: =(IF(C37="","",IF(D37="Fail","F",IF(C37>=80,"A+",IF(C37>=70,"A",IF(C37>=60,"A-",IF(C37>=50,"B",IF(C37>=40,"C",IF(C37>=33,"D","F"))))))))) -> F | F37: =(IF(C37="","",IF(E37="F",0,IF(C37>=80,5,IF(C37>=70,4,IF(C37>=60,3.5,IF(C37>=50,3,IF(C37>=40,2,IF(C37>=33,1,0))))))))) -> 0
A38: ='Student Basic Info'!A38 -> 537 | B38: 21 | C38: =IF(B38=0, "",B38) -> 21 | D38: =IF(C38="","", IF(C38>=33,"Pass","Fail")) -> Fail | E38: =(IF(C38="","",IF(D38="Fail","F",IF(C38>=80,"A+",IF(C38>=70,"A",IF(C38>=60,"A-",IF(C38>=50,"B",IF(C38>=40,"C",IF(C38>=33,"D","F"))))))))) -> F | F38: =(IF(C38="","",IF(E38="F",0,IF(C38>=80,5,IF(C38>=70,4,IF(C38>=60,3.5,IF(C38>=50,3,IF(C38>=40,2,IF(C38>=33,1,0))))))))) -> 0
A39: ='Student Basic Info'!A39 -> 538 | B39: 10 | C39: =IF(B39=0, "",B39) -> 10 | D39: =IF(C39="","", IF(C39>=33,"Pass","Fail")) -> Fail | E39: =(IF(C39="","",IF(D39="Fail","F",IF(C39>=80,"A+",IF(C39>=70,"A",IF(C39>=60,"A-",IF(C39>=50,"B",IF(C39>=40,"C",IF(C39>=33,"D","F"))))))))) -> F | F39: =(IF(C39="","",IF(E39="F",0,IF(C39>=80,5,IF(C39>=70,4,IF(C39>=60,3.5,IF(C39>=50,3,IF(C39>=40,2,IF(C39>=33,1,0))))))))) -> 0
A40: ='Student Basic Info'!A40 -> 539 | B40: 15 | C40: =IF(B40=0, "",B40) -> 15 | D40: =IF(C40="","", IF(C40>=33,"Pass","Fail")) -> Fail | E40: =(IF(C40="","",IF(D40="Fail","F",IF(C40>=80,"A+",IF(C40>=70,"A",IF(C40>=60,"A-",IF(C40>=50,"B",IF(C40>=40,"C",IF(C40>=33,"D","F"))))))))) -> F | F40: =(IF(C40="","",IF(E40="F",0,IF(C40>=80,5,IF(C40>=70,4,IF(C40>=60,3.5,IF(C40>=50,3,IF(C40>=40,2,IF(C40>=33,1,0))))))))) -> 0
A41: ='Student Basic Info'!A41 -> 540 | B41: 10 | C41: =IF(B41=0, "",B41) -> 10 | D41: =IF(C41="","", IF(C41>=33,"Pass","Fail")) -> Fail | E41: =(IF(C41="","",IF(D41="Fail","F",IF(C41>=80,"A+",IF(C41>=70,"A",IF(C41>=60,"A-",IF(C41>=50,"B",IF(C41>=40,"C",IF(C41>=33,"D","F"))))))))) -> F | F41: =(IF(C41="","",IF(E41="F",0,IF(C41>=80,5,IF(C41>=70,4,IF(C41>=60,3.5,IF(C41>=50,3,IF(C41>=40,2,IF(C41>=33,1,0))))))))) -> 0
A42: ='Student Basic Info'!A42 -> 541 | C42: =IF(B42=0, "",B42) | D42: =IF(C42="","", IF(C42>=33,"Pass","Fail")) | E42: =(IF(C42="","",IF(D42="Fail","F",IF(C42>=80,"A+",IF(C42>=70,"A",IF(C42>=60,"A-",IF(C42>=50,"B",IF(C42>=40,"C",IF(C42>=33,"D","F"))))))))) | F42: =(IF(C42="","",IF(E42="F",0,IF(C42>=80,5,IF(C42>=70,4,IF(C42>=60,3.5,IF(C42>=50,3,IF(C42>=40,2,IF(C42>=33,1,0)))))))))
A43: ='Student Basic Info'!A43 -> 542 | B43: 25 | C43: =IF(B43=0, "",B43) -> 25 | D43: =IF(C43="","", IF(C43>=33,"Pass","Fail")) -> Fail | E43: =(IF(C43="","",IF(D43="Fail","F",IF(C43>=80,"A+",IF(C43>=70,"A",IF(C43>=60,"A-",IF(C43>=50,"B",IF(C43>=40,"C",IF(C43>=33,"D","F"))))))))) -> F | F43: =(IF(C43="","",IF(E43="F",0,IF(C43>=80,5,IF(C43>=70,4,IF(C43>=60,3.5,IF(C43>=50,3,IF(C43>=40,2,IF(C43>=33,1,0))))))))) -> 0
A44: ='Student Basic Info'!A44 -> 543 | B44: 6 | C44: =IF(B44=0, "",B44) -> 6 | D44: =IF(C44="","", IF(C44>=33,"Pass","Fail")) -> Fail | E44: =(IF(C44="","",IF(D44="Fail","F",IF(C44>=80,"A+",IF(C44>=70,"A",IF(C44>=60,"A-",IF(C44>=50,"B",IF(C44>=40,"C",IF(C44>=33,"D","F"))))))))) -> F | F44: =(IF(C44="","",IF(E44="F",0,IF(C44>=80,5,IF(C44>=70,4,IF(C44>=60,3.5,IF(C44>=50,3,IF(C44>=40,2,IF(C44>=33,1,0))))))))) -> 0
A45: ='Student Basic Info'!A45 -> 544 | B45: 28 | C45: =IF(B45=0, "",B45) -> 28 | D45: =IF(C45="","", IF(C45>=33,"Pass","Fail")) -> Fail | E45: =(IF(C45="","",IF(D45="Fail","F",IF(C45>=80,"A+",IF(C45>=70,"A",IF(C45>=60,"A-",IF(C45>=50,"B",IF(C45>=40,"C",IF(C45>=33,"D","F"))))))))) -> F | F45: =(IF(C45="","",IF(E45="F",0,IF(C45>=80,5,IF(C45>=70,4,IF(C45>=60,3.5,IF(C45>=50,3,IF(C45>=40,2,IF(C45>=33,1,0))))))))) -> 0
A46: ='Student Basic Info'!A46 -> 545 | C46: =IF(B46=0, "",B46) | D46: =IF(C46="","", IF(C46>=33,"Pass","Fail")) | E46: =(IF(C46="","",IF(D46="Fail","F",IF(C46>=80,"A+",IF(C46>=70,"A",IF(C46>=60,"A-",IF(C46>=50,"B",IF(C46>=40,"C",IF(C46>=33,"D","F"))))))))) | F46: =(IF(C46="","",IF(E46="F",0,IF(C46>=80,5,IF(C46>=70,4,IF(C46>=60,3.5,IF(C46>=50,3,IF(C46>=40,2,IF(C46>=33,1,0)))))))))
A47: ='Student Basic Info'!A47 -> 546 | B47: 28 | C47: =IF(B47=0, "",B47) -> 28 | D47: =IF(C47="","", IF(C47>=33,"Pass","Fail")) -> Fail | E47: =(IF(C47="","",IF(D47="Fail","F",IF(C47>=80,"A+",IF(C47>=70,"A",IF(C47>=60,"A-",IF(C47>=50,"B",IF(C47>=40,"C",IF(C47>=33,"D","F"))))))))) -> F | F47: =(IF(C47="","",IF(E47="F",0,IF(C47>=80,5,IF(C47>=70,4,IF(C47>=60,3.5,IF(C47>=50,3,IF(C47>=40,2,IF(C47>=33,1,0))))))))) -> 0
A48: ='Student Basic Info'!A48 -> 547 | C48: =IF(B48=0, "",B48) | D48: =IF(C48="","", IF(C48>=33,"Pass","Fail")) | E48: =(IF(C48="","",IF(D48="Fail","F",IF(C48>=80,"A+",IF(C48>=70,"A",IF(C48>=60,"A-",IF(C48>=50,"B",IF(C48>=40,"C",IF(C48>=33,"D","F"))))))))) | F48: =(IF(C48="","",IF(E48="F",0,IF(C48>=80,5,IF(C48>=70,4,IF(C48>=60,3.5,IF(C48>=50,3,IF(C48>=40,2,IF(C48>=33,1,0)))))))))
A49: ='Student Basic Info'!A49 -> 548 | C49: =IF(B49=0, "",B49) | D49: =IF(C49="","", IF(C49>=33,"Pass","Fail")) | E49: =(IF(C49="","",IF(D49="Fail","F",IF(C49>=80,"A+",IF(C49>=70,"A",IF(C49>=60,"A-",IF(C49>=50,"B",IF(C49>=40,"C",IF(C49>=33,"D","F"))))))))) | F49: =(IF(C49="","",IF(E49="F",0,IF(C49>=80,5,IF(C49>=70,4,IF(C49>=60,3.5,IF(C49>=50,3,IF(C49>=40,2,IF(C49>=33,1,0)))))))))
A50: ='Student Basic Info'!A50 -> 549 | B50: 7 | C50: =IF(B50=0, "",B50) -> 7 | D50: =IF(C50="","", IF(C50>=33,"Pass","Fail")) -> Fail | E50: =(IF(C50="","",IF(D50="Fail","F",IF(C50>=80,"A+",IF(C50>=70,"A",IF(C50>=60,"A-",IF(C50>=50,"B",IF(C50>=40,"C",IF(C50>=33,"D","F"))))))))) -> F | F50: =(IF(C50="","",IF(E50="F",0,IF(C50>=80,5,IF(C50>=70,4,IF(C50>=60,3.5,IF(C50>=50,3,IF(C50>=40,2,IF(C50>=33,1,0))))))))) -> 0
A51: ='Student Basic Info'!A51 -> 550 | C51: =IF(B51=0, "",B51) | D51: =IF(C51="","", IF(C51>=33,"Pass","Fail")) | E51: =(IF(C51="","",IF(D51="Fail","F",IF(C51>=80,"A+",IF(C51>=70,"A",IF(C51>=60,"A-",IF(C51>=50,"B",IF(C51>=40,"C",IF(C51>=33,"D","F"))))))))) | F51: =(IF(C51="","",IF(E51="F",0,IF(C51>=80,5,IF(C51>=70,4,IF(C51>=60,3.5,IF(C51>=50,3,IF(C51>=40,2,IF(C51>=33,1,0)))))))))
A52: ='Student Basic Info'!A52 -> 551 | C52: =IF(B52=0, "",B52) | D52: =IF(C52="","", IF(C52>=33,"Pass","Fail")) | E52: =(IF(C52="","",IF(D52="Fail","F",IF(C52>=80,"A+",IF(C52>=70,"A",IF(C52>=60,"A-",IF(C52>=50,"B",IF(C52>=40,"C",IF(C52>=33,"D","F"))))))))) | F52: =(IF(C52="","",IF(E52="F",0,IF(C52>=80,5,IF(C52>=70,4,IF(C52>=60,3.5,IF(C52>=50,3,IF(C52>=40,2,IF(C52>=33,1,0)))))))))
A53: ='Student Basic Info'!A53 -> 552 | B53: 16 | C53: =IF(B53=0, "",B53) -> 16 | D53: =IF(C53="","", IF(C53>=33,"Pass","Fail")) -> Fail | E53: =(IF(C53="","",IF(D53="Fail","F",IF(C53>=80,"A+",IF(C53>=70,"A",IF(C53>=60,"A-",IF(C53>=50,"B",IF(C53>=40,"C",IF(C53>=33,"D","F"))))))))) -> F | F53: =(IF(C53="","",IF(E53="F",0,IF(C53>=80,5,IF(C53>=70,4,IF(C53>=60,3.5,IF(C53>=50,3,IF(C53>=40,2,IF(C53>=33,1,0))))))))) -> 0
A54: ='Student Basic Info'!A54 -> 553 | C54: =IF(B54=0, "",B54) | D54: =IF(C54="","", IF(C54>=33,"Pass","Fail")) | E54: =(IF(C54="","",IF(D54="Fail","F",IF(C54>=80,"A+",IF(C54>=70,"A",IF(C54>=60,"A-",IF(C54>=50,"B",IF(C54>=40,"C",IF(C54>=33,"D","F"))))))))) | F54: =(IF(C54="","",IF(E54="F",0,IF(C54>=80,5,IF(C54>=70,4,IF(C54>=60,3.5,IF(C54>=50,3,IF(C54>=40,2,IF(C54>=33,1,0)))))))))
A55: ='Student Basic Info'!A55 -> 554 | B55: 12 | C55: =IF(B55=0, "",B55) -> 12 | D55: =IF(C55="","", IF(C55>=33,"Pass","Fail")) -> Fail | E55: =(IF(C55="","",IF(D55="Fail","F",IF(C55>=80,"A+",IF(C55>=70,"A",IF(C55>=60,"A-",IF(C55>=50,"B",IF(C55>=40,"C",IF(C55>=33,"D","F"))))))))) -> F | F55: =(IF(C55="","",IF(E55="F",0,IF(C55>=80,5,IF(C55>=70,4,IF(C55>=60,3.5,IF(C55>=50,3,IF(C55>=40,2,IF(C55>=33,1,0))))))))) -> 0
A56: ='Student Basic Info'!A56 -> 555 | B56: 28 | C56: =IF(B56=0, "",B56) -> 28 | D56: =IF(C56="","", IF(C56>=33,"Pass","Fail")) -> Fail | E56: =(IF(C56="","",IF(D56="Fail","F",IF(C56>=80,"A+",IF(C56>=70,"A",IF(C56>=60,"A-",IF(C56>=50,"B",IF(C56>=40,"C",IF(C56>=33,"D","F"))))))))) -> F | F56: =(IF(C56="","",IF(E56="F",0,IF(C56>=80,5,IF(C56>=70,4,IF(C56>=60,3.5,IF(C56>=50,3,IF(C56>=40,2,IF(C56>=33,1,0))))))))) -> 0
A57: ='Student Basic Info'!A57 -> 556 | B57: 27 | C57: =IF(B57=0, "",B57) -> 27 | D57: =IF(C57="","", IF(C57>=33,"Pass","Fail")) -> Fail | E57: =(IF(C57="","",IF(D57="Fail","F",IF(C57>=80,"A+",IF(C57>=70,"A",IF(C57>=60,"A-",IF(C57>=50,"B",IF(C57>=40,"C",IF(C57>=33,"D","F"))))))))) -> F | F57: =(IF(C57="","",IF(E57="F",0,IF(C57>=80,5,IF(C57>=70,4,IF(C57>=60,3.5,IF(C57>=50,3,IF(C57>=40,2,IF(C57>=33,1,0))))))))) -> 0
A58: ='Student Basic Info'!A58 -> 557 | B58: 33 | C58: =IF(B58=0, "",B58) -> 33 | D58: =IF(C58="","", IF(C58>=33,"Pass","Fail")) -> Pass | E58: =(IF(C58="","",IF(D58="Fail","F",IF(C58>=80,"A+",IF(C58>=70,"A",IF(C58>=60,"A-",IF(C58>=50,"B",IF(C58>=40,"C",IF(C58>=33,"D","F"))))))))) -> D | F58: =(IF(C58="","",IF(E58="F",0,IF(C58>=80,5,IF(C58>=70,4,IF(C58>=60,3.5,IF(C58>=50,3,IF(C58>=40,2,IF(C58>=33,1,0))))))))) -> 1
A59: ='Student Basic Info'!A59 -> 558 | B59: 33 | C59: =IF(B59=0, "",B59) -> 33 | D59: =IF(C59="","", IF(C59>=33,"Pass","Fail")) -> Pass | E59: =(IF(C59="","",IF(D59="Fail","F",IF(C59>=80,"A+",IF(C59>=70,"A",IF(C59>=60,"A-",IF(C59>=50,"B",IF(C59>=40,"C",IF(C59>=33,"D","F"))))))))) -> D | F59: =(IF(C59="","",IF(E59="F",0,IF(C59>=80,5,IF(C59>=70,4,IF(C59>=60,3.5,IF(C59>=50,3,IF(C59>=40,2,IF(C59>=33,1,0))))))))) -> 1
A60: ='Student Basic Info'!A60 -> 559 | B60: 41 | C60: =IF(B60=0, "",B60) -> 41 | D60: =IF(C60="","", IF(C60>=33,"Pass","Fail")) -> Pass | E60: =(IF(C60="","",IF(D60="Fail","F",IF(C60>=80,"A+",IF(C60>=70,"A",IF(C60>=60,"A-",IF(C60>=50,"B",IF(C60>=40,"C",IF(C60>=33,"D","F"))))))))) -> C | F60: =(IF(C60="","",IF(E60="F",0,IF(C60>=80,5,IF(C60>=70,4,IF(C60>=60,3.5,IF(C60>=50,3,IF(C60>=40,2,IF(C60>=33,1,0))))))))) -> 2
A61: ='Student Basic Info'!A61 -> 560 | B61: 16 | C61: =IF(B61=0, "",B61) -> 16 | D61: =IF(C61="","", IF(C61>=33,"Pass","Fail")) -> Fail | E61: =(IF(C61="","",IF(D61="Fail","F",IF(C61>=80,"A+",IF(C61>=70,"A",IF(C61>=60,"A-",IF(C61>=50,"B",IF(C61>=40,"C",IF(C61>=33,"D","F"))))))))) -> F | F61: =(IF(C61="","",IF(E61="F",0,IF(C61>=80,5,IF(C61>=70,4,IF(C61>=60,3.5,IF(C61>=50,3,IF(C61>=40,2,IF(C61>=33,1,0))))))))) -> 0
A62: ='Student Basic Info'!A62 -> 561 | B62: 14 | C62: =IF(B62=0, "",B62) -> 14 | D62: =IF(C62="","", IF(C62>=33,"Pass","Fail")) -> Fail | E62: =(IF(C62="","",IF(D62="Fail","F",IF(C62>=80,"A+",IF(C62>=70,"A",IF(C62>=60,"A-",IF(C62>=50,"B",IF(C62>=40,"C",IF(C62>=33,"D","F"))))))))) -> F | F62: =(IF(C62="","",IF(E62="F",0,IF(C62>=80,5,IF(C62>=70,4,IF(C62>=60,3.5,IF(C62>=50,3,IF(C62>=40,2,IF(C62>=33,1,0))))))))) -> 0
A63: ='Student Basic Info'!A63 -> 562 | C63: =IF(B63=0, "",B63) | D63: =IF(C63="","", IF(C63>=33,"Pass","Fail")) | E63: =(IF(C63="","",IF(D63="Fail","F",IF(C63>=80,"A+",IF(C63>=70,"A",IF(C63>=60,"A-",IF(C63>=50,"B",IF(C63>=40,"C",IF(C63>=33,"D","F"))))))))) | F63: =(IF(C63="","",IF(E63="F",0,IF(C63>=80,5,IF(C63>=70,4,IF(C63>=60,3.5,IF(C63>=50,3,IF(C63>=40,2,IF(C63>=33,1,0)))))))))
A64: ='Student Basic Info'!A64 -> 563 | C64: =IF(B64=0, "",B64) | D64: =IF(C64="","", IF(C64>=33,"Pass","Fail")) | E64: =(IF(C64="","",IF(D64="Fail","F",IF(C64>=80,"A+",IF(C64>=70,"A",IF(C64>=60,"A-",IF(C64>=50,"B",IF(C64>=40,"C",IF(C64>=33,"D","F"))))))))) | F64: =(IF(C64="","",IF(E64="F",0,IF(C64>=80,5,IF(C64>=70,4,IF(C64>=60,3.5,IF(C64>=50,3,IF(C64>=40,2,IF(C64>=33,1,0)))))))))
A65: ='Student Basic Info'!A65 -> 564 | C65: =IF(B65=0, "",B65) | D65: =IF(C65="","", IF(C65>=33,"Pass","Fail")) | E65: =(IF(C65="","",IF(D65="Fail","F",IF(C65>=80,"A+",IF(C65>=70,"A",IF(C65>=60,"A-",IF(C65>=50,"B",IF(C65>=40,"C",IF(C65>=33,"D","F"))))))))) | F65: =(IF(C65="","",IF(E65="F",0,IF(C65>=80,5,IF(C65>=70,4,IF(C65>=60,3.5,IF(C65>=50,3,IF(C65>=40,2,IF(C65>=33,1,0)))))))))
A66: ='Student Basic Info'!A66 -> 565 | B66: 19 | C66: =IF(B66=0, "",B66) -> 19 | D66: =IF(C66="","", IF(C66>=33,"Pass","Fail")) -> Fail | E66: =(IF(C66="","",IF(D66="Fail","F",IF(C66>=80,"A+",IF(C66>=70,"A",IF(C66>=60,"A-",IF(C66>=50,"B",IF(C66>=40,"C",IF(C66>=33,"D","F"))))))))) -> F | F66: =(IF(C66="","",IF(E66="F",0,IF(C66>=80,5,IF(C66>=70,4,IF(C66>=60,3.5,IF(C66>=50,3,IF(C66>=40,2,IF(C66>=33,1,0))))))))) -> 0
A67: ='Student Basic Info'!A67 -> 566 | C67: =IF(B67=0, "",B67) | D67: =IF(C67="","", IF(C67>=33,"Pass","Fail")) | E67: =(IF(C67="","",IF(D67="Fail","F",IF(C67>=80,"A+",IF(C67>=70,"A",IF(C67>=60,"A-",IF(C67>=50,"B",IF(C67>=40,"C",IF(C67>=33,"D","F"))))))))) | F67: =(IF(C67="","",IF(E67="F",0,IF(C67>=80,5,IF(C67>=70,4,IF(C67>=60,3.5,IF(C67>=50,3,IF(C67>=40,2,IF(C67>=33,1,0)))))))))
A68: ='Student Basic Info'!A68 -> 567 | B68: 9 | C68: =IF(B68=0, "",B68) -> 9 | D68: =IF(C68="","", IF(C68>=33,"Pass","Fail")) -> Fail | E68: =(IF(C68="","",IF(D68="Fail","F",IF(C68>=80,"A+",IF(C68>=70,"A",IF(C68>=60,"A-",IF(C68>=50,"B",IF(C68>=40,"C",IF(C68>=33,"D","F"))))))))) -> F | F68: =(IF(C68="","",IF(E68="F",0,IF(C68>=80,5,IF(C68>=70,4,IF(C68>=60,3.5,IF(C68>=50,3,IF(C68>=40,2,IF(C68>=33,1,0))))))))) -> 0
A69: ='Student Basic Info'!A69 -> 568 | B69: 9 | C69: =IF(B69=0, "",B69) -> 9 | D69: =IF(C69="","", IF(C69>=33,"Pass","Fail")) -> Fail | E69: =(IF(C69="","",IF(D69="Fail","F",IF(C69>=80,"A+",IF(C69>=70,"A",IF(C69>=60,"A-",IF(C69>=50,"B",IF(C69>=40,"C",IF(C69>=33,"D","F"))))))))) -> F | F69: =(IF(C69="","",IF(E69="F",0,IF(C69>=80,5,IF(C69>=70,4,IF(C69>=60,3.5,IF(C69>=50,3,IF(C69>=40,2,IF(C69>=33,1,0))))))))) -> 0
A70: ='Student Basic Info'!A70 -> 569 | C70: =IF(B70=0, "",B70) | D70: =IF(C70="","", IF(C70>=33,"Pass","Fail")) | E70: =(IF(C70="","",IF(D70="Fail","F",IF(C70>=80,"A+",IF(C70>=70,"A",IF(C70>=60,"A-",IF(C70>=50,"B",IF(C70>=40,"C",IF(C70>=33,"D","F"))))))))) | F70: =(IF(C70="","",IF(E70="F",0,IF(C70>=80,5,IF(C70>=70,4,IF(C70>=60,3.5,IF(C70>=50,3,IF(C70>=40,2,IF(C70>=33,1,0)))))))))
A71: ='Student Basic Info'!A71 -> 570 | C71: =IF(B71=0, "",B71) | D71: =IF(C71="","", IF(C71>=33,"Pass","Fail")) | E71: =(IF(C71="","",IF(D71="Fail","F",IF(C71>=80,"A+",IF(C71>=70,"A",IF(C71>=60,"A-",IF(C71>=50,"B",IF(C71>=40,"C",IF(C71>=33,"D","F"))))))))) | F71: =(IF(C71="","",IF(E71="F",0,IF(C71>=80,5,IF(C71>=70,4,IF(C71>=60,3.5,IF(C71>=50,3,IF(C71>=40,2,IF(C71>=33,1,0)))))))))
A72: ='Student Basic Info'!A72 -> 571 | C72: =IF(B72=0, "",B72) | D72: =IF(C72="","", IF(C72>=33,"Pass","Fail")) | E72: =(IF(C72="","",IF(D72="Fail","F",IF(C72>=80,"A+",IF(C72>=70,"A",IF(C72>=60,"A-",IF(C72>=50,"B",IF(C72>=40,"C",IF(C72>=33,"D","F"))))))))) | F72: =(IF(C72="","",IF(E72="F",0,IF(C72>=80,5,IF(C72>=70,4,IF(C72>=60,3.5,IF(C72>=50,3,IF(C72>=40,2,IF(C72>=33,1,0)))))))))
A73: ='Student Basic Info'!A73 -> 572 | B73: 7 | C73: =IF(B73=0, "",B73) -> 7 | D73: =IF(C73="","", IF(C73>=33,"Pass","Fail")) -> Fail | E73: =(IF(C73="","",IF(D73="Fail","F",IF(C73>=80,"A+",IF(C73>=70,"A",IF(C73>=60,"A-",IF(C73>=50,"B",IF(C73>=40,"C",IF(C73>=33,"D","F"))))))))) -> F | F73: =(IF(C73="","",IF(E73="F",0,IF(C73>=80,5,IF(C73>=70,4,IF(C73>=60,3.5,IF(C73>=50,3,IF(C73>=40,2,IF(C73>=33,1,0))))))))) -> 0
A74: ='Student Basic Info'!A74 -> 573 | B74: 9 | C74: =IF(B74=0, "",B74) -> 9 | D74: =IF(C74="","", IF(C74>=33,"Pass","Fail")) -> Fail | E74: =(IF(C74="","",IF(D74="Fail","F",IF(C74>=80,"A+",IF(C74>=70,"A",IF(C74>=60,"A-",IF(C74>=50,"B",IF(C74>=40,"C",IF(C74>=33,"D","F"))))))))) -> F | F74: =(IF(C74="","",IF(E74="F",0,IF(C74>=80,5,IF(C74>=70,4,IF(C74>=60,3.5,IF(C74>=50,3,IF(C74>=40,2,IF(C74>=33,1,0))))))))) -> 0
A75: ='Student Basic Info'!A75 -> 574 | C75: =IF(B75=0, "",B75) | D75: =IF(C75="","", IF(C75>=33,"Pass","Fail")) | E75: =(IF(C75="","",IF(D75="Fail","F",IF(C75>=80,"A+",IF(C75>=70,"A",IF(C75>=60,"A-",IF(C75>=50,"B",IF(C75>=40,"C",IF(C75>=33,"D","F"))))))))) | F75: =(IF(C75="","",IF(E75="F",0,IF(C75>=80,5,IF(C75>=70,4,IF(C75>=60,3.5,IF(C75>=50,3,IF(C75>=40,2,IF(C75>=33,1,0)))))))))
A76: ='Student Basic Info'!A76 -> 575 | C76: =IF(B76=0, "",B76) | D76: =IF(C76="","", IF(C76>=33,"Pass","Fail")) | E76: =(IF(C76="","",IF(D76="Fail","F",IF(C76>=80,"A+",IF(C76>=70,"A",IF(C76>=60,"A-",IF(C76>=50,"B",IF(C76>=40,"C",IF(C76>=33,"D","F"))))))))) | F76: =(IF(C76="","",IF(E76="F",0,IF(C76>=80,5,IF(C76>=70,4,IF(C76>=60,3.5,IF(C76>=50,3,IF(C76>=40,2,IF(C76>=33,1,0)))))))))
A77: ='Student Basic Info'!A77 -> 576 | C77: =IF(B77=0, "",B77) | D77: =IF(C77="","", IF(C77>=33,"Pass","Fail")) | E77: =(IF(C77="","",IF(D77="Fail","F",IF(C77>=80,"A+",IF(C77>=70,"A",IF(C77>=60,"A-",IF(C77>=50,"B",IF(C77>=40,"C",IF(C77>=33,"D","F"))))))))) | F77: =(IF(C77="","",IF(E77="F",0,IF(C77>=80,5,IF(C77>=70,4,IF(C77>=60,3.5,IF(C77>=50,3,IF(C77>=40,2,IF(C77>=33,1,0)))))))))
A78: ='Student Basic Info'!A78 -> 577 | B78: 12 | C78: =IF(B78=0, "",B78) -> 12 | D78: =IF(C78="","", IF(C78>=33,"Pass","Fail")) -> Fail | E78: =(IF(C78="","",IF(D78="Fail","F",IF(C78>=80,"A+",IF(C78>=70,"A",IF(C78>=60,"A-",IF(C78>=50,"B",IF(C78>=40,"C",IF(C78>=33,"D","F"))))))))) -> F | F78: =(IF(C78="","",IF(E78="F",0,IF(C78>=80,5,IF(C78>=70,4,IF(C78>=60,3.5,IF(C78>=50,3,IF(C78>=40,2,IF(C78>=33,1,0))))))))) -> 0
A79: ='Student Basic Info'!A79 -> 578 | C79: =IF(B79=0, "",B79) | D79: =IF(C79="","", IF(C79>=33,"Pass","Fail")) | E79: =(IF(C79="","",IF(D79="Fail","F",IF(C79>=80,"A+",IF(C79>=70,"A",IF(C79>=60,"A-",IF(C79>=50,"B",IF(C79>=40,"C",IF(C79>=33,"D","F"))))))))) | F79: =(IF(C79="","",IF(E79="F",0,IF(C79>=80,5,IF(C79>=70,4,IF(C79>=60,3.5,IF(C79>=50,3,IF(C79>=40,2,IF(C79>=33,1,0)))))))))
A80: ='Student Basic Info'!A80 -> 579 | C80: =IF(B80=0, "",B80) | D80: =IF(C80="","", IF(C80>=33,"Pass","Fail")) | E80: =(IF(C80="","",IF(D80="Fail","F",IF(C80>=80,"A+",IF(C80>=70,"A",IF(C80>=60,"A-",IF(C80>=50,"B",IF(C80>=40,"C",IF(C80>=33,"D","F"))))))))) | F80: =(IF(C80="","",IF(E80="F",0,IF(C80>=80,5,IF(C80>=70,4,IF(C80>=60,3.5,IF(C80>=50,3,IF(C80>=40,2,IF(C80>=33,1,0)))))))))
A81: ='Student Basic Info'!A81 -> 580 | C81: =IF(B81=0, "",B81) | D81: =IF(C81="","", IF(C81>=33,"Pass","Fail")) | E81: =(IF(C81="","",IF(D81="Fail","F",IF(C81>=80,"A+",IF(C81>=70,"A",IF(C81>=60,"A-",IF(C81>=50,"B",IF(C81>=40,"C",IF(C81>=33,"D","F"))))))))) | F81: =(IF(C81="","",IF(E81="F",0,IF(C81>=80,5,IF(C81>=70,4,IF(C81>=60,3.5,IF(C81>=50,3,IF(C81>=40,2,IF(C81>=33,1,0)))))))))
A82: ='Student Basic Info'!A82 -> 581 | B82: 3 | C82: =IF(B82=0, "",B82) -> 3 | D82: =IF(C82="","", IF(C82>=33,"Pass","Fail")) -> Fail | E82: =(IF(C82="","",IF(D82="Fail","F",IF(C82>=80,"A+",IF(C82>=70,"A",IF(C82>=60,"A-",IF(C82>=50,"B",IF(C82>=40,"C",IF(C82>=33,"D","F"))))))))) -> F | F82: =(IF(C82="","",IF(E82="F",0,IF(C82>=80,5,IF(C82>=70,4,IF(C82>=60,3.5,IF(C82>=50,3,IF(C82>=40,2,IF(C82>=33,1,0))))))))) -> 0
A83: ='Student Basic Info'!A83 -> 582 | C83: =IF(B83=0, "",B83) | D83: =IF(C83="","", IF(C83>=33,"Pass","Fail")) | E83: =(IF(C83="","",IF(D83="Fail","F",IF(C83>=80,"A+",IF(C83>=70,"A",IF(C83>=60,"A-",IF(C83>=50,"B",IF(C83>=40,"C",IF(C83>=33,"D","F"))))))))) | F83: =(IF(C83="","",IF(E83="F",0,IF(C83>=80,5,IF(C83>=70,4,IF(C83>=60,3.5,IF(C83>=50,3,IF(C83>=40,2,IF(C83>=33,1,0)))))))))
A84: ='Student Basic Info'!A84 -> 583 | C84: =IF(B84=0, "",B84) | D84: =IF(C84="","", IF(C84>=33,"Pass","Fail")) | E84: =(IF(C84="","",IF(D84="Fail","F",IF(C84>=80,"A+",IF(C84>=70,"A",IF(C84>=60,"A-",IF(C84>=50,"B",IF(C84>=40,"C",IF(C84>=33,"D","F"))))))))) | F84: =(IF(C84="","",IF(E84="F",0,IF(C84>=80,5,IF(C84>=70,4,IF(C84>=60,3.5,IF(C84>=50,3,IF(C84>=40,2,IF(C84>=33,1,0)))))))))
A85: ='Student Basic Info'!A85 -> 584 | B85: 5 | C85: =IF(B85=0, "",B85) -> 5 | D85: =IF(C85="","", IF(C85>=33,"Pass","Fail")) -> Fail | E85: =(IF(C85="","",IF(D85="Fail","F",IF(C85>=80,"A+",IF(C85>=70,"A",IF(C85>=60,"A-",IF(C85>=50,"B",IF(C85>=40,"C",IF(C85>=33,"D","F"))))))))) -> F | F85: =(IF(C85="","",IF(E85="F",0,IF(C85>=80,5,IF(C85>=70,4,IF(C85>=60,3.5,IF(C85>=50,3,IF(C85>=40,2,IF(C85>=33,1,0))))))))) -> 0
A86: ='Student Basic Info'!A86 -> 585 | B86: 22 | C86: =IF(B86=0, "",B86) -> 22 | D86: =IF(C86="","", IF(C86>=33,"Pass","Fail")) -> Fail | E86: =(IF(C86="","",IF(D86="Fail","F",IF(C86>=80,"A+",IF(C86>=70,"A",IF(C86>=60,"A-",IF(C86>=50,"B",IF(C86>=40,"C",IF(C86>=33,"D","F"))))))))) -> F | F86: =(IF(C86="","",IF(E86="F",0,IF(C86>=80,5,IF(C86>=70,4,IF(C86>=60,3.5,IF(C86>=50,3,IF(C86>=40,2,IF(C86>=33,1,0))))))))) -> 0
A87: ='Student Basic Info'!A87 -> 586 | B87: 24 | C87: =IF(B87=0, "",B87) -> 24 | D87: =IF(C87="","", IF(C87>=33,"Pass","Fail")) -> Fail | E87: =(IF(C87="","",IF(D87="Fail","F",IF(C87>=80,"A+",IF(C87>=70,"A",IF(C87>=60,"A-",IF(C87>=50,"B",IF(C87>=40,"C",IF(C87>=33,"D","F"))))))))) -> F | F87: =(IF(C87="","",IF(E87="F",0,IF(C87>=80,5,IF(C87>=70,4,IF(C87>=60,3.5,IF(C87>=50,3,IF(C87>=40,2,IF(C87>=33,1,0))))))))) -> 0
A88: ='Student Basic Info'!A88 -> 587 | B88: 21 | C88: =IF(B88=0, "",B88) -> 21 | D88: =IF(C88="","", IF(C88>=33,"Pass","Fail")) -> Fail | E88: =(IF(C88="","",IF(D88="Fail","F",IF(C88>=80,"A+",IF(C88>=70,"A",IF(C88>=60,"A-",IF(C88>=50,"B",IF(C88>=40,"C",IF(C88>=33,"D","F"))))))))) -> F | F88: =(IF(C88="","",IF(E88="F",0,IF(C88>=80,5,IF(C88>=70,4,IF(C88>=60,3.5,IF(C88>=50,3,IF(C88>=40,2,IF(C88>=33,1,0))))))))) -> 0
A89: ='Student Basic Info'!A89 -> 588 | B89: 23 | C89: =IF(B89=0, "",B89) -> 23 | D89: =IF(C89="","", IF(C89>=33,"Pass","Fail")) -> Fail | E89: =(IF(C89="","",IF(D89="Fail","F",IF(C89>=80,"A+",IF(C89>=70,"A",IF(C89>=60,"A-",IF(C89>=50,"B",IF(C89>=40,"C",IF(C89>=33,"D","F"))))))))) -> F | F89: =(IF(C89="","",IF(E89="F",0,IF(C89>=80,5,IF(C89>=70,4,IF(C89>=60,3.5,IF(C89>=50,3,IF(C89>=40,2,IF(C89>=33,1,0))))))))) -> 0
A90: ='Student Basic Info'!A90 -> 589 | C90: =IF(B90=0, "",B90) | D90: =IF(C90="","", IF(C90>=33,"Pass","Fail")) | E90: =(IF(C90="","",IF(D90="Fail","F",IF(C90>=80,"A+",IF(C90>=70,"A",IF(C90>=60,"A-",IF(C90>=50,"B",IF(C90>=40,"C",IF(C90>=33,"D","F"))))))))) | F90: =(IF(C90="","",IF(E90="F",0,IF(C90>=80,5,IF(C90>=70,4,IF(C90>=60,3.5,IF(C90>=50,3,IF(C90>=40,2,IF(C90>=33,1,0)))))))))
A91: ='Student Basic Info'!A91 -> 590 | C91: =IF(B91=0, "",B91) | D91: =IF(C91="","", IF(C91>=33,"Pass","Fail")) | E91: =(IF(C91="","",IF(D91="Fail","F",IF(C91>=80,"A+",IF(C91>=70,"A",IF(C91>=60,"A-",IF(C91>=50,"B",IF(C91>=40,"C",IF(C91>=33,"D","F"))))))))) | F91: =(IF(C91="","",IF(E91="F",0,IF(C91>=80,5,IF(C91>=70,4,IF(C91>=60,3.5,IF(C91>=50,3,IF(C91>=40,2,IF(C91>=33,1,0)))))))))
A92: ='Student Basic Info'!A92 -> 591 | B92: 33 | C92: =IF(B92=0, "",B92) -> 33 | D92: =IF(C92="","", IF(C92>=33,"Pass","Fail")) -> Pass | E92: =(IF(C92="","",IF(D92="Fail","F",IF(C92>=80,"A+",IF(C92>=70,"A",IF(C92>=60,"A-",IF(C92>=50,"B",IF(C92>=40,"C",IF(C92>=33,"D","F"))))))))) -> D | F92: =(IF(C92="","",IF(E92="F",0,IF(C92>=80,5,IF(C92>=70,4,IF(C92>=60,3.5,IF(C92>=50,3,IF(C92>=40,2,IF(C92>=33,1,0))))))))) -> 1
A93: ='Student Basic Info'!A93 -> 592 | B93: 10 | C93: =IF(B93=0, "",B93) -> 10 | D93: =IF(C93="","", IF(C93>=33,"Pass","Fail")) -> Fail | E93: =(IF(C93="","",IF(D93="Fail","F",IF(C93>=80,"A+",IF(C93>=70,"A",IF(C93>=60,"A-",IF(C93>=50,"B",IF(C93>=40,"C",IF(C93>=33,"D","F"))))))))) -> F | F93: =(IF(C93="","",IF(E93="F",0,IF(C93>=80,5,IF(C93>=70,4,IF(C93>=60,3.5,IF(C93>=50,3,IF(C93>=40,2,IF(C93>=33,1,0))))))))) -> 0
A94: ='Student Basic Info'!A94 -> 593 | B94: 40 | C94: =IF(B94=0, "",B94) -> 40 | D94: =IF(C94="","", IF(C94>=33,"Pass","Fail")) -> Pass | E94: =(IF(C94="","",IF(D94="Fail","F",IF(C94>=80,"A+",IF(C94>=70,"A",IF(C94>=60,"A-",IF(C94>=50,"B",IF(C94>=40,"C",IF(C94>=33,"D","F"))))))))) -> C | F94: =(IF(C94="","",IF(E94="F",0,IF(C94>=80,5,IF(C94>=70,4,IF(C94>=60,3.5,IF(C94>=50,3,IF(C94>=40,2,IF(C94>=33,1,0))))))))) -> 2
A95: ='Student Basic Info'!A95 -> 594 | C95: =IF(B95=0, "",B95) | D95: =IF(C95="","", IF(C95>=33,"Pass","Fail")) | E95: =(IF(C95="","",IF(D95="Fail","F",IF(C95>=80,"A+",IF(C95>=70,"A",IF(C95>=60,"A-",IF(C95>=50,"B",IF(C95>=40,"C",IF(C95>=33,"D","F"))))))))) | F95: =(IF(C95="","",IF(E95="F",0,IF(C95>=80,5,IF(C95>=70,4,IF(C95>=60,3.5,IF(C95>=50,3,IF(C95>=40,2,IF(C95>=33,1,0)))))))))
A96: ='Student Basic Info'!A96 -> 595 | C96: =IF(B96=0, "",B96) | D96: =IF(C96="","", IF(C96>=33,"Pass","Fail")) | E96: =(IF(C96="","",IF(D96="Fail","F",IF(C96>=80,"A+",IF(C96>=70,"A",IF(C96>=60,"A-",IF(C96>=50,"B",IF(C96>=40,"C",IF(C96>=33,"D","F"))))))))) | F96: =(IF(C96="","",IF(E96="F",0,IF(C96>=80,5,IF(C96>=70,4,IF(C96>=60,3.5,IF(C96>=50,3,IF(C96>=40,2,IF(C96>=33,1,0)))))))))
A97: ='Student Basic Info'!A97 -> 596 | C97: =IF(B97=0, "",B97) | D97: =IF(C97="","", IF(C97>=33,"Pass","Fail")) | E97: =(IF(C97="","",IF(D97="Fail","F",IF(C97>=80,"A+",IF(C97>=70,"A",IF(C97>=60,"A-",IF(C97>=50,"B",IF(C97>=40,"C",IF(C97>=33,"D","F"))))))))) | F97: =(IF(C97="","",IF(E97="F",0,IF(C97>=80,5,IF(C97>=70,4,IF(C97>=60,3.5,IF(C97>=50,3,IF(C97>=40,2,IF(C97>=33,1,0)))))))))
A98: ='Student Basic Info'!A98 -> 597 | C98: =IF(B98=0, "",B98) | D98: =IF(C98="","", IF(C98>=33,"Pass","Fail")) | E98: =(IF(C98="","",IF(D98="Fail","F",IF(C98>=80,"A+",IF(C98>=70,"A",IF(C98>=60,"A-",IF(C98>=50,"B",IF(C98>=40,"C",IF(C98>=33,"D","F"))))))))) | F98: =(IF(C98="","",IF(E98="F",0,IF(C98>=80,5,IF(C98>=70,4,IF(C98>=60,3.5,IF(C98>=50,3,IF(C98>=40,2,IF(C98>=33,1,0)))))))))
A99: ='Student Basic Info'!A99 -> 598 | C99: =IF(B99=0, "",B99) | D99: =IF(C99="","", IF(C99>=33,"Pass","Fail")) | E99: =(IF(C99="","",IF(D99="Fail","F",IF(C99>=80,"A+",IF(C99>=70,"A",IF(C99>=60,"A-",IF(C99>=50,"B",IF(C99>=40,"C",IF(C99>=33,"D","F"))))))))) | F99: =(IF(C99="","",IF(E99="F",0,IF(C99>=80,5,IF(C99>=70,4,IF(C99>=60,3.5,IF(C99>=50,3,IF(C99>=40,2,IF(C99>=33,1,0)))))))))
A100: ='Student Basic Info'!A100 -> 599 | C100: =IF(B100=0, "",B100) | D100: =IF(C100="","", IF(C100>=33,"Pass","Fail")) | E100: =(IF(C100="","",IF(D100="Fail","F",IF(C100>=80,"A+",IF(C100>=70,"A",IF(C100>=60,"A-",IF(C100>=50,"B",IF(C100>=40,"C",IF(C100>=33,"D","F"))))))))) | F100: =(IF(C100="","",IF(E100="F",0,IF(C100>=80,5,IF(C100>=70,4,IF(C100>=60,3.5,IF(C100>=50,3,IF(C100>=40,2,IF(C100>=33,1,0)))))))))
...

Sheet ICT
A1: Roll | B1: Marks MCQ | C1: Marks CQ | D1: Practical | E1: Total Marks | F1: Result | G1: Grade | H1: GPA
A2: ='Student Basic Info'!A2 -> 501 | E2: =IF(B2+C2+D2=0, "", B2+C2+D2) | F2: =IF(E2="","", IF(AND(B2 >=8,C2>=17,D2>=8),"Pass","Fail")) | G2: =(IF(E2="","",IF(F2="Fail","F",IF(E2>=80,"A+",IF(E2>=70,"A",IF(E2>=60,"A-",IF(E2>=50,"B",IF(E2>=40,"C",IF(E2>=33,"D","F"))))))))) | H2: =(IF(E2="","",IF(G2="F",0,IF(E2>=80,5,IF(E2>=70,4,IF(E2>=60,3.5,IF(E2>=50,3,IF(E2>=40,2,IF(E2>=33,1,0)))))))))
A3: ='Student Basic Info'!A3 -> 502 | E3: =IF(B3+C3+D3=0, "", B3+C3+D3) | F3: =IF(E3="","", IF(AND(B3 >=8,C3>=17,D3>=8),"Pass","Fail")) | G3: =(IF(E3="","",IF(F3="Fail","F",IF(E3>=80,"A+",IF(E3>=70,"A",IF(E3>=60,"A-",IF(E3>=50,"B",IF(E3>=40,"C",IF(E3>=33,"D","F"))))))))) | H3: =(IF(E3="","",IF(G3="F",0,IF(E3>=80,5,IF(E3>=70,4,IF(E3>=60,3.5,IF(E3>=50,3,IF(E3>=40,2,IF(E3>=33,1,0)))))))))
A4: ='Student Basic Info'!A4 -> 503 | B4: 8 | C4: 18 | D4: 20 | E4: =IF(B4+C4+D4=0, "", B4+C4+D4) -> 46 | F4: =IF(E4="","", IF(AND(B4 >=8,C4>=17,D4>=8),"Pass","Fail")) -> Pass | G4: =(IF(E4="","",IF(F4="Fail","F",IF(E4>=80,"A+",IF(E4>=70,"A",IF(E4>=60,"A-",IF(E4>=50,"B",IF(E4>=40,"C",IF(E4>=33,"D","F"))))))))) -> C | H4: =(IF(E4="","",IF(G4="F",0,IF(E4>=80,5,IF(E4>=70,4,IF(E4>=60,3.5,IF(E4>=50,3,IF(E4>=40,2,IF(E4>=33,1,0))))))))) -> 2
A5: ='Student Basic Info'!A5 -> 504 | B5: 7 | C5: 17 | D5: 20 | E5: =IF(B5+C5+D5=0, "", B5+C5+D5) -> 44 | F5: =IF(E5="","", IF(AND(B5 >=8,C5>=17,D5>=8),"Pass","Fail")) -> Fail | G5: =(IF(E5="","",IF(F5="Fail","F",IF(E5>=80,"A+",IF(E5>=70,"A",IF(E5>=60,"A-",IF(E5>=50,"B",IF(E5>=40,"C",IF(E5>=33,"D","F"))))))))) -> F | H5: =(IF(E5="","",IF(G5="F",0,IF(E5>=80,5,IF(E5>=70,4,IF(E5>=60,3.5,IF(E5>=50,3,IF(E5>=40,2,IF(E5>=33,1,0))))))))) -> 0
A6: ='Student Basic Info'!A6 -> 505 | E6: =IF(B6+C6+D6=0, "", B6+C6+D6) | F6: =IF(E6="","", IF(AND(B6 >=8,C6>=17,D6>=8),"Pass","Fail")) | G6: =(IF(E6="","",IF(F6="Fail","F",IF(E6>=80,"A+",IF(E6>=70,"A",IF(E6>=60,"A-",IF(E6>=50,"B",IF(E6>=40,"C",IF(E6>=33,"D","F"))))))))) | H6: =(IF(E6="","",IF(G6="F",0,IF(E6>=80,5,IF(E6>=70,4,IF(E6>=60,3.5,IF(E6>=50,3,IF(E6>=40,2,IF(E6>=33,1,0)))))))))
A7: ='Student Basic Info'!A7 -> 506 | E7: =IF(B7+C7+D7=0, "", B7+C7+D7) | F7: =IF(E7="","", IF(AND(B7 >=8,C7>=17,D7>=8),"Pass","Fail")) | G7: =(IF(E7="","",IF(F7="Fail","F",IF(E7>=80,"A+",IF(E7>=70,"A",IF(E7>=60,"A-",IF(E7>=50,"B",IF(E7>=40,"C",IF(E7>=33,"D","F"))))))))) | H7: =(IF(E7="","",IF(G7="F",0,IF(E7>=80,5,IF(E7>=70,4,IF(E7>=60,3.5,IF(E7>=50,3,IF(E7>=40,2,IF(E7>=33,1,0)))))))))
A8: ='Student Basic Info'!A8 -> 507 | B8: 16 | C8: 30 | D8: 24 | E8: =IF(B8+C8+D8=0, "", B8+C8+D8) -> 70 | F8: =IF(E8="","", IF(AND(B8 >=8,C8>=17,D8>=8),"Pass","Fail")) -> Pass | G8: =(IF(E8="","",IF(F8="Fail","F",IF(E8>=80,"A+",IF(E8>=70,"A",IF(E8>=60,"A-",IF(E8>=50,"B",IF(E8>=40,"C",IF(E8>=33,"D","F"))))))))) -> A | H8: =(IF(E8="","",IF(G8="F",0,IF(E8>=80,5,IF(E8>=70,4,IF(E8>=60,3.5,IF(E8>=50,3,IF(E8>=40,2,IF(E8>=33,1,0))))))))) -> 4
A9: ='Student Basic Info'!A9 -> 508 | B9: 11 | C9: 19 | D9: 20 | E9: =IF(B9+C9+D9=0, "", B9+C9+D9) -> 50 | F9: =IF(E9="","", IF(AND(B9 >=8,C9>=17,D9>=8),"Pass","Fail")) -> Pass | G9: =(IF(E9="","",IF(F9="Fail","F",IF(E9>=80,"A+",IF(E9>=70,"A",IF(E9>=60,"A-",IF(E9>=50,"B",IF(E9>=40,"C",IF(E9>=33,"D","F"))))))))) -> B | H9: =(IF(E9="","",IF(G9="F",0,IF(E9>=80,5,IF(E9>=70,4,IF(E9>=60,3.5,IF(E9>=50,3,IF(E9>=40,2,IF(E9>=33,1,0))))))))) -> 3
A10: ='Student Basic Info'!A10 -> 509 | B10: 12 | C10: 16 | D10: 22 | E10: =IF(B10+C10+D10=0, "", B10+C10+D10) -> 50 | F10: =IF(E10="","", IF(AND(B10 >=8,C10>=17,D10>=8),"Pass","Fail")) -> Fail | G10: =(IF(E10="","",IF(F10="Fail","F",IF(E10>=80,"A+",IF(E10>=70,"A",IF(E10>=60,"A-",IF(E10>=50,"B",IF(E10>=40,"C",IF(E10>=33,"D","F"))))))))) -> F | H10: =(IF(E10="","",IF(G10="F",0,IF(E10>=80,5,IF(E10>=70,4,IF(E10>=60,3.5,IF(E10>=50,3,IF(E10>=40,2,IF(E10>=33,1,0))))))))) -> 0
A11: ='Student Basic Info'!A11 -> 510 | E11: =IF(B11+C11+D11=0, "", B11+C11+D11) | F11: =IF(E11="","", IF(AND(B11 >=8,C11>=17,D11>=8),"Pass","Fail")) | G11: =(IF(E11="","",IF(F11="Fail","F",IF(E11>=80,"A+",IF(E11>=70,"A",IF(E11>=60,"A-",IF(E11>=50,"B",IF(E11>=40,"C",IF(E11>=33,"D","F"))))))))) | H11: =(IF(E11="","",IF(G11="F",0,IF(E11>=80,5,IF(E11>=70,4,IF(E11>=60,3.5,IF(E11>=50,3,IF(E11>=40,2,IF(E11>=33,1,0)))))))))
A12: ='Student Basic Info'!A12 -> 511 | B12: 12 | C12: 7 | D12: 24 | E12: =IF(B12+C12+D12=0, "", B12+C12+D12) -> 43 | F12: =IF(E12="","", IF(AND(B12 >=8,C12>=17,D12>=8),"Pass","Fail")) -> Fail | G12: =(IF(E12="","",IF(F12="Fail","F",IF(E12>=80,"A+",IF(E12>=70,"A",IF(E12>=60,"A-",IF(E12>=50,"B",IF(E12>=40,"C",IF(E12>=33,"D","F"))))))))) -> F | H12: =(IF(E12="","",IF(G12="F",0,IF(E12>=80,5,IF(E12>=70,4,IF(E12>=60,3.5,IF(E12>=50,3,IF(E12>=40,2,IF(E12>=33,1,0))))))))) -> 0
A13: ='Student Basic Info'!A13 -> 512 | B13: 7 | C13: 6 | D13: 20 | E13: =IF(B13+C13+D13=0, "", B13+C13+D13) -> 33 | F13: =IF(E13="","", IF(AND(B13 >=8,C13>=17,D13>=8),"Pass","Fail")) -> Fail | G13: =(IF(E13="","",IF(F13="Fail","F",IF(E13>=80,"A+",IF(E13>=70,"A",IF(E13>=60,"A-",IF(E13>=50,"B",IF(E13>=40,"C",IF(E13>=33,"D","F"))))))))) -> F | H13: =(IF(E13="","",IF(G13="F",0,IF(E13>=80,5,IF(E13>=70,4,IF(E13>=60,3.5,IF(E13>=50,3,IF(E13>=40,2,IF(E13>=33,1,0))))))))) -> 0
A14: ='Student Basic Info'!A14 -> 513 | B14: 13 | C14: 8 | D14: 24 | E14: =IF(B14+C14+D14=0, "", B14+C14+D14) -> 45 | F14: =IF(E14="","", IF(AND(B14 >=8,C14>=17,D14>=8),"Pass","Fail")) -> Fail | G14: =(IF(E14="","",IF(F14="Fail","F",IF(E14>=80,"A+",IF(E14>=70,"A",IF(E14>=60,"A-",IF(E14>=50,"B",IF(E14>=40,"C",IF(E14>=33,"D","F"))))))))) -> F | H14: =(IF(E14="","",IF(G14="F",0,IF(E14>=80,5,IF(E14>=70,4,IF(E14>=60,3.5,IF(E14>=50,3,IF(E14>=40,2,IF(E14>=33,1,0))))))))) -> 0
A15: ='Student Basic Info'!A15 -> 514 | E15: =IF(B15+C15+D15=0, "", B15+C15+D15) | F15: =IF(E15="","", IF(AND(B15 >=8,C15>=17,D15>=8),"Pass","Fail")) | G15: =(IF(E15="","",IF(F15="Fail","F",IF(E15>=80,"A+",IF(E15>=70,"A",IF(E15>=60,"A-",IF(E15>=50,"B",IF(E15>=40,"C",IF(E15>=33,"D","F"))))))))) | H15: =(IF(E15="","",IF(G15="F",0,IF(E15>=80,5,IF(E15>=70,4,IF(E15>=60,3.5,IF(E15>=50,3,IF(E15>=40,2,IF(E15>=33,1,0)))))))))
A16: ='Student Basic Info'!A16 -> 515 | B16: 12 | C16: 27 | D16: 18 | E16: =IF(B16+C16+D16=0, "", B16+C16+D16) -> 57 | F16: =IF(E16="","", IF(AND(B16 >=8,C16>=17,D16>=8),"Pass","Fail")) -> Pass | G16: =(IF(E16="","",IF(F16="Fail","F",IF(E16>=80,"A+",IF(E16>=70,"A",IF(E16>=60,"A-",IF(E16>=50,"B",IF(E16>=40,"C",IF(E16>=33,"D","F"))))))))) -> B | H16: =(IF(E16="","",IF(G16="F",0,IF(E16>=80,5,IF(E16>=70,4,IF(E16>=60,3.5,IF(E16>=50,3,IF(E16>=40,2,IF(E16>=33,1,0))))))))) -> 3
A17: ='Student Basic Info'!A17 -> 516 | B17: 15 | C17: 39 | D17: 24 | E17: =IF(B17+C17+D17=0, "", B17+C17+D17) -> 78 | F17: =IF(E17="","", IF(AND(B17 >=8,C17>=17,D17>=8),"Pass","Fail")) -> Pass | G17: =(IF(E17="","",IF(F17="Fail","F",IF(E17>=80,"A+",IF(E17>=70,"A",IF(E17>=60,"A-",IF(E17>=50,"B",IF(E17>=40,"C",IF(E17>=33,"D","F"))))))))) -> A | H17: =(IF(E17="","",IF(G17="F",0,IF(E17>=80,5,IF(E17>=70,4,IF(E17>=60,3.5,IF(E17>=50,3,IF(E17>=40,2,IF(E17>=33,1,0))))))))) -> 4
A18: ='Student Basic Info'!A18 -> 517 | E18: =IF(B18+C18+D18=0, "", B18+C18+D18) | F18: =IF(E18="","", IF(AND(B18 >=8,C18>=17,D18>=8),"Pass","Fail")) | G18: =(IF(E18="","",IF(F18="Fail","F",IF(E18>=80,"A+",IF(E18>=70,"A",IF(E18>=60,"A-",IF(E18>=50,"B",IF(E18>=40,"C",IF(E18>=33,"D","F"))))))))) | H18: =(IF(E18="","",IF(G18="F",0,IF(E18>=80,5,IF(E18>=70,4,IF(E18>=60,3.5,IF(E18>=50,3,IF(E18>=40,2,IF(E18>=33,1,0)))))))))
A19: ='Student Basic Info'!A19 -> 518 | E19: =IF(B19+C19+D19=0, "", B19+C19+D19) | F19: =IF(E19="","", IF(AND(B19 >=8,C19>=17,D19>=8),"Pass","Fail")) | G19: =(IF(E19="","",IF(F19="Fail","F",IF(E19>=80,"A+",IF(E19>=70,"A",IF(E19>=60,"A-",IF(E19>=50,"B",IF(E19>=40,"C",IF(E19>=33,"D","F"))))))))) | H19: =(IF(E19="","",IF(G19="F",0,IF(E19>=80,5,IF(E19>=70,4,IF(E19>=60,3.5,IF(E19>=50,3,IF(E19>=40,2,IF(E19>=33,1,0)))))))))
A20: ='Student Basic Info'!A20 -> 519 | B20: 15 | C20: 17 | D20: 23 | E20: =IF(B20+C20+D20=0, "", B20+C20+D20) -> 55 | F20: =IF(E20="","", IF(AND(B20 >=8,C20>=17,D20>=8),"Pass","Fail")) -> Pass | G20: =(IF(E20="","",IF(F20="Fail","F",IF(E20>=80,"A+",IF(E20>=70,"A",IF(E20>=60,"A-",IF(E20>=50,"B",IF(E20>=40,"C",IF(E20>=33,"D","F"))))))))) -> B | H20: =(IF(E20="","",IF(G20="F",0,IF(E20>=80,5,IF(E20>=70,4,IF(E20>=60,3.5,IF(E20>=50,3,IF(E20>=40,2,IF(E20>=33,1,0))))))))) -> 3
A21: ='Student Basic Info'!A21 -> 520 | B21: 14 | C21: 2 | D21: 24 | E21: =IF(B21+C21+D21=0, "", B21+C21+D21) -> 40 | F21: =IF(E21="","", IF(AND(B21 >=8,C21>=17,D21>=8),"Pass","Fail")) -> Fail | G21: =(IF(E21="","",IF(F21="Fail","F",IF(E21>=80,"A+",IF(E21>=70,"A",IF(E21>=60,"A-",IF(E21>=50,"B",IF(E21>=40,"C",IF(E21>=33,"D","F"))))))))) -> F | H21: =(IF(E21="","",IF(G21="F",0,IF(E21>=80,5,IF(E21>=70,4,IF(E21>=60,3.5,IF(E21>=50,3,IF(E21>=40,2,IF(E21>=33,1,0))))))))) -> 0
A22: ='Student Basic Info'!A22 -> 521 | E22: =IF(B22+C22+D22=0, "", B22+C22+D22) | F22: =IF(E22="","", IF(AND(B22 >=8,C22>=17,D22>=8),"Pass","Fail")) | G22: =(IF(E22="","",IF(F22="Fail","F",IF(E22>=80,"A+",IF(E22>=70,"A",IF(E22>=60,"A-",IF(E22>=50,"B",IF(E22>=40,"C",IF(E22>=33,"D","F"))))))))) | H22: =(IF(E22="","",IF(G22="F",0,IF(E22>=80,5,IF(E22>=70,4,IF(E22>=60,3.5,IF(E22>=50,3,IF(E22>=40,2,IF(E22>=33,1,0)))))))))
A23: ='Student Basic Info'!A23 -> 522 | B23: 19 | C23: 40 | D23: 24 | E23: =IF(B23+C23+D23=0, "", B23+C23+D23) -> 83 | F23: =IF(E23="","", IF(AND(B23 >=8,C23>=17,D23>=8),"Pass","Fail")) -> Pass | G23: =(IF(E23="","",IF(F23="Fail","F",IF(E23>=80,"A+",IF(E23>=70,"A",IF(E23>=60,"A-",IF(E23>=50,"B",IF(E23>=40,"C",IF(E23>=33,"D","F"))))))))) -> A+ | H23: =(IF(E23="","",IF(G23="F",0,IF(E23>=80,5,IF(E23>=70,4,IF(E23>=60,3.5,IF(E23>=50,3,IF(E23>=40,2,IF(E23>=33,1,0))))))))) -> 5
A24: ='Student Basic Info'!A24 -> 523 | B24: 10 | C24: 11 | D24: 20 | E24: =IF(B24+C24+D24=0, "", B24+C24+D24) -> 41 | F24: =IF(E24="","", IF(AND(B24 >=8,C24>=17,D24>=8),"Pass","Fail")) -> Fail | G24: =(IF(E24="","",IF(F24="Fail","F",IF(E24>=80,"A+",IF(E24>=70,"A",IF(E24>=60,"A-",IF(E24>=50,"B",IF(E24>=40,"C",IF(E24>=33,"D","F"))))))))) -> F | H24: =(IF(E24="","",IF(G24="F",0,IF(E24>=80,5,IF(E24>=70,4,IF(E24>=60,3.5,IF(E24>=50,3,IF(E24>=40,2,IF(E24>=33,1,0))))))))) -> 0
A25: ='Student Basic Info'!A25 -> 524 | B25: 13 | C25: 21 | D25: 20 | E25: =IF(B25+C25+D25=0, "", B25+C25+D25) -> 54 | F25: =IF(E25="","", IF(AND(B25 >=8,C25>=17,D25>=8),"Pass","Fail")) -> Pass | G25: =(IF(E25="","",IF(F25="Fail","F",IF(E25>=80,"A+",IF(E25>=70,"A",IF(E25>=60,"A-",IF(E25>=50,"B",IF(E25>=40,"C",IF(E25>=33,"D","F"))))))))) -> B | H25: =(IF(E25="","",IF(G25="F",0,IF(E25>=80,5,IF(E25>=70,4,IF(E25>=60,3.5,IF(E25>=50,3,IF(E25>=40,2,IF(E25>=33,1,0))))))))) -> 3
A26: ='Student Basic Info'!A26 -> 525 | E26: =IF(B26+C26+D26=0, "", B26+C26+D26) | F26: =IF(E26="","", IF(AND(B26 >=8,C26>=17,D26>=8),"Pass","Fail")) | G26: =(IF(E26="","",IF(F26="Fail","F",IF(E26>=80,"A+",IF(E26>=70,"A",IF(E26>=60,"A-",IF(E26>=50,"B",IF(E26>=40,"C",IF(E26>=33,"D","F"))))))))) | H26: =(IF(E26="","",IF(G26="F",0,IF(E26>=80,5,IF(E26>=70,4,IF(E26>=60,3.5,IF(E26>=50,3,IF(E26>=40,2,IF(E26>=33,1,0)))))))))
A27: ='Student Basic Info'!A27 -> 526 | B27: 16 | C27: 19 | D27: 18 | E27: =IF(B27+C27+D27=0, "", B27+C27+D27) -> 53 | F27: =IF(E27="","", IF(AND(B27 >=8,C27>=17,D27>=8),"Pass","Fail")) -> Pass | G27: =(IF(E27="","",IF(F27="Fail","F",IF(E27>=80,"A+",IF(E27>=70,"A",IF(E27>=60,"A-",IF(E27>=50,"B",IF(E27>=40,"C",IF(E27>=33,"D","F"))))))))) -> B | H27: =(IF(E27="","",IF(G27="F",0,IF(E27>=80,5,IF(E27>=70,4,IF(E27>=60,3.5,IF(E27>=50,3,IF(E27>=40,2,IF(E27>=33,1,0))))))))) -> 3
A28: ='Student Basic Info'!A28 -> 527 | E28: =IF(B28+C28+D28=0, "", B28+C28+D28) | F28: =IF(E28="","", IF(AND(B28 >=8,C28>=17,D28>=8),"Pass","Fail")) | G28: =(IF(E28="","",IF(F28="Fail","F",IF(E28>=80,"A+",IF(E28>=70,"A",IF(E28>=60,"A-",IF(E28>=50,"B",IF(E28>=40,"C",IF(E28>=33,"D","F"))))))))) | H28: =(IF(E28="","",IF(G28="F",0,IF(E28>=80,5,IF(E28>=70,4,IF(E28>=60,3.5,IF(E28>=50,3,IF(E28>=40,2,IF(E28>=33,1,0)))))))))
A29: ='Student Basic Info'!A29 -> 528 | B29: 16 | C29: 36 | D29: 20 | E29: =IF(B29+C29+D29=0, "", B29+C29+D29) -> 72 | F29: =IF(E29="","", IF(AND(B29 >=8,C29>=17,D29>=8),"Pass","Fail")) -> Pass | G29: =(IF(E29="","",IF(F29="Fail","F",IF(E29>=80,"A+",IF(E29>=70,"A",IF(E29>=60,"A-",IF(E29>=50,"B",IF(E29>=40,"C",IF(E29>=33,"D","F"))))))))) -> A | H29: =(IF(E29="","",IF(G29="F",0,IF(E29>=80,5,IF(E29>=70,4,IF(E29>=60,3.5,IF(E29>=50,3,IF(E29>=40,2,IF(E29>=33,1,0))))))))) -> 4
A30: ='Student Basic Info'!A30 -> 529 | B30: 15 | C30: 2 | D30: 24 | E30: =IF(B30+C30+D30=0, "", B30+C30+D30) -> 41 | F30: =IF(E30="","", IF(AND(B30 >=8,C30>=17,D30>=8),"Pass","Fail")) -> Fail | G30: =(IF(E30="","",IF(F30="Fail","F",IF(E30>=80,"A+",IF(E30>=70,"A",IF(E30>=60,"A-",IF(E30>=50,"B",IF(E30>=40,"C",IF(E30>=33,"D","F"))))))))) -> F | H30: =(IF(E30="","",IF(G30="F",0,IF(E30>=80,5,IF(E30>=70,4,IF(E30>=60,3.5,IF(E30>=50,3,IF(E30>=40,2,IF(E30>=33,1,0))))))))) -> 0
A31: ='Student Basic Info'!A31 -> 530 | E31: =IF(B31+C31+D31=0, "", B31+C31+D31) | F31: =IF(E31="","", IF(AND(B31 >=8,C31>=17,D31>=8),"Pass","Fail")) | G31: =(IF(E31="","",IF(F31="Fail","F",IF(E31>=80,"A+",IF(E31>=70,"A",IF(E31>=60,"A-",IF(E31>=50,"B",IF(E31>=40,"C",IF(E31>=33,"D","F"))))))))) | H31: =(IF(E31="","",IF(G31="F",0,IF(E31>=80,5,IF(E31>=70,4,IF(E31>=60,3.5,IF(E31>=50,3,IF(E31>=40,2,IF(E31>=33,1,0)))))))))
A32: ='Student Basic Info'!A32 -> 531 | B32: 9 | C32: 8 | D32: 8 | E32: =IF(B32+C32+D32=0, "", B32+C32+D32) -> 25 | F32: =IF(E32="","", IF(AND(B32 >=8,C32>=17,D32>=8),"Pass","Fail")) -> Fail | G32: =(IF(E32="","",IF(F32="Fail","F",IF(E32>=80,"A+",IF(E32>=70,"A",IF(E32>=60,"A-",IF(E32>=50,"B",IF(E32>=40,"C",IF(E32>=33,"D","F"))))))))) -> F | H32: =(IF(E32="","",IF(G32="F",0,IF(E32>=80,5,IF(E32>=70,4,IF(E32>=60,3.5,IF(E32>=50,3,IF(E32>=40,2,IF(E32>=33,1,0))))))))) -> 0
A33: ='Student Basic Info'!A33 -> 532 | E33: =IF(B33+C33+D33=0, "", B33+C33+D33) | F33: =IF(E33="","", IF(AND(B33 >=8,C33>=17,D33>=8),"Pass","Fail")) | G33: =(IF(E33="","",IF(F33="Fail","F",IF(E33>=80,"A+",IF(E33>=70,"A",IF(E33>=60,"A-",IF(E33>=50,"B",IF(E33>=40,"C",IF(E33>=33,"D","F"))))))))) | H33: =(IF(E33="","",IF(G33="F",0,IF(E33>=80,5,IF(E33>=70,4,IF(E33>=60,3.5,IF(E33>=50,3,IF(E33>=40,2,IF(E33>=33,1,0)))))))))
A34: ='Student Basic Info'!A34 -> 533 | E34: =IF(B34+C34+D34=0, "", B34+C34+D34) | F34: =IF(E34="","", IF(AND(B34 >=8,C34>=17,D34>=8),"Pass","Fail")) | G34: =(IF(E34="","",IF(F34="Fail","F",IF(E34>=80,"A+",IF(E34>=70,"A",IF(E34>=60,"A-",IF(E34>=50,"B",IF(E34>=40,"C",IF(E34>=33,"D","F"))))))))) | H34: =(IF(E34="","",IF(G34="F",0,IF(E34>=80,5,IF(E34>=70,4,IF(E34>=60,3.5,IF(E34>=50,3,IF(E34>=40,2,IF(E34>=33,1,0)))))))))
A35: ='Student Basic Info'!A35 -> 534 | E35: =IF(B35+C35+D35=0, "", B35+C35+D35) | F35: =IF(E35="","", IF(AND(B35 >=8,C35>=17,D35>=8),"Pass","Fail")) | G35: =(IF(E35="","",IF(F35="Fail","F",IF(E35>=80,"A+",IF(E35>=70,"A",IF(E35>=60,"A-",IF(E35>=50,"B",IF(E35>=40,"C",IF(E35>=33,"D","F"))))))))) | H35: =(IF(E35="","",IF(G35="F",0,IF(E35>=80,5,IF(E35>=70,4,IF(E35>=60,3.5,IF(E35>=50,3,IF(E35>=40,2,IF(E35>=33,1,0)))))))))
A36: ='Student Basic Info'!A36 -> 535 | E36: =IF(B36+C36+D36=0, "", B36+C36+D36) | F36: =IF(E36="","", IF(AND(B36 >=8,C36>=17,D36>=8),"Pass","Fail")) | G36: =(IF(E36="","",IF(F36="Fail","F",IF(E36>=80,"A+",IF(E36>=70,"A",IF(E36>=60,"A-",IF(E36>=50,"B",IF(E36>=40,"C",IF(E36>=33,"D","F"))))))))) | H36: =(IF(E36="","",IF(G36="F",0,IF(E36>=80,5,IF(E36>=70,4,IF(E36>=60,3.5,IF(E36>=50,3,IF(E36>=40,2,IF(E36>=33,1,0)))))))))
A37: ='Student Basic Info'!A37 -> 536 | B37: 9 | C37: 6 | D37: 25 | E37: =IF(B37+C37+D37=0, "", B37+C37+D37) -> 40 | F37: =IF(E37="","", IF(AND(B37 >=8,C37>=17,D37>=8),"Pass","Fail")) -> Fail | G37: =(IF(E37="","",IF(F37="Fail","F",IF(E37>=80,"A+",IF(E37>=70,"A",IF(E37>=60,"A-",IF(E37>=50,"B",IF(E37>=40,"C",IF(E37>=33,"D","F"))))))))) -> F | H37: =(IF(E37="","",IF(G37="F",0,IF(E37>=80,5,IF(E37>=70,4,IF(E37>=60,3.5,IF(E37>=50,3,IF(E37>=40,2,IF(E37>=33,1,0))))))))) -> 0
A38: ='Student Basic Info'!A38 -> 537 | B38: 12 | C38: 9 | D38: 8 | E38: =IF(B38+C38+D38=0, "", B38+C38+D38) -> 29 | F38: =IF(E38="","", IF(AND(B38 >=8,C38>=17,D38>=8),"Pass","Fail")) -> Fail | G38: =(IF(E38="","",IF(F38="Fail","F",IF(E38>=80,"A+",IF(E38>=70,"A",IF(E38>=60,"A-",IF(E38>=50,"B",IF(E38>=40,"C",IF(E38>=33,"D","F"))))))))) -> F | H38: =(IF(E38="","",IF(G38="F",0,IF(E38>=80,5,IF(E38>=70,4,IF(E38>=60,3.5,IF(E38>=50,3,IF(E38>=40,2,IF(E38>=33,1,0))))))))) -> 0
A39: ='Student Basic Info'!A39 -> 538 | B39: 12 | C39: 7 | D39: 24 | E39: =IF(B39+C39+D39=0, "", B39+C39+D39) -> 43 | F39: =IF(E39="","", IF(AND(B39 >=8,C39>=17,D39>=8),"Pass","Fail")) -> Fail | G39: =(IF(E39="","",IF(F39="Fail","F",IF(E39>=80,"A+",IF(E39>=70,"A",IF(E39>=60,"A-",IF(E39>=50,"B",IF(E39>=40,"C",IF(E39>=33,"D","F"))))))))) -> F | H39: =(IF(E39="","",IF(G39="F",0,IF(E39>=80,5,IF(E39>=70,4,IF(E39>=60,3.5,IF(E39>=50,3,IF(E39>=40,2,IF(E39>=33,1,0))))))))) -> 0
A40: ='Student Basic Info'!A40 -> 539 | B40: 10 | C40: 4 | D40: 8 | E40: =IF(B40+C40+D40=0, "", B40+C40+D40) -> 22 | F40: =IF(E40="","", IF(AND(B40 >=8,C40>=17,D40>=8),"Pass","Fail")) -> Fail | G40: =(IF(E40="","",IF(F40="Fail","F",IF(E40>=80,"A+",IF(E40>=70,"A",IF(E40>=60,"A-",IF(E40>=50,"B",IF(E40>=40,"C",IF(E40>=33,"D","F"))))))))) -> F | H40: =(IF(E40="","",IF(G40="F",0,IF(E40>=80,5,IF(E40>=70,4,IF(E40>=60,3.5,IF(E40>=50,3,IF(E40>=40,2,IF(E40>=33,1,0))))))))) -> 0
A41: ='Student Basic Info'!A41 -> 540 | B41: 10 | C41: 9 | D41: 8 | E41: =IF(B41+C41+D41=0, "", B41+C41+D41) -> 27 | F41: =IF(E41="","", IF(AND(B41 >=8,C41>=17,D41>=8),"Pass","Fail")) -> Fail | G41: =(IF(E41="","",IF(F41="Fail","F",IF(E41>=80,"A+",IF(E41>=70,"A",IF(E41>=60,"A-",IF(E41>=50,"B",IF(E41>=40,"C",IF(E41>=33,"D","F"))))))))) -> F | H41: =(IF(E41="","",IF(G41="F",0,IF(E41>=80,5,IF(E41>=70,4,IF(E41>=60,3.5,IF(E41>=50,3,IF(E41>=40,2,IF(E41>=33,1,0))))))))) -> 0
A42: ='Student Basic Info'!A42 -> 541 | E42: =IF(B42+C42+D42=0, "", B42+C42+D42) | F42: =IF(E42="","", IF(AND(B42 >=8,C42>=17,D42>=8),"Pass","Fail")) | G42: =(IF(E42="","",IF(F42="Fail","F",IF(E42>=80,"A+",IF(E42>=70,"A",IF(E42>=60,"A-",IF(E42>=50,"B",IF(E42>=40,"C",IF(E42>=33,"D","F"))))))))) | H42: =(IF(E42="","",IF(G42="F",0,IF(E42>=80,5,IF(E42>=70,4,IF(E42>=60,3.5,IF(E42>=50,3,IF(E42>=40,2,IF(E42>=33,1,0)))))))))
A43: ='Student Basic Info'!A43 -> 542 | B43: 11 | C43: 9 | D43: 20 | E43: =IF(B43+C43+D43=0, "", B43+C43+D43) -> 40 | F43: =IF(E43="","", IF(AND(B43 >=8,C43>=17,D43>=8),"Pass","Fail")) -> Fail | G43: =(IF(E43="","",IF(F43="Fail","F",IF(E43>=80,"A+",IF(E43>=70,"A",IF(E43>=60,"A-",IF(E43>=50,"B",IF(E43>=40,"C",IF(E43>=33,"D","F"))))))))) -> F | H43: =(IF(E43="","",IF(G43="F",0,IF(E43>=80,5,IF(E43>=70,4,IF(E43>=60,3.5,IF(E43>=50,3,IF(E43>=40,2,IF(E43>=33,1,0))))))))) -> 0
A44: ='Student Basic Info'!A44 -> 543 | B44: 10 | C44: 10 | D44: 8 | E44: =IF(B44+C44+D44=0, "", B44+C44+D44) -> 28 | F44: =IF(E44="","", IF(AND(B44 >=8,C44>=17,D44>=8),"Pass","Fail")) -> Fail | G44: =(IF(E44="","",IF(F44="Fail","F",IF(E44>=80,"A+",IF(E44>=70,"A",IF(E44>=60,"A-",IF(E44>=50,"B",IF(E44>=40,"C",IF(E44>=33,"D","F"))))))))) -> F | H44: =(IF(E44="","",IF(G44="F",0,IF(E44>=80,5,IF(E44>=70,4,IF(E44>=60,3.5,IF(E44>=50,3,IF(E44>=40,2,IF(E44>=33,1,0))))))))) -> 0
A45: ='Student Basic Info'!A45 -> 544 | B45: 11 | C45: 22 | D45: 20 | E45: =IF(B45+C45+D45=0, "", B45+C45+D45) -> 53 | F45: =IF(E45="","", IF(AND(B45 >=8,C45>=17,D45>=8),"Pass","Fail")) -> Pass | G45: =(IF(E45="","",IF(F45="Fail","F",IF(E45>=80,"A+",IF(E45>=70,"A",IF(E45>=60,"A-",IF(E45>=50,"B",IF(E45>=40,"C",IF(E45>=33,"D","F"))))))))) -> B | H45: =(IF(E45="","",IF(G45="F",0,IF(E45>=80,5,IF(E45>=70,4,IF(E45>=60,3.5,IF(E45>=50,3,IF(E45>=40,2,IF(E45>=33,1,0))))))))) -> 3
A46: ='Student Basic Info'!A46 -> 545 | E46: =IF(B46+C46+D46=0, "", B46+C46+D46) | F46: =IF(E46="","", IF(AND(B46 >=8,C46>=17,D46>=8),"Pass","Fail")) | G46: =(IF(E46="","",IF(F46="Fail","F",IF(E46>=80,"A+",IF(E46>=70,"A",IF(E46>=60,"A-",IF(E46>=50,"B",IF(E46>=40,"C",IF(E46>=33,"D","F"))))))))) | H46: =(IF(E46="","",IF(G46="F",0,IF(E46>=80,5,IF(E46>=70,4,IF(E46>=60,3.5,IF(E46>=50,3,IF(E46>=40,2,IF(E46>=33,1,0)))))))))
A47: ='Student Basic Info'!A47 -> 546 | B47: 12 | C47: 17 | D47: 18 | E47: =IF(B47+C47+D47=0, "", B47+C47+D47) -> 47 | F47: =IF(E47="","", IF(AND(B47 >=8,C47>=17,D47>=8),"Pass","Fail")) -> Pass | G47: =(IF(E47="","",IF(F47="Fail","F",IF(E47>=80,"A+",IF(E47>=70,"A",IF(E47>=60,"A-",IF(E47>=50,"B",IF(E47>=40,"C",IF(E47>=33,"D","F"))))))))) -> C | H47: =(IF(E47="","",IF(G47="F",0,IF(E47>=80,5,IF(E47>=70,4,IF(E47>=60,3.5,IF(E47>=50,3,IF(E47>=40,2,IF(E47>=33,1,0))))))))) -> 2
A48: ='Student Basic Info'!A48 -> 547 | E48: =IF(B48+C48+D48=0, "", B48+C48+D48) | F48: =IF(E48="","", IF(AND(B48 >=8,C48>=17,D48>=8),"Pass","Fail")) | G48: =(IF(E48="","",IF(F48="Fail","F",IF(E48>=80,"A+",IF(E48>=70,"A",IF(E48>=60,"A-",IF(E48>=50,"B",IF(E48>=40,"C",IF(E48>=33,"D","F"))))))))) | H48: =(IF(E48="","",IF(G48="F",0,IF(E48>=80,5,IF(E48>=70,4,IF(E48>=60,3.5,IF(E48>=50,3,IF(E48>=40,2,IF(E48>=33,1,0)))))))))
A49: ='Student Basic Info'!A49 -> 548 | E49: =IF(B49+C49+D49=0, "", B49+C49+D49) | F49: =IF(E49="","", IF(AND(B49 >=8,C49>=17,D49>=8),"Pass","Fail")) | G49: =(IF(E49="","",IF(F49="Fail","F",IF(E49>=80,"A+",IF(E49>=70,"A",IF(E49>=60,"A-",IF(E49>=50,"B",IF(E49>=40,"C",IF(E49>=33,"D","F"))))))))) | H49: =(IF(E49="","",IF(G49="F",0,IF(E49>=80,5,IF(E49>=70,4,IF(E49>=60,3.5,IF(E49>=50,3,IF(E49>=40,2,IF(E49>=33,1,0)))))))))
A50: ='Student Basic Info'!A50 -> 549 | B50: 12 | C50: 9 | D50: 18 | E50: =IF(B50+C50+D50=0, "", B50+C50+D50) -> 39 | F50: =IF(E50="","", IF(AND(B50 >=8,C50>=17,D50>=8),"Pass","Fail")) -> Fail | G50: =(IF(E50="","",IF(F50="Fail","F",IF(E50>=80,"A+",IF(E50>=70,"A",IF(E50>=60,"A-",IF(E50>=50,"B",IF(E50>=40,"C",IF(E50>=33,"D","F"))))))))) -> F | H50: =(IF(E50="","",IF(G50="F",0,IF(E50>=80,5,IF(E50>=70,4,IF(E50>=60,3.5,IF(E50>=50,3,IF(E50>=40,2,IF(E50>=33,1,0))))))))) -> 0
A51: ='Student Basic Info'!A51 -> 550 | E51: =IF(B51+C51+D51=0, "", B51+C51+D51) | F51: =IF(E51="","", IF(AND(B51 >=8,C51>=17,D51>=8),"Pass","Fail")) | G51: =(IF(E51="","",IF(F51="Fail","F",IF(E51>=80,"A+",IF(E51>=70,"A",IF(E51>=60,"A-",IF(E51>=50,"B",IF(E51>=40,"C",IF(E51>=33,"D","F"))))))))) | H51: =(IF(E51="","",IF(G51="F",0,IF(E51>=80,5,IF(E51>=70,4,IF(E51>=60,3.5,IF(E51>=50,3,IF(E51>=40,2,IF(E51>=33,1,0)))))))))
A52: ='Student Basic Info'!A52 -> 551 | E52: =IF(B52+C52+D52=0, "", B52+C52+D52) | F52: =IF(E52="","", IF(AND(B52 >=8,C52>=17,D52>=8),"Pass","Fail")) | G52: =(IF(E52="","",IF(F52="Fail","F",IF(E52>=80,"A+",IF(E52>=70,"A",IF(E52>=60,"A-",IF(E52>=50,"B",IF(E52>=40,"C",IF(E52>=33,"D","F"))))))))) | H52: =(IF(E52="","",IF(G52="F",0,IF(E52>=80,5,IF(E52>=70,4,IF(E52>=60,3.5,IF(E52>=50,3,IF(E52>=40,2,IF(E52>=33,1,0)))))))))
A53: ='Student Basic Info'!A53 -> 552 | B53: 10 | C53: 8 | D53: 20 | E53: =IF(B53+C53+D53=0, "", B53+C53+D53) -> 38 | F53: =IF(E53="","", IF(AND(B53 >=8,C53>=17,D53>=8),"Pass","Fail")) -> Fail | G53: =(IF(E53="","",IF(F53="Fail","F",IF(E53>=80,"A+",IF(E53>=70,"A",IF(E53>=60,"A-",IF(E53>=50,"B",IF(E53>=40,"C",IF(E53>=33,"D","F"))))))))) -> F | H53: =(IF(E53="","",IF(G53="F",0,IF(E53>=80,5,IF(E53>=70,4,IF(E53>=60,3.5,IF(E53>=50,3,IF(E53>=40,2,IF(E53>=33,1,0))))))))) -> 0
A54: ='Student Basic Info'!A54 -> 553 | E54: =IF(B54+C54+D54=0, "", B54+C54+D54) | F54: =IF(E54="","", IF(AND(B54 >=8,C54>=17,D54>=8),"Pass","Fail")) | G54: =(IF(E54="","",IF(F54="Fail","F",IF(E54>=80,"A+",IF(E54>=70,"A",IF(E54>=60,"A-",IF(E54>=50,"B",IF(E54>=40,"C",IF(E54>=33,"D","F"))))))))) | H54: =(IF(E54="","",IF(G54="F",0,IF(E54>=80,5,IF(E54>=70,4,IF(E54>=60,3.5,IF(E54>=50,3,IF(E54>=40,2,IF(E54>=33,1,0)))))))))
A55: ='Student Basic Info'!A55 -> 554 | B55: 9 | C55: 6 | D55: 8 | E55: =IF(B55+C55+D55=0, "", B55+C55+D55) -> 23 | F55: =IF(E55="","", IF(AND(B55 >=8,C55>=17,D55>=8),"Pass","Fail")) -> Fail | G55: =(IF(E55="","",IF(F55="Fail","F",IF(E55>=80,"A+",IF(E55>=70,"A",IF(E55>=60,"A-",IF(E55>=50,"B",IF(E55>=40,"C",IF(E55>=33,"D","F"))))))))) -> F | H55: =(IF(E55="","",IF(G55="F",0,IF(E55>=80,5,IF(E55>=70,4,IF(E55>=60,3.5,IF(E55>=50,3,IF(E55>=40,2,IF(E55>=33,1,0))))))))) -> 0
A56: ='Student Basic Info'!A56 -> 555 | B56: 13 | C56: 22 | D56: 18 | E56: =IF(B56+C56+D56=0, "", B56+C56+D56) -> 53 | F56: =IF(E56="","", IF(AND(B56 >=8,C56>=17,D56>=8),"Pass","Fail")) -> Pass | G56: =(IF(E56="","",IF(F56="Fail","F",IF(E56>=80,"A+",IF(E56>=70,"A",IF(E56>=60,"A-",IF(E56>=50,"B",IF(E56>=40,"C",IF(E56>=33,"D","F"))))))))) -> B | H56: =(IF(E56="","",IF(G56="F",0,IF(E56>=80,5,IF(E56>=70,4,IF(E56>=60,3.5,IF(E56>=50,3,IF(E56>=40,2,IF(E56>=33,1,0))))))))) -> 3
A57: ='Student Basic Info'!A57 -> 556 | B57: 10 | C57: 11 | D57: 20 | E57: =IF(B57+C57+D57=0, "", B57+C57+D57) -> 41 | F57: =IF(E57="","", IF(AND(B57 >=8,C57>=17,D57>=8),"Pass","Fail")) -> Fail | G57: =(IF(E57="","",IF(F57="Fail","F",IF(E57>=80,"A+",IF(E57>=70,"A",IF(E57>=60,"A-",IF(E57>=50,"B",IF(E57>=40,"C",IF(E57>=33,"D","F"))))))))) -> F | H57: =(IF(E57="","",IF(G57="F",0,IF(E57>=80,5,IF(E57>=70,4,IF(E57>=60,3.5,IF(E57>=50,3,IF(E57>=40,2,IF(E57>=33,1,0))))))))) -> 0
A58: ='Student Basic Info'!A58 -> 557 | B58: 13 | C58: 17 | D58: 18 | E58: =IF(B58+C58+D58=0, "", B58+C58+D58) -> 48 | F58: =IF(E58="","", IF(AND(B58 >=8,C58>=17,D58>=8),"Pass","Fail")) -> Pass | G58: =(IF(E58="","",IF(F58="Fail","F",IF(E58>=80,"A+",IF(E58>=70,"A",IF(E58>=60,"A-",IF(E58>=50,"B",IF(E58>=40,"C",IF(E58>=33,"D","F"))))))))) -> C | H58: =(IF(E58="","",IF(G58="F",0,IF(E58>=80,5,IF(E58>=70,4,IF(E58>=60,3.5,IF(E58>=50,3,IF(E58>=40,2,IF(E58>=33,1,0))))))))) -> 2
A59: ='Student Basic Info'!A59 -> 558 | B59: 10 | C59: 26 | D59: 20 | E59: =IF(B59+C59+D59=0, "", B59+C59+D59) -> 56 | F59: =IF(E59="","", IF(AND(B59 >=8,C59>=17,D59>=8),"Pass","Fail")) -> Pass | G59: =(IF(E59="","",IF(F59="Fail","F",IF(E59>=80,"A+",IF(E59>=70,"A",IF(E59>=60,"A-",IF(E59>=50,"B",IF(E59>=40,"C",IF(E59>=33,"D","F"))))))))) -> B | H59: =(IF(E59="","",IF(G59="F",0,IF(E59>=80,5,IF(E59>=70,4,IF(E59>=60,3.5,IF(E59>=50,3,IF(E59>=40,2,IF(E59>=33,1,0))))))))) -> 3
A60: ='Student Basic Info'!A60 -> 559 | B60: 18 | C60: 19 | D60: 20 | E60: =IF(B60+C60+D60=0, "", B60+C60+D60) -> 57 | F60: =IF(E60="","", IF(AND(B60 >=8,C60>=17,D60>=8),"Pass","Fail")) -> Pass | G60: =(IF(E60="","",IF(F60="Fail","F",IF(E60>=80,"A+",IF(E60>=70,"A",IF(E60>=60,"A-",IF(E60>=50,"B",IF(E60>=40,"C",IF(E60>=33,"D","F"))))))))) -> B | H60: =(IF(E60="","",IF(G60="F",0,IF(E60>=80,5,IF(E60>=70,4,IF(E60>=60,3.5,IF(E60>=50,3,IF(E60>=40,2,IF(E60>=33,1,0))))))))) -> 3
A61: ='Student Basic Info'!A61 -> 560 | B61: 11 | C61: 17 | D61: 18 | E61: =IF(B61+C61+D61=0, "", B61+C61+D61) -> 46 | F61: =IF(E61="","", IF(AND(B61 >=8,C61>=17,D61>=8),"Pass","Fail")) -> Pass | G61: =(IF(E61="","",IF(F61="Fail","F",IF(E61>=80,"A+",IF(E61>=70,"A",IF(E61>=60,"A-",IF(E61>=50,"B",IF(E61>=40,"C",IF(E61>=33,"D","F"))))))))) -> C | H61: =(IF(E61="","",IF(G61="F",0,IF(E61>=80,5,IF(E61>=70,4,IF(E61>=60,3.5,IF(E61>=50,3,IF(E61>=40,2,IF(E61>=33,1,0))))))))) -> 2
A62: ='Student Basic Info'!A62 -> 561 | B62: 7 | C62: 11 | D62: 24 | E62: =IF(B62+C62+D62=0, "", B62+C62+D62) -> 42 | F62: =IF(E62="","", IF(AND(B62 >=8,C62>=17,D62>=8),"Pass","Fail")) -> Fail | G62: =(IF(E62="","",IF(F62="Fail","F",IF(E62>=80,"A+",IF(E62>=70,"A",IF(E62>=60,"A-",IF(E62>=50,"B",IF(E62>=40,"C",IF(E62>=33,"D","F"))))))))) -> F | H62: =(IF(E62="","",IF(G62="F",0,IF(E62>=80,5,IF(E62>=70,4,IF(E62>=60,3.5,IF(E62>=50,3,IF(E62>=40,2,IF(E62>=33,1,0))))))))) -> 0
A63: ='Student Basic Info'!A63 -> 562 | E63: =IF(B63+C63+D63=0, "", B63+C63+D63) | F63: =IF(E63="","", IF(AND(B63 >=8,C63>=17,D63>=8),"Pass","Fail")) | G63: =(IF(E63="","",IF(F63="Fail","F",IF(E63>=80,"A+",IF(E63>=70,"A",IF(E63>=60,"A-",IF(E63>=50,"B",IF(E63>=40,"C",IF(E63>=33,"D","F"))))))))) | H63: =(IF(E63="","",IF(G63="F",0,IF(E63>=80,5,IF(E63>=70,4,IF(E63>=60,3.5,IF(E63>=50,3,IF(E63>=40,2,IF(E63>=33,1,0)))))))))
A64: ='Student Basic Info'!A64 -> 563 | E64: =IF(B64+C64+D64=0, "", B64+C64+D64) | F64: =IF(E64="","", IF(AND(B64 >=8,C64>=17,D64>=8),"Pass","Fail")) | G64: =(IF(E64="","",IF(F64="Fail","F",IF(E64>=80,"A+",IF(E64>=70,"A",IF(E64>=60,"A-",IF(E64>=50,"B",IF(E64>=40,"C",IF(E64>=33,"D","F"))))))))) | H64: =(IF(E64="","",IF(G64="F",0,IF(E64>=80,5,IF(E64>=70,4,IF(E64>=60,3.5,IF(E64>=50,3,IF(E64>=40,2,IF(E64>=33,1,0)))))))))
A65: ='Student Basic Info'!A65 -> 564 | E65: =IF(B65+C65+D65=0, "", B65+C65+D65) | F65: =IF(E65="","", IF(AND(B65 >=8,C65>=17,D65>=8),"Pass","Fail")) | G65: =(IF(E65="","",IF(F65="Fail","F",IF(E65>=80,"A+",IF(E65>=70,"A",IF(E65>=60,"A-",IF(E65>=50,"B",IF(E65>=40,"C",IF(E65>=33,"D","F"))))))))) | H65: =(IF(E65="","",IF(G65="F",0,IF(E65>=80,5,IF(E65>=70,4,IF(E65>=60,3.5,IF(E65>=50,3,IF(E65>=40,2,IF(E65>=33,1,0)))))))))
A66: ='Student Basic Info'!A66 -> 565 | B66: 11 | C66: 17 | D66: 20 | E66: =IF(B66+C66+D66=0, "", B66+C66+D66) -> 48 | F66: =IF(E66="","", IF(AND(B66 >=8,C66>=17,D66>=8),"Pass","Fail")) -> Pass | G66: =(IF(E66="","",IF(F66="Fail","F",IF(E66>=80,"A+",IF(E66>=70,"A",IF(E66>=60,"A-",IF(E66>=50,"B",IF(E66>=40,"C",IF(E66>=33,"D","F"))))))))) -> C | H66: =(IF(E66="","",IF(G66="F",0,IF(E66>=80,5,IF(E66>=70,4,IF(E66>=60,3.5,IF(E66>=50,3,IF(E66>=40,2,IF(E66>=33,1,0))))))))) -> 2
A67: ='Student Basic Info'!A67 -> 566 | E67: =IF(B67+C67+D67=0, "", B67+C67+D67) | F67: =IF(E67="","", IF(AND(B67 >=8,C67>=17,D67>=8),"Pass","Fail")) | G67: =(IF(E67="","",IF(F67="Fail","F",IF(E67>=80,"A+",IF(E67>=70,"A",IF(E67>=60,"A-",IF(E67>=50,"B",IF(E67>=40,"C",IF(E67>=33,"D","F"))))))))) | H67: =(IF(E67="","",IF(G67="F",0,IF(E67>=80,5,IF(E67>=70,4,IF(E67>=60,3.5,IF(E67>=50,3,IF(E67>=40,2,IF(E67>=33,1,0)))))))))
A68: ='Student Basic Info'!A68 -> 567 | B68: 5 | C68: 1 | D68: 8 | E68: =IF(B68+C68+D68=0, "", B68+C68+D68) -> 14 | F68: =IF(E68="","", IF(AND(B68 >=8,C68>=17,D68>=8),"Pass","Fail")) -> Fail | G68: =(IF(E68="","",IF(F68="Fail","F",IF(E68>=80,"A+",IF(E68>=70,"A",IF(E68>=60,"A-",IF(E68>=50,"B",IF(E68>=40,"C",IF(E68>=33,"D","F"))))))))) -> F | H68: =(IF(E68="","",IF(G68="F",0,IF(E68>=80,5,IF(E68>=70,4,IF(E68>=60,3.5,IF(E68>=50,3,IF(E68>=40,2,IF(E68>=33,1,0))))))))) -> 0
A69: ='Student Basic Info'!A69 -> 568 | B69: 7 | C69: 1 | D69: 24 | E69: =IF(B69+C69+D69=0, "", B69+C69+D69) -> 32 | F69: =IF(E69="","", IF(AND(B69 >=8,C69>=17,D69>=8),"Pass","Fail")) -> Fail | G69: =(IF(E69="","",IF(F69="Fail","F",IF(E69>=80,"A+",IF(E69>=70,"A",IF(E69>=60,"A-",IF(E69>=50,"B",IF(E69>=40,"C",IF(E69>=33,"D","F"))))))))) -> F | H69: =(IF(E69="","",IF(G69="F",0,IF(E69>=80,5,IF(E69>=70,4,IF(E69>=60,3.5,IF(E69>=50,3,IF(E69>=40,2,IF(E69>=33,1,0))))))))) -> 0
A70: ='Student Basic Info'!A70 -> 569 | E70: =IF(B70+C70+D70=0, "", B70+C70+D70) | F70: =IF(E70="","", IF(AND(B70 >=8,C70>=17,D70>=8),"Pass","Fail")) | G70: =(IF(E70="","",IF(F70="Fail","F",IF(E70>=80,"A+",IF(E70>=70,"A",IF(E70>=60,"A-",IF(E70>=50,"B",IF(E70>=40,"C",IF(E70>=33,"D","F"))))))))) | H70: =(IF(E70="","",IF(G70="F",0,IF(E70>=80,5,IF(E70>=70,4,IF(E70>=60,3.5,IF(E70>=50,3,IF(E70>=40,2,IF(E70>=33,1,0)))))))))
A71: ='Student Basic Info'!A71 -> 570 | E71: =IF(B71+C71+D71=0, "", B71+C71+D71) | F71: =IF(E71="","", IF(AND(B71 >=8,C71>=17,D71>=8),"Pass","Fail")) | G71: =(IF(E71="","",IF(F71="Fail","F",IF(E71>=80,"A+",IF(E71>=70,"A",IF(E71>=60,"A-",IF(E71>=50,"B",IF(E71>=40,"C",IF(E71>=33,"D","F"))))))))) | H71: =(IF(E71="","",IF(G71="F",0,IF(E71>=80,5,IF(E71>=70,4,IF(E71>=60,3.5,IF(E71>=50,3,IF(E71>=40,2,IF(E71>=33,1,0)))))))))
A72: ='Student Basic Info'!A72 -> 571 | E72: =IF(B72+C72+D72=0, "", B72+C72+D72) | F72: =IF(E72="","", IF(AND(B72 >=8,C72>=17,D72>=8),"Pass","Fail")) | G72: =(IF(E72="","",IF(F72="Fail","F",IF(E72>=80,"A+",IF(E72>=70,"A",IF(E72>=60,"A-",IF(E72>=50,"B",IF(E72>=40,"C",IF(E72>=33,"D","F"))))))))) | H72: =(IF(E72="","",IF(G72="F",0,IF(E72>=80,5,IF(E72>=70,4,IF(E72>=60,3.5,IF(E72>=50,3,IF(E72>=40,2,IF(E72>=33,1,0)))))))))
A73: ='Student Basic Info'!A73 -> 572 | B73: 11 | C73: 2 | D73: 23 | E73: =IF(B73+C73+D73=0, "", B73+C73+D73) -> 36 | F73: =IF(E73="","", IF(AND(B73 >=8,C73>=17,D73>=8),"Pass","Fail")) -> Fail | G73: =(IF(E73="","",IF(F73="Fail","F",IF(E73>=80,"A+",IF(E73>=70,"A",IF(E73>=60,"A-",IF(E73>=50,"B",IF(E73>=40,"C",IF(E73>=33,"D","F"))))))))) -> F | H73: =(IF(E73="","",IF(G73="F",0,IF(E73>=80,5,IF(E73>=70,4,IF(E73>=60,3.5,IF(E73>=50,3,IF(E73>=40,2,IF(E73>=33,1,0))))))))) -> 0
A74: ='Student Basic Info'!A74 -> 573 | B74: 8 | C74: 2 | D74: 23 | E74: =IF(B74+C74+D74=0, "", B74+C74+D74) -> 33 | F74: =IF(E74="","", IF(AND(B74 >=8,C74>=17,D74>=8),"Pass","Fail")) -> Fail | G74: =(IF(E74="","",IF(F74="Fail","F",IF(E74>=80,"A+",IF(E74>=70,"A",IF(E74>=60,"A-",IF(E74>=50,"B",IF(E74>=40,"C",IF(E74>=33,"D","F"))))))))) -> F | H74: =(IF(E74="","",IF(G74="F",0,IF(E74>=80,5,IF(E74>=70,4,IF(E74>=60,3.5,IF(E74>=50,3,IF(E74>=40,2,IF(E74>=33,1,0))))))))) -> 0
A75: ='Student Basic Info'!A75 -> 574 | B75: 3 | C75: 1 | D75: 24 | E75: =IF(B75+C75+D75=0, "", B75+C75+D75) -> 28 | F75: =IF(E75="","", IF(AND(B75 >=8,C75>=17,D75>=8),"Pass","Fail")) -> Fail | G75: =(IF(E75="","",IF(F75="Fail","F",IF(E75>=80,"A+",IF(E75>=70,"A",IF(E75>=60,"A-",IF(E75>=50,"B",IF(E75>=40,"C",IF(E75>=33,"D","F"))))))))) -> F | H75: =(IF(E75="","",IF(G75="F",0,IF(E75>=80,5,IF(E75>=70,4,IF(E75>=60,3.5,IF(E75>=50,3,IF(E75>=40,2,IF(E75>=33,1,0))))))))) -> 0
A76: ='Student Basic Info'!A76 -> 575 | E76: =IF(B76+C76+D76=0, "", B76+C76+D76) | F76: =IF(E76="","", IF(AND(B76 >=8,C76>=17,D76>=8),"Pass","Fail")) | G76: =(IF(E76="","",IF(F76="Fail","F",IF(E76>=80,"A+",IF(E76>=70,"A",IF(E76>=60,"A-",IF(E76>=50,"B",IF(E76>=40,"C",IF(E76>=33,"D","F"))))))))) | H76: =(IF(E76="","",IF(G76="F",0,IF(E76>=80,5,IF(E76>=70,4,IF(E76>=60,3.5,IF(E76>=50,3,IF(E76>=40,2,IF(E76>=33,1,0)))))))))
A77: ='Student Basic Info'!A77 -> 576 | E77: =IF(B77+C77+D77=0, "", B77+C77+D77) | F77: =IF(E77="","", IF(AND(B77 >=8,C77>=17,D77>=8),"Pass","Fail")) | G77: =(IF(E77="","",IF(F77="Fail","F",IF(E77>=80,"A+",IF(E77>=70,"A",IF(E77>=60,"A-",IF(E77>=50,"B",IF(E77>=40,"C",IF(E77>=33,"D","F"))))))))) | H77: =(IF(E77="","",IF(G77="F",0,IF(E77>=80,5,IF(E77>=70,4,IF(E77>=60,3.5,IF(E77>=50,3,IF(E77>=40,2,IF(E77>=33,1,0)))))))))
A78: ='Student Basic Info'!A78 -> 577 | B78: 9 | C78: 4 | D78: 23 | E78: =IF(B78+C78+D78=0, "", B78+C78+D78) -> 36 | F78: =IF(E78="","", IF(AND(B78 >=8,C78>=17,D78>=8),"Pass","Fail")) -> Fail | G78: =(IF(E78="","",IF(F78="Fail","F",IF(E78>=80,"A+",IF(E78>=70,"A",IF(E78>=60,"A-",IF(E78>=50,"B",IF(E78>=40,"C",IF(E78>=33,"D","F"))))))))) -> F | H78: =(IF(E78="","",IF(G78="F",0,IF(E78>=80,5,IF(E78>=70,4,IF(E78>=60,3.5,IF(E78>=50,3,IF(E78>=40,2,IF(E78>=33,1,0))))))))) -> 0
A79: ='Student Basic Info'!A79 -> 578 | E79: =IF(B79+C79+D79=0, "", B79+C79+D79) | F79: =IF(E79="","", IF(AND(B79 >=8,C79>=17,D79>=8),"Pass","Fail")) | G79: =(IF(E79="","",IF(F79="Fail","F",IF(E79>=80,"A+",IF(E79>=70,"A",IF(E79>=60,"A-",IF(E79>=50,"B",IF(E79>=40,"C",IF(E79>=33,"D","F"))))))))) | H79: =(IF(E79="","",IF(G79="F",0,IF(E79>=80,5,IF(E79>=70,4,IF(E79>=60,3.5,IF(E79>=50,3,IF(E79>=40,2,IF(E79>=33,1,0)))))))))
A80: ='Student Basic Info'!A80 -> 579 | E80: =IF(B80+C80+D80=0, "", B80+C80+D80) | F80: =IF(E80="","", IF(AND(B80 >=8,C80>=17,D80>=8),"Pass","Fail")) | G80: =(IF(E80="","",IF(F80="Fail","F",IF(E80>=80,"A+",IF(E80>=70,"A",IF(E80>=60,"A-",IF(E80>=50,"B",IF(E80>=40,"C",IF(E80>=33,"D","F"))))))))) | H80: =(IF(E80="","",IF(G80="F",0,IF(E80>=80,5,IF(E80>=70,4,IF(E80>=60,3.5,IF(E80>=50,3,IF(E80>=40,2,IF(E80>=33,1,0)))))))))
A81: ='Student Basic Info'!A81 -> 580 | E81: =IF(B81+C81+D81=0, "", B81+C81+D81) | F81: =IF(E81="","", IF(AND(B81 >=8,C81>=17,D81>=8),"Pass","Fail")) | G81: =(IF(E81="","",IF(F81="Fail","F",IF(E81>=80,"A+",IF(E81>=70,"A",IF(E81>=60,"A-",IF(E81>=50,"B",IF(E81>=40,"C",IF(E81>=33,"D","F"))))))))) | H81: =(IF(E81="","",IF(G81="F",0,IF(E81>=80,5,IF(E81>=70,4,IF(E81>=60,3.5,IF(E81>=50,3,IF(E81>=40,2,IF(E81>=33,1,0)))))))))
A82: ='Student Basic Info'!A82 -> 581 | B82: 7 | C82: 1 | D82: 8 | E82: =IF(B82+C82+D82=0, "", B82+C82+D82) -> 16 | F82: =IF(E82="","", IF(AND(B82 >=8,C82>=17,D82>=8),"Pass","Fail")) -> Fail | G82: =(IF(E82="","",IF(F82="Fail","F",IF(E82>=80,"A+",IF(E82>=70,"A",IF(E82>=60,"A-",IF(E82>=50,"B",IF(E82>=40,"C",IF(E82>=33,"D","F"))))))))) -> F | H82: =(IF(E82="","",IF(G82="F",0,IF(E82>=80,5,IF(E82>=70,4,IF(E82>=60,3.5,IF(E82>=50,3,IF(E82>=40,2,IF(E82>=33,1,0))))))))) -> 0
A83: ='Student Basic Info'!A83 -> 582 | E83: =IF(B83+C83+D83=0, "", B83+C83+D83) | F83: =IF(E83="","", IF(AND(B83 >=8,C83>=17,D83>=8),"Pass","Fail")) | G83: =(IF(E83="","",IF(F83="Fail","F",IF(E83>=80,"A+",IF(E83>=70,"A",IF(E83>=60,"A-",IF(E83>=50,"B",IF(E83>=40,"C",IF(E83>=33,"D","F"))))))))) | H83: =(IF(E83="","",IF(G83="F",0,IF(E83>=80,5,IF(E83>=70,4,IF(E83>=60,3.5,IF(E83>=50,3,IF(E83>=40,2,IF(E83>=33,1,0)))))))))
A84: ='Student Basic Info'!A84 -> 583 | E84: =IF(B84+C84+D84=0, "", B84+C84+D84) | F84: =IF(E84="","", IF(AND(B84 >=8,C84>=17,D84>=8),"Pass","Fail")) | G84: =(IF(E84="","",IF(F84="Fail","F",IF(E84>=80,"A+",IF(E84>=70,"A",IF(E84>=60,"A-",IF(E84>=50,"B",IF(E84>=40,"C",IF(E84>=33,"D","F"))))))))) | H84: =(IF(E84="","",IF(G84="F",0,IF(E84>=80,5,IF(E84>=70,4,IF(E84>=60,3.5,IF(E84>=50,3,IF(E84>=40,2,IF(E84>=33,1,0)))))))))
A85: ='Student Basic Info'!A85 -> 584 | B85: 17 | C85: 5 | D85: 8 | E85: =IF(B85+C85+D85=0, "", B85+C85+D85) -> 30 | F85: =IF(E85="","", IF(AND(B85 >=8,C85>=17,D85>=8),"Pass","Fail")) -> Fail | G85: =(IF(E85="","",IF(F85="Fail","F",IF(E85>=80,"A+",IF(E85>=70,"A",IF(E85>=60,"A-",IF(E85>=50,"B",IF(E85>=40,"C",IF(E85>=33,"D","F"))))))))) -> F | H85: =(IF(E85="","",IF(G85="F",0,IF(E85>=80,5,IF(E85>=70,4,IF(E85>=60,3.5,IF(E85>=50,3,IF(E85>=40,2,IF(E85>=33,1,0))))))))) -> 0
A86: ='Student Basic Info'!A86 -> 585 | B86: 9 | C86: 7 | D86: 8 | E86: =IF(B86+C86+D86=0, "", B86+C86+D86) -> 24 | F86: =IF(E86="","", IF(AND(B86 >=8,C86>=17,D86>=8),"Pass","Fail")) -> Fail | G86: =(IF(E86="","",IF(F86="Fail","F",IF(E86>=80,"A+",IF(E86>=70,"A",IF(E86>=60,"A-",IF(E86>=50,"B",IF(E86>=40,"C",IF(E86>=33,"D","F"))))))))) -> F | H86: =(IF(E86="","",IF(G86="F",0,IF(E86>=80,5,IF(E86>=70,4,IF(E86>=60,3.5,IF(E86>=50,3,IF(E86>=40,2,IF(E86>=33,1,0))))))))) -> 0
A87: ='Student Basic Info'!A87 -> 586 | B87: 17 | C87: 11 | D87: 8 | E87: =IF(B87+C87+D87=0, "", B87+C87+D87) -> 36 | F87: =IF(E87="","", IF(AND(B87 >=8,C87>=17,D87>=8),"Pass","Fail")) -> Fail | G87: =(IF(E87="","",IF(F87="Fail","F",IF(E87>=80,"A+",IF(E87>=70,"A",IF(E87>=60,"A-",IF(E87>=50,"B",IF(E87>=40,"C",IF(E87>=33,"D","F"))))))))) -> F | H87: =(IF(E87="","",IF(G87="F",0,IF(E87>=80,5,IF(E87>=70,4,IF(E87>=60,3.5,IF(E87>=50,3,IF(E87>=40,2,IF(E87>=33,1,0))))))))) -> 0
A88: ='Student Basic Info'!A88 -> 587 | B88: 8 | C88: 11 | D88: 18 | E88: =IF(B88+C88+D88=0, "", B88+C88+D88) -> 37 | F88: =IF(E88="","", IF(AND(B88 >=8,C88>=17,D88>=8),"Pass","Fail")) -> Fail | G88: =(IF(E88="","",IF(F88="Fail","F",IF(E88>=80,"A+",IF(E88>=70,"A",IF(E88>=60,"A-",IF(E88>=50,"B",IF(E88>=40,"C",IF(E88>=33,"D","F"))))))))) -> F | H88: =(IF(E88="","",IF(G88="F",0,IF(E88>=80,5,IF(E88>=70,4,IF(E88>=60,3.5,IF(E88>=50,3,IF(E88>=40,2,IF(E88>=33,1,0))))))))) -> 0
A89: ='Student Basic Info'!A89 -> 588 | B89: 10 | C89: 12 | D89: 18 | E89: =IF(B89+C89+D89=0, "", B89+C89+D89) -> 40 | F89: =IF(E89="","", IF(AND(B89 >=8,C89>=17,D89>=8),"Pass","Fail")) -> Fail | G89: =(IF(E89="","",IF(F89="Fail","F",IF(E89>=80,"A+",IF(E89>=70,"A",IF(E89>=60,"A-",IF(E89>=50,"B",IF(E89>=40,"C",IF(E89>=33,"D","F"))))))))) -> F | H89: =(IF(E89="","",IF(G89="F",0,IF(E89>=80,5,IF(E89>=70,4,IF(E89>=60,3.5,IF(E89>=50,3,IF(E89>=40,2,IF(E89>=33,1,0))))))))) -> 0
A90: ='Student Basic Info'!A90 -> 589 | E90: =IF(B90+C90+D90=0, "", B90+C90+D90) | F90: =IF(E90="","", IF(AND(B90 >=8,C90>=17,D90>=8),"Pass","Fail")) | G90: =(IF(E90="","",IF(F90="Fail","F",IF(E90>=80,"A+",IF(E90>=70,"A",IF(E90>=60,"A-",IF(E90>=50,"B",IF(E90>=40,"C",IF(E90>=33,"D","F"))))))))) | H90: =(IF(E90="","",IF(G90="F",0,IF(E90>=80,5,IF(E90>=70,4,IF(E90>=60,3.5,IF(E90>=50,3,IF(E90>=40,2,IF(E90>=33,1,0)))))))))
A91: ='Student Basic Info'!A91 -> 590 | E91: =IF(B91+C91+D91=0, "", B91+C91+D91) | F91: =IF(E91="","", IF(AND(B91 >=8,C91>=17,D91>=8),"Pass","Fail")) | G91: =(IF(E91="","",IF(F91="Fail","F",IF(E91>=80,"A+",IF(E91>=70,"A",IF(E91>=60,"A-",IF(E91>=50,"B",IF(E91>=40,"C",IF(E91>=33,"D","F"))))))))) | H91: =(IF(E91="","",IF(G91="F",0,IF(E91>=80,5,IF(E91>=70,4,IF(E91>=60,3.5,IF(E91>=50,3,IF(E91>=40,2,IF(E91>=33,1,0)))))))))
A92: ='Student Basic Info'!A92 -> 591 | B92: 10 | C92: 19 | D92: 24 | E92: =IF(B92+C92+D92=0, "", B92+C92+D92) -> 53 | F92: =IF(E92="","", IF(AND(B92 >=8,C92>=17,D92>=8),"Pass","Fail")) -> Pass | G92: =(IF(E92="","",IF(F92="Fail","F",IF(E92>=80,"A+",IF(E92>=70,"A",IF(E92>=60,"A-",IF(E92>=50,"B",IF(E92>=40,"C",IF(E92>=33,"D","F"))))))))) -> B | H92: =(IF(E92="","",IF(G92="F",0,IF(E92>=80,5,IF(E92>=70,4,IF(E92>=60,3.5,IF(E92>=50,3,IF(E92>=40,2,IF(E92>=33,1,0))))))))) -> 3
A93: ='Student Basic Info'!A93 -> 592 | B93: 8 | C93: 7 | D93: 20 | E93: =IF(B93+C93+D93=0, "", B93+C93+D93) -> 35 | F93: =IF(E93="","", IF(AND(B93 >=8,C93>=17,D93>=8),"Pass","Fail")) -> Fail | G93: =(IF(E93="","",IF(F93="Fail","F",IF(E93>=80,"A+",IF(E93>=70,"A",IF(E93>=60,"A-",IF(E93>=50,"B",IF(E93>=40,"C",IF(E93>=33,"D","F"))))))))) -> F | H93: =(IF(E93="","",IF(G93="F",0,IF(E93>=80,5,IF(E93>=70,4,IF(E93>=60,3.5,IF(E93>=50,3,IF(E93>=40,2,IF(E93>=33,1,0))))))))) -> 0
A94: ='Student Basic Info'!A94 -> 593 | B94: 10 | C94: 5 | D94: 20 | E94: =IF(B94+C94+D94=0, "", B94+C94+D94) -> 35 | F94: =IF(E94="","", IF(AND(B94 >=8,C94>=17,D94>=8),"Pass","Fail")) -> Fail | G94: =(IF(E94="","",IF(F94="Fail","F",IF(E94>=80,"A+",IF(E94>=70,"A",IF(E94>=60,"A-",IF(E94>=50,"B",IF(E94>=40,"C",IF(E94>=33,"D","F"))))))))) -> F | H94: =(IF(E94="","",IF(G94="F",0,IF(E94>=80,5,IF(E94>=70,4,IF(E94>=60,3.5,IF(E94>=50,3,IF(E94>=40,2,IF(E94>=33,1,0))))))))) -> 0
A95: ='Student Basic Info'!A95 -> 594 | E95: =IF(B95+C95+D95=0, "", B95+C95+D95) | F95: =IF(E95="","", IF(AND(B95 >=8,C95>=17,D95>=8),"Pass","Fail")) | G95: =(IF(E95="","",IF(F95="Fail","F",IF(E95>=80,"A+",IF(E95>=70,"A",IF(E95>=60,"A-",IF(E95>=50,"B",IF(E95>=40,"C",IF(E95>=33,"D","F"))))))))) | H95: =(IF(E95="","",IF(G95="F",0,IF(E95>=80,5,IF(E95>=70,4,IF(E95>=60,3.5,IF(E95>=50,3,IF(E95>=40,2,IF(E95>=33,1,0)))))))))
A96: ='Student Basic Info'!A96 -> 595 | E96: =IF(B96+C96+D96=0, "", B96+C96+D96) | F96: =IF(E96="","", IF(AND(B96 >=8,C96>=17,D96>=8),"Pass","Fail")) | G96: =(IF(E96="","",IF(F96="Fail","F",IF(E96>=80,"A+",IF(E96>=70,"A",IF(E96>=60,"A-",IF(E96>=50,"B",IF(E96>=40,"C",IF(E96>=33,"D","F"))))))))) | H96: =(IF(E96="","",IF(G96="F",0,IF(E96>=80,5,IF(E96>=70,4,IF(E96>=60,3.5,IF(E96>=50,3,IF(E96>=40,2,IF(E96>=33,1,0)))))))))
A97: ='Student Basic Info'!A97 -> 596 | E97: =IF(B97+C97+D97=0, "", B97+C97+D97) | F97: =IF(E97="","", IF(AND(B97 >=8,C97>=17,D97>=8),"Pass","Fail")) | G97: =(IF(E97="","",IF(F97="Fail","F",IF(E97>=80,"A+",IF(E97>=70,"A",IF(E97>=60,"A-",IF(E97>=50,"B",IF(E97>=40,"C",IF(E97>=33,"D","F"))))))))) | H97: =(IF(E97="","",IF(G97="F",0,IF(E97>=80,5,IF(E97>=70,4,IF(E97>=60,3.5,IF(E97>=50,3,IF(E97>=40,2,IF(E97>=33,1,0)))))))))
A98: ='Student Basic Info'!A98 -> 597 | E98: =IF(B98+C98+D98=0, "", B98+C98+D98) | F98: =IF(E98="","", IF(AND(B98 >=8,C98>=17,D98>=8),"Pass","Fail")) | G98: =(IF(E98="","",IF(F98="Fail","F",IF(E98>=80,"A+",IF(E98>=70,"A",IF(E98>=60,"A-",IF(E98>=50,"B",IF(E98>=40,"C",IF(E98>=33,"D","F"))))))))) | H98: =(IF(E98="","",IF(G98="F",0,IF(E98>=80,5,IF(E98>=70,4,IF(E98>=60,3.5,IF(E98>=50,3,IF(E98>=40,2,IF(E98>=33,1,0)))))))))
A99: ='Student Basic Info'!A99 -> 598 | E99: =IF(B99+C99+D99=0, "", B99+C99+D99) | F99: =IF(E99="","", IF(AND(B99 >=8,C99>=17,D99>=8),"Pass","Fail")) | G99: =(IF(E99="","",IF(F99="Fail","F",IF(E99>=80,"A+",IF(E99>=70,"A",IF(E99>=60,"A-",IF(E99>=50,"B",IF(E99>=40,"C",IF(E99>=33,"D","F"))))))))) | H99: =(IF(E99="","",IF(G99="F",0,IF(E99>=80,5,IF(E99>=70,4,IF(E99>=60,3.5,IF(E99>=50,3,IF(E99>=40,2,IF(E99>=33,1,0)))))))))
A100: ='Student Basic Info'!A100 -> 599 | E100: =IF(B100+C100+D100=0, "", B100+C100+D100) | F100: =IF(E100="","", IF(AND(B100 >=8,C100>=17,D100>=8),"Pass","Fail")) | G100: =(IF(E100="","",IF(F100="Fail","F",IF(E100>=80,"A+",IF(E100>=70,"A",IF(E100>=60,"A-",IF(E100>=50,"B",IF(E100>=40,"C",IF(E100>=33,"D","F"))))))))) | H100: =(IF(E100="","",IF(G100="F",0,IF(E100>=80,5,IF(E100>=70,4,IF(E100>=60,3.5,IF(E100>=50,3,IF(E100>=40,2,IF(E100>=33,1,0)))))))))
...

Sheet Accounting
A1: Roll | B1: Marks MCQ | C1: Marks CQ | D1: Total Marks | E1: Result | F1: Grade | G1: GPA
A2: ='Student Basic Info'!A2 -> 501 | D2: =IF(B2+C2=0, "", B2+C2) | E2: =IF(D2="","", IF(AND(B2 >=10,C2>=23),"Pass","Fail")) | F2: =(IF(D2="","",IF(E2="Fail","F",IF(D2>=80,"A+",IF(D2>=70,"A",IF(D2>=60,"A-",IF(D2>=50,"B",IF(D2>=40,"C",IF(D2>=33,"D","F"))))))))) | G2: =(IF(D2="","",IF(F2="F",0,IF(D2>=80,5,IF(D2>=70,4,IF(D2>=60,3.5,IF(D2>=50,3,IF(D2>=40,2,IF(D2>=33,1,0)))))))))
A3: ='Student Basic Info'!A3 -> 502 | D3: =IF(B3+C3=0, "", B3+C3) | E3: =IF(D3="","", IF(AND(B3 >=10,C3>=23),"Pass","Fail")) | F3: =(IF(D3="","",IF(E3="Fail","F",IF(D3>=80,"A+",IF(D3>=70,"A",IF(D3>=60,"A-",IF(D3>=50,"B",IF(D3>=40,"C",IF(D3>=33,"D","F"))))))))) | G3: =(IF(D3="","",IF(F3="F",0,IF(D3>=80,5,IF(D3>=70,4,IF(D3>=60,3.5,IF(D3>=50,3,IF(D3>=40,2,IF(D3>=33,1,0)))))))))
A4: ='Student Basic Info'!A4 -> 503 | B4: 10 | C4: 23 | D4: =IF(B4+C4=0, "", B4+C4) -> 33 | E4: =IF(D4="","", IF(AND(B4 >=10,C4>=23),"Pass","Fail")) -> Pass | F4: =(IF(D4="","",IF(E4="Fail","F",IF(D4>=80,"A+",IF(D4>=70,"A",IF(D4>=60,"A-",IF(D4>=50,"B",IF(D4>=40,"C",IF(D4>=33,"D","F"))))))))) -> D | G4: =(IF(D4="","",IF(F4="F",0,IF(D4>=80,5,IF(D4>=70,4,IF(D4>=60,3.5,IF(D4>=50,3,IF(D4>=40,2,IF(D4>=33,1,0))))))))) -> 1
A5: ='Student Basic Info'!A5 -> 504 | B5: 7 | C5: 24 | D5: =IF(B5+C5=0, "", B5+C5) -> 31 | E5: =IF(D5="","", IF(AND(B5 >=10,C5>=23),"Pass","Fail")) -> Fail | F5: =(IF(D5="","",IF(E5="Fail","F",IF(D5>=80,"A+",IF(D5>=70,"A",IF(D5>=60,"A-",IF(D5>=50,"B",IF(D5>=40,"C",IF(D5>=33,"D","F"))))))))) -> F | G5: =(IF(D5="","",IF(F5="F",0,IF(D5>=80,5,IF(D5>=70,4,IF(D5>=60,3.5,IF(D5>=50,3,IF(D5>=40,2,IF(D5>=33,1,0))))))))) -> 0
A6: ='Student Basic Info'!A6 -> 505 | D6: =IF(B6+C6=0, "", B6+C6) | E6: =IF(D6="","", IF(AND(B6 >=10,C6>=23),"Pass","Fail")) | F6: =(IF(D6="","",IF(E6="Fail","F",IF(D6>=80,"A+",IF(D6>=70,"A",IF(D6>=60,"A-",IF(D6>=50,"B",IF(D6>=40,"C",IF(D6>=33,"D","F"))))))))) | G6: =(IF(D6="","",IF(F6="F",0,IF(D6>=80,5,IF(D6>=70,4,IF(D6>=60,3.5,IF(D6>=50,3,IF(D6>=40,2,IF(D6>=33,1,0)))))))))
A7: ='Student Basic Info'!A7 -> 506 | D7: =IF(B7+C7=0, "", B7+C7) | E7: =IF(D7="","", IF(AND(B7 >=10,C7>=23),"Pass","Fail")) | F7: =(IF(D7="","",IF(E7="Fail","F",IF(D7>=80,"A+",IF(D7>=70,"A",IF(D7>=60,"A-",IF(D7>=50,"B",IF(D7>=40,"C",IF(D7>=33,"D","F"))))))))) | G7: =(IF(D7="","",IF(F7="F",0,IF(D7>=80,5,IF(D7>=70,4,IF(D7>=60,3.5,IF(D7>=50,3,IF(D7>=40,2,IF(D7>=33,1,0)))))))))
A8: ='Student Basic Info'!A8 -> 507 | B8: 12 | C8: 35 | D8: =IF(B8+C8=0, "", B8+C8) -> 47 | E8: =IF(D8="","", IF(AND(B8 >=10,C8>=23),"Pass","Fail")) -> Pass | F8: =(IF(D8="","",IF(E8="Fail","F",IF(D8>=80,"A+",IF(D8>=70,"A",IF(D8>=60,"A-",IF(D8>=50,"B",IF(D8>=40,"C",IF(D8>=33,"D","F"))))))))) -> C | G8: =(IF(D8="","",IF(F8="F",0,IF(D8>=80,5,IF(D8>=70,4,IF(D8>=60,3.5,IF(D8>=50,3,IF(D8>=40,2,IF(D8>=33,1,0))))))))) -> 2
A9: ='Student Basic Info'!A9 -> 508 | B9: 10 | C9: 40 | D9: =IF(B9+C9=0, "", B9+C9) -> 50 | E9: =IF(D9="","", IF(AND(B9 >=10,C9>=23),"Pass","Fail")) -> Pass | F9: =(IF(D9="","",IF(E9="Fail","F",IF(D9>=80,"A+",IF(D9>=70,"A",IF(D9>=60,"A-",IF(D9>=50,"B",IF(D9>=40,"C",IF(D9>=33,"D","F"))))))))) -> B | G9: =(IF(D9="","",IF(F9="F",0,IF(D9>=80,5,IF(D9>=70,4,IF(D9>=60,3.5,IF(D9>=50,3,IF(D9>=40,2,IF(D9>=33,1,0))))))))) -> 3
A10: ='Student Basic Info'!A10 -> 509 | B10: 7 | C10: 14 | D10: =IF(B10+C10=0, "", B10+C10) -> 21 | E10: =IF(D10="","", IF(AND(B10 >=10,C10>=23),"Pass","Fail")) -> Fail | F10: =(IF(D10="","",IF(E10="Fail","F",IF(D10>=80,"A+",IF(D10>=70,"A",IF(D10>=60,"A-",IF(D10>=50,"B",IF(D10>=40,"C",IF(D10>=33,"D","F"))))))))) -> F | G10: =(IF(D10="","",IF(F10="F",0,IF(D10>=80,5,IF(D10>=70,4,IF(D10>=60,3.5,IF(D10>=50,3,IF(D10>=40,2,IF(D10>=33,1,0))))))))) -> 0
A11: ='Student Basic Info'!A11 -> 510 | D11: =IF(B11+C11=0, "", B11+C11) | E11: =IF(D11="","", IF(AND(B11 >=10,C11>=23),"Pass","Fail")) | F11: =(IF(D11="","",IF(E11="Fail","F",IF(D11>=80,"A+",IF(D11>=70,"A",IF(D11>=60,"A-",IF(D11>=50,"B",IF(D11>=40,"C",IF(D11>=33,"D","F"))))))))) | G11: =(IF(D11="","",IF(F11="F",0,IF(D11>=80,5,IF(D11>=70,4,IF(D11>=60,3.5,IF(D11>=50,3,IF(D11>=40,2,IF(D11>=33,1,0)))))))))
A12: ='Student Basic Info'!A12 -> 511 | B12: 10 | C12: 23 | D12: =IF(B12+C12=0, "", B12+C12) -> 33 | E12: =IF(D12="","", IF(AND(B12 >=10,C12>=23),"Pass","Fail")) -> Pass | F12: =(IF(D12="","",IF(E12="Fail","F",IF(D12>=80,"A+",IF(D12>=70,"A",IF(D12>=60,"A-",IF(D12>=50,"B",IF(D12>=40,"C",IF(D12>=33,"D","F"))))))))) -> D | G12: =(IF(D12="","",IF(F12="F",0,IF(D12>=80,5,IF(D12>=70,4,IF(D12>=60,3.5,IF(D12>=50,3,IF(D12>=40,2,IF(D12>=33,1,0))))))))) -> 1
A13: ='Student Basic Info'!A13 -> 512 | B13: 10 | C13: 17 | D13: =IF(B13+C13=0, "", B13+C13) -> 27 | E13: =IF(D13="","", IF(AND(B13 >=10,C13>=23),"Pass","Fail")) -> Fail | F13: =(IF(D13="","",IF(E13="Fail","F",IF(D13>=80,"A+",IF(D13>=70,"A",IF(D13>=60,"A-",IF(D13>=50,"B",IF(D13>=40,"C",IF(D13>=33,"D","F"))))))))) -> F | G13: =(IF(D13="","",IF(F13="F",0,IF(D13>=80,5,IF(D13>=70,4,IF(D13>=60,3.5,IF(D13>=50,3,IF(D13>=40,2,IF(D13>=33,1,0))))))))) -> 0
A14: ='Student Basic Info'!A14 -> 513 | B14: 12 | C14: 23 | D14: =IF(B14+C14=0, "", B14+C14) -> 35 | E14: =IF(D14="","", IF(AND(B14 >=10,C14>=23),"Pass","Fail")) -> Pass | F14: =(IF(D14="","",IF(E14="Fail","F",IF(D14>=80,"A+",IF(D14>=70,"A",IF(D14>=60,"A-",IF(D14>=50,"B",IF(D14>=40,"C",IF(D14>=33,"D","F"))))))))) -> D | G14: =(IF(D14="","",IF(F14="F",0,IF(D14>=80,5,IF(D14>=70,4,IF(D14>=60,3.5,IF(D14>=50,3,IF(D14>=40,2,IF(D14>=33,1,0))))))))) -> 1
A15: ='Student Basic Info'!A15 -> 514 | D15: =IF(B15+C15=0, "", B15+C15) | E15: =IF(D15="","", IF(AND(B15 >=10,C15>=23),"Pass","Fail")) | F15: =(IF(D15="","",IF(E15="Fail","F",IF(D15>=80,"A+",IF(D15>=70,"A",IF(D15>=60,"A-",IF(D15>=50,"B",IF(D15>=40,"C",IF(D15>=33,"D","F"))))))))) | G15: =(IF(D15="","",IF(F15="F",0,IF(D15>=80,5,IF(D15>=70,4,IF(D15>=60,3.5,IF(D15>=50,3,IF(D15>=40,2,IF(D15>=33,1,0)))))))))
A16: ='Student Basic Info'!A16 -> 515 | B16: 17 | C16: 41 | D16: =IF(B16+C16=0, "", B16+C16) -> 58 | E16: =IF(D16="","", IF(AND(B16 >=10,C16>=23),"Pass","Fail")) -> Pass | F16: =(IF(D16="","",IF(E16="Fail","F",IF(D16>=80,"A+",IF(D16>=70,"A",IF(D16>=60,"A-",IF(D16>=50,"B",IF(D16>=40,"C",IF(D16>=33,"D","F"))))))))) -> B | G16: =(IF(D16="","",IF(F16="F",0,IF(D16>=80,5,IF(D16>=70,4,IF(D16>=60,3.5,IF(D16>=50,3,IF(D16>=40,2,IF(D16>=33,1,0))))))))) -> 3
A17: ='Student Basic Info'!A17 -> 516 | B17: 16 | C17: 43 | D17: =IF(B17+C17=0, "", B17+C17) -> 59 | E17: =IF(D17="","", IF(AND(B17 >=10,C17>=23),"Pass","Fail")) -> Pass | F17: =(IF(D17="","",IF(E17="Fail","F",IF(D17>=80,"A+",IF(D17>=70,"A",IF(D17>=60,"A-",IF(D17>=50,"B",IF(D17>=40,"C",IF(D17>=33,"D","F"))))))))) -> B | G17: =(IF(D17="","",IF(F17="F",0,IF(D17>=80,5,IF(D17>=70,4,IF(D17>=60,3.5,IF(D17>=50,3,IF(D17>=40,2,IF(D17>=33,1,0))))))))) -> 3
A18: ='Student Basic Info'!A18 -> 517 | D18: =IF(B18+C18=0, "", B18+C18) | E18: =IF(D18="","", IF(AND(B18 >=10,C18>=23),"Pass","Fail")) | F18: =(IF(D18="","",IF(E18="Fail","F",IF(D18>=80,"A+",IF(D18>=70,"A",IF(D18>=60,"A-",IF(D18>=50,"B",IF(D18>=40,"C",IF(D18>=33,"D","F"))))))))) | G18: =(IF(D18="","",IF(F18="F",0,IF(D18>=80,5,IF(D18>=70,4,IF(D18>=60,3.5,IF(D18>=50,3,IF(D18>=40,2,IF(D18>=33,1,0)))))))))
A19: ='Student Basic Info'!A19 -> 518 | D19: =IF(B19+C19=0, "", B19+C19) | E19: =IF(D19="","", IF(AND(B19 >=10,C19>=23),"Pass","Fail")) | F19: =(IF(D19="","",IF(E19="Fail","F",IF(D19>=80,"A+",IF(D19>=70,"A",IF(D19>=60,"A-",IF(D19>=50,"B",IF(D19>=40,"C",IF(D19>=33,"D","F"))))))))) | G19: =(IF(D19="","",IF(F19="F",0,IF(D19>=80,5,IF(D19>=70,4,IF(D19>=60,3.5,IF(D19>=50,3,IF(D19>=40,2,IF(D19>=33,1,0)))))))))
A20: ='Student Basic Info'!A20 -> 519 | B20: 11 | C20: 40 | D20: =IF(B20+C20=0, "", B20+C20) -> 51 | E20: =IF(D20="","", IF(AND(B20 >=10,C20>=23),"Pass","Fail")) -> Pass | F20: =(IF(D20="","",IF(E20="Fail","F",IF(D20>=80,"A+",IF(D20>=70,"A",IF(D20>=60,"A-",IF(D20>=50,"B",IF(D20>=40,"C",IF(D20>=33,"D","F"))))))))) -> B | G20: =(IF(D20="","",IF(F20="F",0,IF(D20>=80,5,IF(D20>=70,4,IF(D20>=60,3.5,IF(D20>=50,3,IF(D20>=40,2,IF(D20>=33,1,0))))))))) -> 3
A21: ='Student Basic Info'!A21 -> 520 | B21: 10 | C21: 8 | D21: =IF(B21+C21=0, "", B21+C21) -> 18 | E21: =IF(D21="","", IF(AND(B21 >=10,C21>=23),"Pass","Fail")) -> Fail | F21: =(IF(D21="","",IF(E21="Fail","F",IF(D21>=80,"A+",IF(D21>=70,"A",IF(D21>=60,"A-",IF(D21>=50,"B",IF(D21>=40,"C",IF(D21>=33,"D","F"))))))))) -> F | G21: =(IF(D21="","",IF(F21="F",0,IF(D21>=80,5,IF(D21>=70,4,IF(D21>=60,3.5,IF(D21>=50,3,IF(D21>=40,2,IF(D21>=33,1,0))))))))) -> 0
A22: ='Student Basic Info'!A22 -> 521 | D22: =IF(B22+C22=0, "", B22+C22) | E22: =IF(D22="","", IF(AND(B22 >=10,C22>=23),"Pass","Fail")) | F22: =(IF(D22="","",IF(E22="Fail","F",IF(D22>=80,"A+",IF(D22>=70,"A",IF(D22>=60,"A-",IF(D22>=50,"B",IF(D22>=40,"C",IF(D22>=33,"D","F"))))))))) | G22: =(IF(D22="","",IF(F22="F",0,IF(D22>=80,5,IF(D22>=70,4,IF(D22>=60,3.5,IF(D22>=50,3,IF(D22>=40,2,IF(D22>=33,1,0)))))))))
A23: ='Student Basic Info'!A23 -> 522 | B23: 15 | C23: 45 | D23: =IF(B23+C23=0, "", B23+C23) -> 60 | E23: =IF(D23="","", IF(AND(B23 >=10,C23>=23),"Pass","Fail")) -> Pass | F23: =(IF(D23="","",IF(E23="Fail","F",IF(D23>=80,"A+",IF(D23>=70,"A",IF(D23>=60,"A-",IF(D23>=50,"B",IF(D23>=40,"C",IF(D23>=33,"D","F"))))))))) -> A- | G23: =(IF(D23="","",IF(F23="F",0,IF(D23>=80,5,IF(D23>=70,4,IF(D23>=60,3.5,IF(D23>=50,3,IF(D23>=40,2,IF(D23>=33,1,0))))))))) -> 3.5
A24: ='Student Basic Info'!A24 -> 523 | B24: 7 | C24: 23 | D24: =IF(B24+C24=0, "", B24+C24) -> 30 | E24: =IF(D24="","", IF(AND(B24 >=10,C24>=23),"Pass","Fail")) -> Fail | F24: =(IF(D24="","",IF(E24="Fail","F",IF(D24>=80,"A+",IF(D24>=70,"A",IF(D24>=60,"A-",IF(D24>=50,"B",IF(D24>=40,"C",IF(D24>=33,"D","F"))))))))) -> F | G24: =(IF(D24="","",IF(F24="F",0,IF(D24>=80,5,IF(D24>=70,4,IF(D24>=60,3.5,IF(D24>=50,3,IF(D24>=40,2,IF(D24>=33,1,0))))))))) -> 0
A25: ='Student Basic Info'!A25 -> 524 | B25: 10 | C25: 32 | D25: =IF(B25+C25=0, "", B25+C25) -> 42 | E25: =IF(D25="","", IF(AND(B25 >=10,C25>=23),"Pass","Fail")) -> Pass | F25: =(IF(D25="","",IF(E25="Fail","F",IF(D25>=80,"A+",IF(D25>=70,"A",IF(D25>=60,"A-",IF(D25>=50,"B",IF(D25>=40,"C",IF(D25>=33,"D","F"))))))))) -> C | G25: =(IF(D25="","",IF(F25="F",0,IF(D25>=80,5,IF(D25>=70,4,IF(D25>=60,3.5,IF(D25>=50,3,IF(D25>=40,2,IF(D25>=33,1,0))))))))) -> 2
A26: ='Student Basic Info'!A26 -> 525 | D26: =IF(B26+C26=0, "", B26+C26) | E26: =IF(D26="","", IF(AND(B26 >=10,C26>=23),"Pass","Fail")) | F26: =(IF(D26="","",IF(E26="Fail","F",IF(D26>=80,"A+",IF(D26>=70,"A",IF(D26>=60,"A-",IF(D26>=50,"B",IF(D26>=40,"C",IF(D26>=33,"D","F"))))))))) | G26: =(IF(D26="","",IF(F26="F",0,IF(D26>=80,5,IF(D26>=70,4,IF(D26>=60,3.5,IF(D26>=50,3,IF(D26>=40,2,IF(D26>=33,1,0)))))))))
A27: ='Student Basic Info'!A27 -> 526 | B27: 10 | C27: 40 | D27: =IF(B27+C27=0, "", B27+C27) -> 50 | E27: =IF(D27="","", IF(AND(B27 >=10,C27>=23),"Pass","Fail")) -> Pass | F27: =(IF(D27="","",IF(E27="Fail","F",IF(D27>=80,"A+",IF(D27>=70,"A",IF(D27>=60,"A-",IF(D27>=50,"B",IF(D27>=40,"C",IF(D27>=33,"D","F"))))))))) -> B | G27: =(IF(D27="","",IF(F27="F",0,IF(D27>=80,5,IF(D27>=70,4,IF(D27>=60,3.5,IF(D27>=50,3,IF(D27>=40,2,IF(D27>=33,1,0))))))))) -> 3
A28: ='Student Basic Info'!A28 -> 527 | D28: =IF(B28+C28=0, "", B28+C28) | E28: =IF(D28="","", IF(AND(B28 >=10,C28>=23),"Pass","Fail")) | F28: =(IF(D28="","",IF(E28="Fail","F",IF(D28>=80,"A+",IF(D28>=70,"A",IF(D28>=60,"A-",IF(D28>=50,"B",IF(D28>=40,"C",IF(D28>=33,"D","F"))))))))) | G28: =(IF(D28="","",IF(F28="F",0,IF(D28>=80,5,IF(D28>=70,4,IF(D28>=60,3.5,IF(D28>=50,3,IF(D28>=40,2,IF(D28>=33,1,0)))))))))
A29: ='Student Basic Info'!A29 -> 528 | B29: 14 | C29: 40 | D29: =IF(B29+C29=0, "", B29+C29) -> 54 | E29: =IF(D29="","", IF(AND(B29 >=10,C29>=23),"Pass","Fail")) -> Pass | F29: =(IF(D29="","",IF(E29="Fail","F",IF(D29>=80,"A+",IF(D29>=70,"A",IF(D29>=60,"A-",IF(D29>=50,"B",IF(D29>=40,"C",IF(D29>=33,"D","F"))))))))) -> B | G29: =(IF(D29="","",IF(F29="F",0,IF(D29>=80,5,IF(D29>=70,4,IF(D29>=60,3.5,IF(D29>=50,3,IF(D29>=40,2,IF(D29>=33,1,0))))))))) -> 3
A30: ='Student Basic Info'!A30 -> 529 | B30: 11 | C30: 9 | D30: =IF(B30+C30=0, "", B30+C30) -> 20 | E30: =IF(D30="","", IF(AND(B30 >=10,C30>=23),"Pass","Fail")) -> Fail | F30: =(IF(D30="","",IF(E30="Fail","F",IF(D30>=80,"A+",IF(D30>=70,"A",IF(D30>=60,"A-",IF(D30>=50,"B",IF(D30>=40,"C",IF(D30>=33,"D","F"))))))))) -> F | G30: =(IF(D30="","",IF(F30="F",0,IF(D30>=80,5,IF(D30>=70,4,IF(D30>=60,3.5,IF(D30>=50,3,IF(D30>=40,2,IF(D30>=33,1,0))))))))) -> 0
A31: ='Student Basic Info'!A31 -> 530 | D31: =IF(B31+C31=0, "", B31+C31) | E31: =IF(D31="","", IF(AND(B31 >=10,C31>=23),"Pass","Fail")) | F31: =(IF(D31="","",IF(E31="Fail","F",IF(D31>=80,"A+",IF(D31>=70,"A",IF(D31>=60,"A-",IF(D31>=50,"B",IF(D31>=40,"C",IF(D31>=33,"D","F"))))))))) | G31: =(IF(D31="","",IF(F31="F",0,IF(D31>=80,5,IF(D31>=70,4,IF(D31>=60,3.5,IF(D31>=50,3,IF(D31>=40,2,IF(D31>=33,1,0)))))))))
A32: ='Student Basic Info'!A32 -> 531 | B32: 8 | C32: 12 | D32: =IF(B32+C32=0, "", B32+C32) -> 20 | E32: =IF(D32="","", IF(AND(B32 >=10,C32>=23),"Pass","Fail")) -> Fail | F32: =(IF(D32="","",IF(E32="Fail","F",IF(D32>=80,"A+",IF(D32>=70,"A",IF(D32>=60,"A-",IF(D32>=50,"B",IF(D32>=40,"C",IF(D32>=33,"D","F"))))))))) -> F | G32: =(IF(D32="","",IF(F32="F",0,IF(D32>=80,5,IF(D32>=70,4,IF(D32>=60,3.5,IF(D32>=50,3,IF(D32>=40,2,IF(D32>=33,1,0))))))))) -> 0
A33: ='Student Basic Info'!A33 -> 532 | D33: =IF(B33+C33=0, "", B33+C33) | E33: =IF(D33="","", IF(AND(B33 >=10,C33>=23),"Pass","Fail")) | F33: =(IF(D33="","",IF(E33="Fail","F",IF(D33>=80,"A+",IF(D33>=70,"A",IF(D33>=60,"A-",IF(D33>=50,"B",IF(D33>=40,"C",IF(D33>=33,"D","F"))))))))) | G33: =(IF(D33="","",IF(F33="F",0,IF(D33>=80,5,IF(D33>=70,4,IF(D33>=60,3.5,IF(D33>=50,3,IF(D33>=40,2,IF(D33>=33,1,0)))))))))
A34: ='Student Basic Info'!A34 -> 533 | D34: =IF(B34+C34=0, "", B34+C34) | E34: =IF(D34="","", IF(AND(B34 >=10,C34>=23),"Pass","Fail")) | F34: =(IF(D34="","",IF(E34="Fail","F",IF(D34>=80,"A+",IF(D34>=70,"A",IF(D34>=60,"A-",IF(D34>=50,"B",IF(D34>=40,"C",IF(D34>=33,"D","F"))))))))) | G34: =(IF(D34="","",IF(F34="F",0,IF(D34>=80,5,IF(D34>=70,4,IF(D34>=60,3.5,IF(D34>=50,3,IF(D34>=40,2,IF(D34>=33,1,0)))))))))
A35: ='Student Basic Info'!A35 -> 534 | D35: =IF(B35+C35=0, "", B35+C35) | E35: =IF(D35="","", IF(AND(B35 >=10,C35>=23),"Pass","Fail")) | F35: =(IF(D35="","",IF(E35="Fail","F",IF(D35>=80,"A+",IF(D35>=70,"A",IF(D35>=60,"A-",IF(D35>=50,"B",IF(D35>=40,"C",IF(D35>=33,"D","F"))))))))) | G35: =(IF(D35="","",IF(F35="F",0,IF(D35>=80,5,IF(D35>=70,4,IF(D35>=60,3.5,IF(D35>=50,3,IF(D35>=40,2,IF(D35>=33,1,0)))))))))
A36: ='Student Basic Info'!A36 -> 535 | D36: =IF(B36+C36=0, "", B36+C36) | E36: =IF(D36="","", IF(AND(B36 >=10,C36>=23),"Pass","Fail")) | F36: =(IF(D36="","",IF(E36="Fail","F",IF(D36>=80,"A+",IF(D36>=70,"A",IF(D36>=60,"A-",IF(D36>=50,"B",IF(D36>=40,"C",IF(D36>=33,"D","F"))))))))) | G36: =(IF(D36="","",IF(F36="F",0,IF(D36>=80,5,IF(D36>=70,4,IF(D36>=60,3.5,IF(D36>=50,3,IF(D36>=40,2,IF(D36>=33,1,0)))))))))
A37: ='Student Basic Info'!A37 -> 536 | B37: 10 | C37: 17 | D37: =IF(B37+C37=0, "", B37+C37) -> 27 | E37: =IF(D37="","", IF(AND(B37 >=10,C37>=23),"Pass","Fail")) -> Fail | F37: =(IF(D37="","",IF(E37="Fail","F",IF(D37>=80,"A+",IF(D37>=70,"A",IF(D37>=60,"A-",IF(D37>=50,"B",IF(D37>=40,"C",IF(D37>=33,"D","F"))))))))) -> F | G37: =(IF(D37="","",IF(F37="F",0,IF(D37>=80,5,IF(D37>=70,4,IF(D37>=60,3.5,IF(D37>=50,3,IF(D37>=40,2,IF(D37>=33,1,0))))))))) -> 0
A38: ='Student Basic Info'!A38 -> 537 | B38: 10 | C38: 12 | D38: =IF(B38+C38=0, "", B38+C38) -> 22 | E38: =IF(D38="","", IF(AND(B38 >=10,C38>=23),"Pass","Fail")) -> Fail | F38: =(IF(D38="","",IF(E38="Fail","F",IF(D38>=80,"A+",IF(D38>=70,"A",IF(D38>=60,"A-",IF(D38>=50,"B",IF(D38>=40,"C",IF(D38>=33,"D","F"))))))))) -> F | G38: =(IF(D38="","",IF(F38="F",0,IF(D38>=80,5,IF(D38>=70,4,IF(D38>=60,3.5,IF(D38>=50,3,IF(D38>=40,2,IF(D38>=33,1,0))))))))) -> 0
A39: ='Student Basic Info'!A39 -> 538 | B39: 10 | C39: 5 | D39: =IF(B39+C39=0, "", B39+C39) -> 15 | E39: =IF(D39="","", IF(AND(B39 >=10,C39>=23),"Pass","Fail")) -> Fail | F39: =(IF(D39="","",IF(E39="Fail","F",IF(D39>=80,"A+",IF(D39>=70,"A",IF(D39>=60,"A-",IF(D39>=50,"B",IF(D39>=40,"C",IF(D39>=33,"D","F"))))))))) -> F | G39: =(IF(D39="","",IF(F39="F",0,IF(D39>=80,5,IF(D39>=70,4,IF(D39>=60,3.5,IF(D39>=50,3,IF(D39>=40,2,IF(D39>=33,1,0))))))))) -> 0
A40: ='Student Basic Info'!A40 -> 539 | B40: 10 | C40: 2 | D40: =IF(B40+C40=0, "", B40+C40) -> 12 | E40: =IF(D40="","", IF(AND(B40 >=10,C40>=23),"Pass","Fail")) -> Fail | F40: =(IF(D40="","",IF(E40="Fail","F",IF(D40>=80,"A+",IF(D40>=70,"A",IF(D40>=60,"A-",IF(D40>=50,"B",IF(D40>=40,"C",IF(D40>=33,"D","F"))))))))) -> F | G40: =(IF(D40="","",IF(F40="F",0,IF(D40>=80,5,IF(D40>=70,4,IF(D40>=60,3.5,IF(D40>=50,3,IF(D40>=40,2,IF(D40>=33,1,0))))))))) -> 0
A41: ='Student Basic Info'!A41 -> 540 | B41: 8 | C41: 8 | D41: =IF(B41+C41=0, "", B41+C41) -> 16 | E41: =IF(D41="","", IF(AND(B41 >=10,C41>=23),"Pass","Fail")) -> Fail | F41: =(IF(D41="","",IF(E41="Fail","F",IF(D41>=80,"A+",IF(D41>=70,"A",IF(D41>=60,"A-",IF(D41>=50,"B",IF(D41>=40,"C",IF(D41>=33,"D","F"))))))))) -> F | G41: =(IF(D41="","",IF(F41="F",0,IF(D41>=80,5,IF(D41>=70,4,IF(D41>=60,3.5,IF(D41>=50,3,IF(D41>=40,2,IF(D41>=33,1,0))))))))) -> 0
A42: ='Student Basic Info'!A42 -> 541 | D42: =IF(B42+C42=0, "", B42+C42) | E42: =IF(D42="","", IF(AND(B42 >=10,C42>=23),"Pass","Fail")) | F42: =(IF(D42="","",IF(E42="Fail","F",IF(D42>=80,"A+",IF(D42>=70,"A",IF(D42>=60,"A-",IF(D42>=50,"B",IF(D42>=40,"C",IF(D42>=33,"D","F"))))))))) | G42: =(IF(D42="","",IF(F42="F",0,IF(D42>=80,5,IF(D42>=70,4,IF(D42>=60,3.5,IF(D42>=50,3,IF(D42>=40,2,IF(D42>=33,1,0)))))))))
A43: ='Student Basic Info'!A43 -> 542 | B43: 10 | C43: 13 | D43: =IF(B43+C43=0, "", B43+C43) -> 23 | E43: =IF(D43="","", IF(AND(B43 >=10,C43>=23),"Pass","Fail")) -> Fail | F43: =(IF(D43="","",IF(E43="Fail","F",IF(D43>=80,"A+",IF(D43>=70,"A",IF(D43>=60,"A-",IF(D43>=50,"B",IF(D43>=40,"C",IF(D43>=33,"D","F"))))))))) -> F | G43: =(IF(D43="","",IF(F43="F",0,IF(D43>=80,5,IF(D43>=70,4,IF(D43>=60,3.5,IF(D43>=50,3,IF(D43>=40,2,IF(D43>=33,1,0))))))))) -> 0
A44: ='Student Basic Info'!A44 -> 543 | B44: 8 | C44: 12 | D44: =IF(B44+C44=0, "", B44+C44) -> 20 | E44: =IF(D44="","", IF(AND(B44 >=10,C44>=23),"Pass","Fail")) -> Fail | F44: =(IF(D44="","",IF(E44="Fail","F",IF(D44>=80,"A+",IF(D44>=70,"A",IF(D44>=60,"A-",IF(D44>=50,"B",IF(D44>=40,"C",IF(D44>=33,"D","F"))))))))) -> F | G44: =(IF(D44="","",IF(F44="F",0,IF(D44>=80,5,IF(D44>=70,4,IF(D44>=60,3.5,IF(D44>=50,3,IF(D44>=40,2,IF(D44>=33,1,0))))))))) -> 0
A45: ='Student Basic Info'!A45 -> 544 | B45: 10 | C45: 23 | D45: =IF(B45+C45=0, "", B45+C45) -> 33 | E45: =IF(D45="","", IF(AND(B45 >=10,C45>=23),"Pass","Fail")) -> Pass | F45: =(IF(D45="","",IF(E45="Fail","F",IF(D45>=80,"A+",IF(D45>=70,"A",IF(D45>=60,"A-",IF(D45>=50,"B",IF(D45>=40,"C",IF(D45>=33,"D","F"))))))))) -> D | G45: =(IF(D45="","",IF(F45="F",0,IF(D45>=80,5,IF(D45>=70,4,IF(D45>=60,3.5,IF(D45>=50,3,IF(D45>=40,2,IF(D45>=33,1,0))))))))) -> 1
A46: ='Student Basic Info'!A46 -> 545 | D46: =IF(B46+C46=0, "", B46+C46) | E46: =IF(D46="","", IF(AND(B46 >=10,C46>=23),"Pass","Fail")) | F46: =(IF(D46="","",IF(E46="Fail","F",IF(D46>=80,"A+",IF(D46>=70,"A",IF(D46>=60,"A-",IF(D46>=50,"B",IF(D46>=40,"C",IF(D46>=33,"D","F"))))))))) | G46: =(IF(D46="","",IF(F46="F",0,IF(D46>=80,5,IF(D46>=70,4,IF(D46>=60,3.5,IF(D46>=50,3,IF(D46>=40,2,IF(D46>=33,1,0)))))))))
A47: ='Student Basic Info'!A47 -> 546 | B47: 11 | C47: 13 | D47: =IF(B47+C47=0, "", B47+C47) -> 24 | E47: =IF(D47="","", IF(AND(B47 >=10,C47>=23),"Pass","Fail")) -> Fail | F47: =(IF(D47="","",IF(E47="Fail","F",IF(D47>=80,"A+",IF(D47>=70,"A",IF(D47>=60,"A-",IF(D47>=50,"B",IF(D47>=40,"C",IF(D47>=33,"D","F"))))))))) -> F | G47: =(IF(D47="","",IF(F47="F",0,IF(D47>=80,5,IF(D47>=70,4,IF(D47>=60,3.5,IF(D47>=50,3,IF(D47>=40,2,IF(D47>=33,1,0))))))))) -> 0
A48: ='Student Basic Info'!A48 -> 547 | D48: =IF(B48+C48=0, "", B48+C48) | E48: =IF(D48="","", IF(AND(B48 >=10,C48>=23),"Pass","Fail")) | F48: =(IF(D48="","",IF(E48="Fail","F",IF(D48>=80,"A+",IF(D48>=70,"A",IF(D48>=60,"A-",IF(D48>=50,"B",IF(D48>=40,"C",IF(D48>=33,"D","F"))))))))) | G48: =(IF(D48="","",IF(F48="F",0,IF(D48>=80,5,IF(D48>=70,4,IF(D48>=60,3.5,IF(D48>=50,3,IF(D48>=40,2,IF(D48>=33,1,0)))))))))
A49: ='Student Basic Info'!A49 -> 548 | D49: =IF(B49+C49=0, "", B49+C49) | E49: =IF(D49="","", IF(AND(B49 >=10,C49>=23),"Pass","Fail")) | F49: =(IF(D49="","",IF(E49="Fail","F",IF(D49>=80,"A+",IF(D49>=70,"A",IF(D49>=60,"A-",IF(D49>=50,"B",IF(D49>=40,"C",IF(D49>=33,"D","F"))))))))) | G49: =(IF(D49="","",IF(F49="F",0,IF(D49>=80,5,IF(D49>=70,4,IF(D49>=60,3.5,IF(D49>=50,3,IF(D49>=40,2,IF(D49>=33,1,0)))))))))
A50: ='Student Basic Info'!A50 -> 549 | B50: 10 | C50: 20 | D50: =IF(B50+C50=0, "", B50+C50) -> 30 | E50: =IF(D50="","", IF(AND(B50 >=10,C50>=23),"Pass","Fail")) -> Fail | F50: =(IF(D50="","",IF(E50="Fail","F",IF(D50>=80,"A+",IF(D50>=70,"A",IF(D50>=60,"A-",IF(D50>=50,"B",IF(D50>=40,"C",IF(D50>=33,"D","F"))))))))) -> F | G50: =(IF(D50="","",IF(F50="F",0,IF(D50>=80,5,IF(D50>=70,4,IF(D50>=60,3.5,IF(D50>=50,3,IF(D50>=40,2,IF(D50>=33,1,0))))))))) -> 0
A51: ='Student Basic Info'!A51 -> 550 | D51: =IF(B51+C51=0, "", B51+C51) | E51: =IF(D51="","", IF(AND(B51 >=10,C51>=23),"Pass","Fail")) | F51: =(IF(D51="","",IF(E51="Fail","F",IF(D51>=80,"A+",IF(D51>=70,"A",IF(D51>=60,"A-",IF(D51>=50,"B",IF(D51>=40,"C",IF(D51>=33,"D","F"))))))))) | G51: =(IF(D51="","",IF(F51="F",0,IF(D51>=80,5,IF(D51>=70,4,IF(D51>=60,3.5,IF(D51>=50,3,IF(D51>=40,2,IF(D51>=33,1,0)))))))))
A52: ='Student Basic Info'!A52 -> 551 | D52: =IF(B52+C52=0, "", B52+C52) | E52: =IF(D52="","", IF(AND(B52 >=10,C52>=23),"Pass","Fail")) | F52: =(IF(D52="","",IF(E52="Fail","F",IF(D52>=80,"A+",IF(D52>=70,"A",IF(D52>=60,"A-",IF(D52>=50,"B",IF(D52>=40,"C",IF(D52>=33,"D","F"))))))))) | G52: =(IF(D52="","",IF(F52="F",0,IF(D52>=80,5,IF(D52>=70,4,IF(D52>=60,3.5,IF(D52>=50,3,IF(D52>=40,2,IF(D52>=33,1,0)))))))))
A53: ='Student Basic Info'!A53 -> 552 | B53: 10 | C53: 13 | D53: =IF(B53+C53=0, "", B53+C53) -> 23 | E53: =IF(D53="","", IF(AND(B53 >=10,C53>=23),"Pass","Fail")) -> Fail | F53: =(IF(D53="","",IF(E53="Fail","F",IF(D53>=80,"A+",IF(D53>=70,"A",IF(D53>=60,"A-",IF(D53>=50,"B",IF(D53>=40,"C",IF(D53>=33,"D","F"))))))))) -> F | G53: =(IF(D53="","",IF(F53="F",0,IF(D53>=80,5,IF(D53>=70,4,IF(D53>=60,3.5,IF(D53>=50,3,IF(D53>=40,2,IF(D53>=33,1,0))))))))) -> 0
A54: ='Student Basic Info'!A54 -> 553 | D54: =IF(B54+C54=0, "", B54+C54) | E54: =IF(D54="","", IF(AND(B54 >=10,C54>=23),"Pass","Fail")) | F54: =(IF(D54="","",IF(E54="Fail","F",IF(D54>=80,"A+",IF(D54>=70,"A",IF(D54>=60,"A-",IF(D54>=50,"B",IF(D54>=40,"C",IF(D54>=33,"D","F"))))))))) | G54: =(IF(D54="","",IF(F54="F",0,IF(D54>=80,5,IF(D54>=70,4,IF(D54>=60,3.5,IF(D54>=50,3,IF(D54>=40,2,IF(D54>=33,1,0)))))))))
A55: ='Student Basic Info'!A55 -> 554 | B55: 10 | C55: 9 | D55: =IF(B55+C55=0, "", B55+C55) -> 19 | E55: =IF(D55="","", IF(AND(B55 >=10,C55>=23),"Pass","Fail")) -> Fail | F55: =(IF(D55="","",IF(E55="Fail","F",IF(D55>=80,"A+",IF(D55>=70,"A",IF(D55>=60,"A-",IF(D55>=50,"B",IF(D55>=40,"C",IF(D55>=33,"D","F"))))))))) -> F | G55: =(IF(D55="","",IF(F55="F",0,IF(D55>=80,5,IF(D55>=70,4,IF(D55>=60,3.5,IF(D55>=50,3,IF(D55>=40,2,IF(D55>=33,1,0))))))))) -> 0
A56: ='Student Basic Info'!A56 -> 555 | B56: 14 | C56: 43 | D56: =IF(B56+C56=0, "", B56+C56) -> 57 | E56: =IF(D56="","", IF(AND(B56 >=10,C56>=23),"Pass","Fail")) -> Pass | F56: =(IF(D56="","",IF(E56="Fail","F",IF(D56>=80,"A+",IF(D56>=70,"A",IF(D56>=60,"A-",IF(D56>=50,"B",IF(D56>=40,"C",IF(D56>=33,"D","F"))))))))) -> B | G56: =(IF(D56="","",IF(F56="F",0,IF(D56>=80,5,IF(D56>=70,4,IF(D56>=60,3.5,IF(D56>=50,3,IF(D56>=40,2,IF(D56>=33,1,0))))))))) -> 3
A57: ='Student Basic Info'!A57 -> 556 | B57: 12 | C57: 6 | D57: =IF(B57+C57=0, "", B57+C57) -> 18 | E57: =IF(D57="","", IF(AND(B57 >=10,C57>=23),"Pass","Fail")) -> Fail | F57: =(IF(D57="","",IF(E57="Fail","F",IF(D57>=80,"A+",IF(D57>=70,"A",IF(D57>=60,"A-",IF(D57>=50,"B",IF(D57>=40,"C",IF(D57>=33,"D","F"))))))))) -> F | G57: =(IF(D57="","",IF(F57="F",0,IF(D57>=80,5,IF(D57>=70,4,IF(D57>=60,3.5,IF(D57>=50,3,IF(D57>=40,2,IF(D57>=33,1,0))))))))) -> 0
A58: ='Student Basic Info'!A58 -> 557 | B58: 12 | C58: 25 | D58: =IF(B58+C58=0, "", B58+C58) -> 37 | E58: =IF(D58="","", IF(AND(B58 >=10,C58>=23),"Pass","Fail")) -> Pass | F58: =(IF(D58="","",IF(E58="Fail","F",IF(D58>=80,"A+",IF(D58>=70,"A",IF(D58>=60,"A-",IF(D58>=50,"B",IF(D58>=40,"C",IF(D58>=33,"D","F"))))))))) -> D | G58: =(IF(D58="","",IF(F58="F",0,IF(D58>=80,5,IF(D58>=70,4,IF(D58>=60,3.5,IF(D58>=50,3,IF(D58>=40,2,IF(D58>=33,1,0))))))))) -> 1
A59: ='Student Basic Info'!A59 -> 558 | B59: 11 | C59: 40 | D59: =IF(B59+C59=0, "", B59+C59) -> 51 | E59: =IF(D59="","", IF(AND(B59 >=10,C59>=23),"Pass","Fail")) -> Pass | F59: =(IF(D59="","",IF(E59="Fail","F",IF(D59>=80,"A+",IF(D59>=70,"A",IF(D59>=60,"A-",IF(D59>=50,"B",IF(D59>=40,"C",IF(D59>=33,"D","F"))))))))) -> B | G59: =(IF(D59="","",IF(F59="F",0,IF(D59>=80,5,IF(D59>=70,4,IF(D59>=60,3.5,IF(D59>=50,3,IF(D59>=40,2,IF(D59>=33,1,0))))))))) -> 3
A60: ='Student Basic Info'!A60 -> 559 | B60: 11 | C60: 38 | D60: =IF(B60+C60=0, "", B60+C60) -> 49 | E60: =IF(D60="","", IF(AND(B60 >=10,C60>=23),"Pass","Fail")) -> Pass | F60: =(IF(D60="","",IF(E60="Fail","F",IF(D60>=80,"A+",IF(D60>=70,"A",IF(D60>=60,"A-",IF(D60>=50,"B",IF(D60>=40,"C",IF(D60>=33,"D","F"))))))))) -> C | G60: =(IF(D60="","",IF(F60="F",0,IF(D60>=80,5,IF(D60>=70,4,IF(D60>=60,3.5,IF(D60>=50,3,IF(D60>=40,2,IF(D60>=33,1,0))))))))) -> 2
A61: ='Student Basic Info'!A61 -> 560 | B61: 8 | C61: 30 | D61: =IF(B61+C61=0, "", B61+C61) -> 38 | E61: =IF(D61="","", IF(AND(B61 >=10,C61>=23),"Pass","Fail")) -> Fail | F61: =(IF(D61="","",IF(E61="Fail","F",IF(D61>=80,"A+",IF(D61>=70,"A",IF(D61>=60,"A-",IF(D61>=50,"B",IF(D61>=40,"C",IF(D61>=33,"D","F"))))))))) -> F | G61: =(IF(D61="","",IF(F61="F",0,IF(D61>=80,5,IF(D61>=70,4,IF(D61>=60,3.5,IF(D61>=50,3,IF(D61>=40,2,IF(D61>=33,1,0))))))))) -> 0
A62: ='Student Basic Info'!A62 -> 561 | B62: 6 | C62: 11 | D62: =IF(B62+C62=0, "", B62+C62) -> 17 | E62: =IF(D62="","", IF(AND(B62 >=10,C62>=23),"Pass","Fail")) -> Fail | F62: =(IF(D62="","",IF(E62="Fail","F",IF(D62>=80,"A+",IF(D62>=70,"A",IF(D62>=60,"A-",IF(D62>=50,"B",IF(D62>=40,"C",IF(D62>=33,"D","F"))))))))) -> F | G62: =(IF(D62="","",IF(F62="F",0,IF(D62>=80,5,IF(D62>=70,4,IF(D62>=60,3.5,IF(D62>=50,3,IF(D62>=40,2,IF(D62>=33,1,0))))))))) -> 0
A63: ='Student Basic Info'!A63 -> 562 | D63: =IF(B63+C63=0, "", B63+C63) | E63: =IF(D63="","", IF(AND(B63 >=10,C63>=23),"Pass","Fail")) | F63: =(IF(D63="","",IF(E63="Fail","F",IF(D63>=80,"A+",IF(D63>=70,"A",IF(D63>=60,"A-",IF(D63>=50,"B",IF(D63>=40,"C",IF(D63>=33,"D","F"))))))))) | G63: =(IF(D63="","",IF(F63="F",0,IF(D63>=80,5,IF(D63>=70,4,IF(D63>=60,3.5,IF(D63>=50,3,IF(D63>=40,2,IF(D63>=33,1,0)))))))))
A64: ='Student Basic Info'!A64 -> 563 | D64: =IF(B64+C64=0, "", B64+C64) | E64: =IF(D64="","", IF(AND(B64 >=10,C64>=23),"Pass","Fail")) | F64: =(IF(D64="","",IF(E64="Fail","F",IF(D64>=80,"A+",IF(D64>=70,"A",IF(D64>=60,"A-",IF(D64>=50,"B",IF(D64>=40,"C",IF(D64>=33,"D","F"))))))))) | G64: =(IF(D64="","",IF(F64="F",0,IF(D64>=80,5,IF(D64>=70,4,IF(D64>=60,3.5,IF(D64>=50,3,IF(D64>=40,2,IF(D64>=33,1,0)))))))))
A65: ='Student Basic Info'!A65 -> 564 | D65: =IF(B65+C65=0, "", B65+C65) | E65: =IF(D65="","", IF(AND(B65 >=10,C65>=23),"Pass","Fail")) | F65: =(IF(D65="","",IF(E65="Fail","F",IF(D65>=80,"A+",IF(D65>=70,"A",IF(D65>=60,"A-",IF(D65>=50,"B",IF(D65>=40,"C",IF(D65>=33,"D","F"))))))))) | G65: =(IF(D65="","",IF(F65="F",0,IF(D65>=80,5,IF(D65>=70,4,IF(D65>=60,3.5,IF(D65>=50,3,IF(D65>=40,2,IF(D65>=33,1,0)))))))))
A66: ='Student Basic Info'!A66 -> 565 | B66: 11 | C66: 40 | D66: =IF(B66+C66=0, "", B66+C66) -> 51 | E66: =IF(D66="","", IF(AND(B66 >=10,C66>=23),"Pass","Fail")) -> Pass | F66: =(IF(D66="","",IF(E66="Fail","F",IF(D66>=80,"A+",IF(D66>=70,"A",IF(D66>=60,"A-",IF(D66>=50,"B",IF(D66>=40,"C",IF(D66>=33,"D","F"))))))))) -> B | G66: =(IF(D66="","",IF(F66="F",0,IF(D66>=80,5,IF(D66>=70,4,IF(D66>=60,3.5,IF(D66>=50,3,IF(D66>=40,2,IF(D66>=33,1,0))))))))) -> 3
A67: ='Student Basic Info'!A67 -> 566 | D67: =IF(B67+C67=0, "", B67+C67) | E67: =IF(D67="","", IF(AND(B67 >=10,C67>=23),"Pass","Fail")) | F67: =(IF(D67="","",IF(E67="Fail","F",IF(D67>=80,"A+",IF(D67>=70,"A",IF(D67>=60,"A-",IF(D67>=50,"B",IF(D67>=40,"C",IF(D67>=33,"D","F"))))))))) | G67: =(IF(D67="","",IF(F67="F",0,IF(D67>=80,5,IF(D67>=70,4,IF(D67>=60,3.5,IF(D67>=50,3,IF(D67>=40,2,IF(D67>=33,1,0)))))))))
A68: ='Student Basic Info'!A68 -> 567 | B68: 5 | C68: 8 | D68: =IF(B68+C68=0, "", B68+C68) -> 13 | E68: =IF(D68="","", IF(AND(B68 >=10,C68>=23),"Pass","Fail")) -> Fail | F68: =(IF(D68="","",IF(E68="Fail","F",IF(D68>=80,"A+",IF(D68>=70,"A",IF(D68>=60,"A-",IF(D68>=50,"B",IF(D68>=40,"C",IF(D68>=33,"D","F"))))))))) -> F | G68: =(IF(D68="","",IF(F68="F",0,IF(D68>=80,5,IF(D68>=70,4,IF(D68>=60,3.5,IF(D68>=50,3,IF(D68>=40,2,IF(D68>=33,1,0))))))))) -> 0
A69: ='Student Basic Info'!A69 -> 568 | B69: 7 | C69: 7 | D69: =IF(B69+C69=0, "", B69+C69) -> 14 | E69: =IF(D69="","", IF(AND(B69 >=10,C69>=23),"Pass","Fail")) -> Fail | F69: =(IF(D69="","",IF(E69="Fail","F",IF(D69>=80,"A+",IF(D69>=70,"A",IF(D69>=60,"A-",IF(D69>=50,"B",IF(D69>=40,"C",IF(D69>=33,"D","F"))))))))) -> F | G69: =(IF(D69="","",IF(F69="F",0,IF(D69>=80,5,IF(D69>=70,4,IF(D69>=60,3.5,IF(D69>=50,3,IF(D69>=40,2,IF(D69>=33,1,0))))))))) -> 0
A70: ='Student Basic Info'!A70 -> 569 | D70: =IF(B70+C70=0, "", B70+C70) | E70: =IF(D70="","", IF(AND(B70 >=10,C70>=23),"Pass","Fail")) | F70: =(IF(D70="","",IF(E70="Fail","F",IF(D70>=80,"A+",IF(D70>=70,"A",IF(D70>=60,"A-",IF(D70>=50,"B",IF(D70>=40,"C",IF(D70>=33,"D","F"))))))))) | G70: =(IF(D70="","",IF(F70="F",0,IF(D70>=80,5,IF(D70>=70,4,IF(D70>=60,3.5,IF(D70>=50,3,IF(D70>=40,2,IF(D70>=33,1,0)))))))))
A71: ='Student Basic Info'!A71 -> 570 | D71: =IF(B71+C71=0, "", B71+C71) | E71: =IF(D71="","", IF(AND(B71 >=10,C71>=23),"Pass","Fail")) | F71: =(IF(D71="","",IF(E71="Fail","F",IF(D71>=80,"A+",IF(D71>=70,"A",IF(D71>=60,"A-",IF(D71>=50,"B",IF(D71>=40,"C",IF(D71>=33,"D","F"))))))))) | G71: =(IF(D71="","",IF(F71="F",0,IF(D71>=80,5,IF(D71>=70,4,IF(D71>=60,3.5,IF(D71>=50,3,IF(D71>=40,2,IF(D71>=33,1,0)))))))))
A72: ='Student Basic Info'!A72 -> 571 | D72: =IF(B72+C72=0, "", B72+C72) | E72: =IF(D72="","", IF(AND(B72 >=10,C72>=23),"Pass","Fail")) | F72: =(IF(D72="","",IF(E72="Fail","F",IF(D72>=80,"A+",IF(D72>=70,"A",IF(D72>=60,"A-",IF(D72>=50,"B",IF(D72>=40,"C",IF(D72>=33,"D","F"))))))))) | G72: =(IF(D72="","",IF(F72="F",0,IF(D72>=80,5,IF(D72>=70,4,IF(D72>=60,3.5,IF(D72>=50,3,IF(D72>=40,2,IF(D72>=33,1,0)))))))))
A73: ='Student Basic Info'!A73 -> 572 | B73: 5 | C73: 6 | D73: =IF(B73+C73=0, "", B73+C73) -> 11 | E73: =IF(D73="","", IF(AND(B73 >=10,C73>=23),"Pass","Fail")) -> Fail | F73: =(IF(D73="","",IF(E73="Fail","F",IF(D73>=80,"A+",IF(D73>=70,"A",IF(D73>=60,"A-",IF(D73>=50,"B",IF(D73>=40,"C",IF(D73>=33,"D","F"))))))))) -> F | G73: =(IF(D73="","",IF(F73="F",0,IF(D73>=80,5,IF(D73>=70,4,IF(D73>=60,3.5,IF(D73>=50,3,IF(D73>=40,2,IF(D73>=33,1,0))))))))) -> 0
A74: ='Student Basic Info'!A74 -> 573 | B74: 7 | C74: 5 | D74: =IF(B74+C74=0, "", B74+C74) -> 12 | E74: =IF(D74="","", IF(AND(B74 >=10,C74>=23),"Pass","Fail")) -> Fail | F74: =(IF(D74="","",IF(E74="Fail","F",IF(D74>=80,"A+",IF(D74>=70,"A",IF(D74>=60,"A-",IF(D74>=50,"B",IF(D74>=40,"C",IF(D74>=33,"D","F"))))))))) -> F | G74: =(IF(D74="","",IF(F74="F",0,IF(D74>=80,5,IF(D74>=70,4,IF(D74>=60,3.5,IF(D74>=50,3,IF(D74>=40,2,IF(D74>=33,1,0))))))))) -> 0
A75: ='Student Basic Info'!A75 -> 574 | B75: 6 | C75: 17 | D75: =IF(B75+C75=0, "", B75+C75) -> 23 | E75: =IF(D75="","", IF(AND(B75 >=10,C75>=23),"Pass","Fail")) -> Fail | F75: =(IF(D75="","",IF(E75="Fail","F",IF(D75>=80,"A+",IF(D75>=70,"A",IF(D75>=60,"A-",IF(D75>=50,"B",IF(D75>=40,"C",IF(D75>=33,"D","F"))))))))) -> F | G75: =(IF(D75="","",IF(F75="F",0,IF(D75>=80,5,IF(D75>=70,4,IF(D75>=60,3.5,IF(D75>=50,3,IF(D75>=40,2,IF(D75>=33,1,0))))))))) -> 0
A76: ='Student Basic Info'!A76 -> 575 | D76: =IF(B76+C76=0, "", B76+C76) | E76: =IF(D76="","", IF(AND(B76 >=10,C76>=23),"Pass","Fail")) | F76: =(IF(D76="","",IF(E76="Fail","F",IF(D76>=80,"A+",IF(D76>=70,"A",IF(D76>=60,"A-",IF(D76>=50,"B",IF(D76>=40,"C",IF(D76>=33,"D","F"))))))))) | G76: =(IF(D76="","",IF(F76="F",0,IF(D76>=80,5,IF(D76>=70,4,IF(D76>=60,3.5,IF(D76>=50,3,IF(D76>=40,2,IF(D76>=33,1,0)))))))))
A77: ='Student Basic Info'!A77 -> 576 | D77: =IF(B77+C77=0, "", B77+C77) | E77: =IF(D77="","", IF(AND(B77 >=10,C77>=23),"Pass","Fail")) | F77: =(IF(D77="","",IF(E77="Fail","F",IF(D77>=80,"A+",IF(D77>=70,"A",IF(D77>=60,"A-",IF(D77>=50,"B",IF(D77>=40,"C",IF(D77>=33,"D","F"))))))))) | G77: =(IF(D77="","",IF(F77="F",0,IF(D77>=80,5,IF(D77>=70,4,IF(D77>=60,3.5,IF(D77>=50,3,IF(D77>=40,2,IF(D77>=33,1,0)))))))))
A78: ='Student Basic Info'!A78 -> 577 | B78: 8 | C78: 12 | D78: =IF(B78+C78=0, "", B78+C78) -> 20 | E78: =IF(D78="","", IF(AND(B78 >=10,C78>=23),"Pass","Fail")) -> Fail | F78: =(IF(D78="","",IF(E78="Fail","F",IF(D78>=80,"A+",IF(D78>=70,"A",IF(D78>=60,"A-",IF(D78>=50,"B",IF(D78>=40,"C",IF(D78>=33,"D","F"))))))))) -> F | G78: =(IF(D78="","",IF(F78="F",0,IF(D78>=80,5,IF(D78>=70,4,IF(D78>=60,3.5,IF(D78>=50,3,IF(D78>=40,2,IF(D78>=33,1,0))))))))) -> 0
A79: ='Student Basic Info'!A79 -> 578 | D79: =IF(B79+C79=0, "", B79+C79) | E79: =IF(D79="","", IF(AND(B79 >=10,C79>=23),"Pass","Fail")) | F79: =(IF(D79="","",IF(E79="Fail","F",IF(D79>=80,"A+",IF(D79>=70,"A",IF(D79>=60,"A-",IF(D79>=50,"B",IF(D79>=40,"C",IF(D79>=33,"D","F"))))))))) | G79: =(IF(D79="","",IF(F79="F",0,IF(D79>=80,5,IF(D79>=70,4,IF(D79>=60,3.5,IF(D79>=50,3,IF(D79>=40,2,IF(D79>=33,1,0)))))))))
A80: ='Student Basic Info'!A80 -> 579 | D80: =IF(B80+C80=0, "", B80+C80) | E80: =IF(D80="","", IF(AND(B80 >=10,C80>=23),"Pass","Fail")) | F80: =(IF(D80="","",IF(E80="Fail","F",IF(D80>=80,"A+",IF(D80>=70,"A",IF(D80>=60,"A-",IF(D80>=50,"B",IF(D80>=40,"C",IF(D80>=33,"D","F"))))))))) | G80: =(IF(D80="","",IF(F80="F",0,IF(D80>=80,5,IF(D80>=70,4,IF(D80>=60,3.5,IF(D80>=50,3,IF(D80>=40,2,IF(D80>=33,1,0)))))))))
A81: ='Student Basic Info'!A81 -> 580 | D81: =IF(B81+C81=0, "", B81+C81) | E81: =IF(D81="","", IF(AND(B81 >=10,C81>=23),"Pass","Fail")) | F81: =(IF(D81="","",IF(E81="Fail","F",IF(D81>=80,"A+",IF(D81>=70,"A",IF(D81>=60,"A-",IF(D81>=50,"B",IF(D81>=40,"C",IF(D81>=33,"D","F"))))))))) | G81: =(IF(D81="","",IF(F81="F",0,IF(D81>=80,5,IF(D81>=70,4,IF(D81>=60,3.5,IF(D81>=50,3,IF(D81>=40,2,IF(D81>=33,1,0)))))))))
A82: ='Student Basic Info'!A82 -> 581 | D82: =IF(B82+C82=0, "", B82+C82) | E82: =IF(D82="","", IF(AND(B82 >=10,C82>=23),"Pass","Fail")) | F82: =(IF(D82="","",IF(E82="Fail","F",IF(D82>=80,"A+",IF(D82>=70,"A",IF(D82>=60,"A-",IF(D82>=50,"B",IF(D82>=40,"C",IF(D82>=33,"D","F"))))))))) | G82: =(IF(D82="","",IF(F82="F",0,IF(D82>=80,5,IF(D82>=70,4,IF(D82>=60,3.5,IF(D82>=50,3,IF(D82>=40,2,IF(D82>=33,1,0)))))))))
A83: ='Student Basic Info'!A83 -> 582 | D83: =IF(B83+C83=0, "", B83+C83) | E83: =IF(D83="","", IF(AND(B83 >=10,C83>=23),"Pass","Fail")) | F83: =(IF(D83="","",IF(E83="Fail","F",IF(D83>=80,"A+",IF(D83>=70,"A",IF(D83>=60,"A-",IF(D83>=50,"B",IF(D83>=40,"C",IF(D83>=33,"D","F"))))))))) | G83: =(IF(D83="","",IF(F83="F",0,IF(D83>=80,5,IF(D83>=70,4,IF(D83>=60,3.5,IF(D83>=50,3,IF(D83>=40,2,IF(D83>=33,1,0)))))))))
A84: ='Student Basic Info'!A84 -> 583 | D84: =IF(B84+C84=0, "", B84+C84) | E84: =IF(D84="","", IF(AND(B84 >=10,C84>=23),"Pass","Fail")) | F84: =(IF(D84="","",IF(E84="Fail","F",IF(D84>=80,"A+",IF(D84>=70,"A",IF(D84>=60,"A-",IF(D84>=50,"B",IF(D84>=40,"C",IF(D84>=33,"D","F"))))))))) | G84: =(IF(D84="","",IF(F84="F",0,IF(D84>=80,5,IF(D84>=70,4,IF(D84>=60,3.5,IF(D84>=50,3,IF(D84>=40,2,IF(D84>=33,1,0)))))))))
A85: ='Student Basic Info'!A85 -> 584 | B85: 10 | C85: 5 | D85: =IF(B85+C85=0, "", B85+C85) -> 15 | E85: =IF(D85="","", IF(AND(B85 >=10,C85>=23),"Pass","Fail")) -> Fail | F85: =(IF(D85="","",IF(E85="Fail","F",IF(D85>=80,"A+",IF(D85>=70,"A",IF(D85>=60,"A-",IF(D85>=50,"B",IF(D85>=40,"C",IF(D85>=33,"D","F"))))))))) -> F | G85: =(IF(D85="","",IF(F85="F",0,IF(D85>=80,5,IF(D85>=70,4,IF(D85>=60,3.5,IF(D85>=50,3,IF(D85>=40,2,IF(D85>=33,1,0))))))))) -> 0
A86: ='Student Basic Info'!A86 -> 585 | B86: 8 | C86: 11 | D86: =IF(B86+C86=0, "", B86+C86) -> 19 | E86: =IF(D86="","", IF(AND(B86 >=10,C86>=23),"Pass","Fail")) -> Fail | F86: =(IF(D86="","",IF(E86="Fail","F",IF(D86>=80,"A+",IF(D86>=70,"A",IF(D86>=60,"A-",IF(D86>=50,"B",IF(D86>=40,"C",IF(D86>=33,"D","F"))))))))) -> F | G86: =(IF(D86="","",IF(F86="F",0,IF(D86>=80,5,IF(D86>=70,4,IF(D86>=60,3.5,IF(D86>=50,3,IF(D86>=40,2,IF(D86>=33,1,0))))))))) -> 0
A87: ='Student Basic Info'!A87 -> 586 | B87: 8 | C87: 4 | D87: =IF(B87+C87=0, "", B87+C87) -> 12 | E87: =IF(D87="","", IF(AND(B87 >=10,C87>=23),"Pass","Fail")) -> Fail | F87: =(IF(D87="","",IF(E87="Fail","F",IF(D87>=80,"A+",IF(D87>=70,"A",IF(D87>=60,"A-",IF(D87>=50,"B",IF(D87>=40,"C",IF(D87>=33,"D","F"))))))))) -> F | G87: =(IF(D87="","",IF(F87="F",0,IF(D87>=80,5,IF(D87>=70,4,IF(D87>=60,3.5,IF(D87>=50,3,IF(D87>=40,2,IF(D87>=33,1,0))))))))) -> 0
A88: ='Student Basic Info'!A88 -> 587 | B88: 8 | C88: 15 | D88: =IF(B88+C88=0, "", B88+C88) -> 23 | E88: =IF(D88="","", IF(AND(B88 >=10,C88>=23),"Pass","Fail")) -> Fail | F88: =(IF(D88="","",IF(E88="Fail","F",IF(D88>=80,"A+",IF(D88>=70,"A",IF(D88>=60,"A-",IF(D88>=50,"B",IF(D88>=40,"C",IF(D88>=33,"D","F"))))))))) -> F | G88: =(IF(D88="","",IF(F88="F",0,IF(D88>=80,5,IF(D88>=70,4,IF(D88>=60,3.5,IF(D88>=50,3,IF(D88>=40,2,IF(D88>=33,1,0))))))))) -> 0
A89: ='Student Basic Info'!A89 -> 588 | B89: 8 | C89: 23 | D89: =IF(B89+C89=0, "", B89+C89) -> 31 | E89: =IF(D89="","", IF(AND(B89 >=10,C89>=23),"Pass","Fail")) -> Fail | F89: =(IF(D89="","",IF(E89="Fail","F",IF(D89>=80,"A+",IF(D89>=70,"A",IF(D89>=60,"A-",IF(D89>=50,"B",IF(D89>=40,"C",IF(D89>=33,"D","F"))))))))) -> F | G89: =(IF(D89="","",IF(F89="F",0,IF(D89>=80,5,IF(D89>=70,4,IF(D89>=60,3.5,IF(D89>=50,3,IF(D89>=40,2,IF(D89>=33,1,0))))))))) -> 0
A90: ='Student Basic Info'!A90 -> 589 | D90: =IF(B90+C90=0, "", B90+C90) | E90: =IF(D90="","", IF(AND(B90 >=10,C90>=23),"Pass","Fail")) | F90: =(IF(D90="","",IF(E90="Fail","F",IF(D90>=80,"A+",IF(D90>=70,"A",IF(D90>=60,"A-",IF(D90>=50,"B",IF(D90>=40,"C",IF(D90>=33,"D","F"))))))))) | G90: =(IF(D90="","",IF(F90="F",0,IF(D90>=80,5,IF(D90>=70,4,IF(D90>=60,3.5,IF(D90>=50,3,IF(D90>=40,2,IF(D90>=33,1,0)))))))))
A91: ='Student Basic Info'!A91 -> 590 | D91: =IF(B91+C91=0, "", B91+C91) | E91: =IF(D91="","", IF(AND(B91 >=10,C91>=23),"Pass","Fail")) | F91: =(IF(D91="","",IF(E91="Fail","F",IF(D91>=80,"A+",IF(D91>=70,"A",IF(D91>=60,"A-",IF(D91>=50,"B",IF(D91>=40,"C",IF(D91>=33,"D","F"))))))))) | G91: =(IF(D91="","",IF(F91="F",0,IF(D91>=80,5,IF(D91>=70,4,IF(D91>=60,3.5,IF(D91>=50,3,IF(D91>=40,2,IF(D91>=33,1,0)))))))))
A92: ='Student Basic Info'!A92 -> 591 | B92: 11 | C92: 15 | D92: =IF(B92+C92=0, "", B92+C92) -> 26 | E92: =IF(D92="","", IF(AND(B92 >=10,C92>=23),"Pass","Fail")) -> Fail | F92: =(IF(D92="","",IF(E92="Fail","F",IF(D92>=80,"A+",IF(D92>=70,"A",IF(D92>=60,"A-",IF(D92>=50,"B",IF(D92>=40,"C",IF(D92>=33,"D","F"))))))))) -> F | G92: =(IF(D92="","",IF(F92="F",0,IF(D92>=80,5,IF(D92>=70,4,IF(D92>=60,3.5,IF(D92>=50,3,IF(D92>=40,2,IF(D92>=33,1,0))))))))) -> 0
A93: ='Student Basic Info'!A93 -> 592 | B93: 7 | C93: 5 | D93: =IF(B93+C93=0, "", B93+C93) -> 12 | E93: =IF(D93="","", IF(AND(B93 >=10,C93>=23),"Pass","Fail")) -> Fail | F93: =(IF(D93="","",IF(E93="Fail","F",IF(D93>=80,"A+",IF(D93>=70,"A",IF(D93>=60,"A-",IF(D93>=50,"B",IF(D93>=40,"C",IF(D93>=33,"D","F"))))))))) -> F | G93: =(IF(D93="","",IF(F93="F",0,IF(D93>=80,5,IF(D93>=70,4,IF(D93>=60,3.5,IF(D93>=50,3,IF(D93>=40,2,IF(D93>=33,1,0))))))))) -> 0
A94: ='Student Basic Info'!A94 -> 593 | B94: 5 | C94: 11 | D94: =IF(B94+C94=0, "", B94+C94) -> 16 | E94: =IF(D94="","", IF(AND(B94 >=10,C94>=23),"Pass","Fail")) -> Fail | F94: =(IF(D94="","",IF(E94="Fail","F",IF(D94>=80,"A+",IF(D94>=70,"A",IF(D94>=60,"A-",IF(D94>=50,"B",IF(D94>=40,"C",IF(D94>=33,"D","F"))))))))) -> F | G94: =(IF(D94="","",IF(F94="F",0,IF(D94>=80,5,IF(D94>=70,4,IF(D94>=60,3.5,IF(D94>=50,3,IF(D94>=40,2,IF(D94>=33,1,0))))))))) -> 0
A95: ='Student Basic Info'!A95 -> 594 | D95: =IF(B95+C95=0, "", B95+C95) | E95: =IF(D95="","", IF(AND(B95 >=10,C95>=23),"Pass","Fail")) | F95: =(IF(D95="","",IF(E95="Fail","F",IF(D95>=80,"A+",IF(D95>=70,"A",IF(D95>=60,"A-",IF(D95>=50,"B",IF(D95>=40,"C",IF(D95>=33,"D","F"))))))))) | G95: =(IF(D95="","",IF(F95="F",0,IF(D95>=80,5,IF(D95>=70,4,IF(D95>=60,3.5,IF(D95>=50,3,IF(D95>=40,2,IF(D95>=33,1,0)))))))))
A96: ='Student Basic Info'!A96 -> 595 | D96: =IF(B96+C96=0, "", B96+C96) | E96: =IF(D96="","", IF(AND(B96 >=10,C96>=23),"Pass","Fail")) | F96: =(IF(D96="","",IF(E96="Fail","F",IF(D96>=80,"A+",IF(D96>=70,"A",IF(D96>=60,"A-",IF(D96>=50,"B",IF(D96>=40,"C",IF(D96>=33,"D","F"))))))))) | G96: =(IF(D96="","",IF(F96="F",0,IF(D96>=80,5,IF(D96>=70,4,IF(D96>=60,3.5,IF(D96>=50,3,IF(D96>=40,2,IF(D96>=33,1,0)))))))))
A97: ='Student Basic Info'!A97 -> 596 | D97: =IF(B97+C97=0, "", B97+C97) | E97: =IF(D97="","", IF(AND(B97 >=10,C97>=23),"Pass","Fail")) | F97: =(IF(D97="","",IF(E97="Fail","F",IF(D97>=80,"A+",IF(D97>=70,"A",IF(D97>=60,"A-",IF(D97>=50,"B",IF(D97>=40,"C",IF(D97>=33,"D","F"))))))))) | G97: =(IF(D97="","",IF(F97="F",0,IF(D97>=80,5,IF(D97>=70,4,IF(D97>=60,3.5,IF(D97>=50,3,IF(D97>=40,2,IF(D97>=33,1,0)))))))))
A98: ='Student Basic Info'!A98 -> 597 | D98: =IF(B98+C98=0, "", B98+C98) | E98: =IF(D98="","", IF(AND(B98 >=10,C98>=23),"Pass","Fail")) | F98: =(IF(D98="","",IF(E98="Fail","F",IF(D98>=80,"A+",IF(D98>=70,"A",IF(D98>=60,"A-",IF(D98>=50,"B",IF(D98>=40,"C",IF(D98>=33,"D","F"))))))))) | G98: =(IF(D98="","",IF(F98="F",0,IF(D98>=80,5,IF(D98>=70,4,IF(D98>=60,3.5,IF(D98>=50,3,IF(D98>=40,2,IF(D98>=33,1,0)))))))))
A99: ='Student Basic Info'!A99 -> 598 | D99: =IF(B99+C99=0, "", B99+C99) | E99: =IF(D99="","", IF(AND(B99 >=10,C99>=23),"Pass","Fail")) | F99: =(IF(D99="","",IF(E99="Fail","F",IF(D99>=80,"A+",IF(D99>=70,"A",IF(D99>=60,"A-",IF(D99>=50,"B",IF(D99>=40,"C",IF(D99>=33,"D","F"))))))))) | G99: =(IF(D99="","",IF(F99="F",0,IF(D99>=80,5,IF(D99>=70,4,IF(D99>=60,3.5,IF(D99>=50,3,IF(D99>=40,2,IF(D99>=33,1,0)))))))))
A100: ='Student Basic Info'!A100 -> 599 | D100: =IF(B100+C100=0, "", B100+C100) | E100: =IF(D100="","", IF(AND(B100 >=10,C100>=23),"Pass","Fail")) | F100: =(IF(D100="","",IF(E100="Fail","F",IF(D100>=80,"A+",IF(D100>=70,"A",IF(D100>=60,"A-",IF(D100>=50,"B",IF(D100>=40,"C",IF(D100>=33,"D","F"))))))))) | G100: =(IF(D100="","",IF(F100="F",0,IF(D100>=80,5,IF(D100>=70,4,IF(D100>=60,3.5,IF(D100>=50,3,IF(D100>=40,2,IF(D100>=33,1,0)))))))))
...

Sheet Business Organization
A1: Roll | B1: Marks MCQ | C1: Marks CQ | D1: Total Marks | E1: Result | F1: Grade | G1: GPA
A2: ='Student Basic Info'!A2 -> 501 | D2: =IF(B2+C2=0, "", B2+C2) | E2: =IF(D2="","", IF(AND(B2 >=10,C2>=23),"Pass","Fail")) | F2: =(IF(D2="","",IF(E2="Fail","F",IF(D2>=80,"A+",IF(D2>=70,"A",IF(D2>=60,"A-",IF(D2>=50,"B",IF(D2>=40,"C",IF(D2>=33,"D","F"))))))))) | G2: =(IF(D2="","",IF(F2="F",0,IF(D2>=80,5,IF(D2>=70,4,IF(D2>=60,3.5,IF(D2>=50,3,IF(D2>=40,2,IF(D2>=33,1,0)))))))))
A3: ='Student Basic Info'!A3 -> 502 | D3: =IF(B3+C3=0, "", B3+C3) | E3: =IF(D3="","", IF(AND(B3 >=10,C3>=23),"Pass","Fail")) | F3: =(IF(D3="","",IF(E3="Fail","F",IF(D3>=80,"A+",IF(D3>=70,"A",IF(D3>=60,"A-",IF(D3>=50,"B",IF(D3>=40,"C",IF(D3>=33,"D","F"))))))))) | G3: =(IF(D3="","",IF(F3="F",0,IF(D3>=80,5,IF(D3>=70,4,IF(D3>=60,3.5,IF(D3>=50,3,IF(D3>=40,2,IF(D3>=33,1,0)))))))))
A4: ='Student Basic Info'!A4 -> 503 | B4: 11 | C4: 23 | D4: =IF(B4+C4=0, "", B4+C4) -> 34 | E4: =IF(D4="","", IF(AND(B4 >=10,C4>=23),"Pass","Fail")) -> Pass | F4: =(IF(D4="","",IF(E4="Fail","F",IF(D4>=80,"A+",IF(D4>=70,"A",IF(D4>=60,"A-",IF(D4>=50,"B",IF(D4>=40,"C",IF(D4>=33,"D","F"))))))))) -> D | G4: =(IF(D4="","",IF(F4="F",0,IF(D4>=80,5,IF(D4>=70,4,IF(D4>=60,3.5,IF(D4>=50,3,IF(D4>=40,2,IF(D4>=33,1,0))))))))) -> 1
A5: ='Student Basic Info'!A5 -> 504 | B5: 14 | C5: 17 | D5: =IF(B5+C5=0, "", B5+C5) -> 31 | E5: =IF(D5="","", IF(AND(B5 >=10,C5>=23),"Pass","Fail")) -> Fail | F5: =(IF(D5="","",IF(E5="Fail","F",IF(D5>=80,"A+",IF(D5>=70,"A",IF(D5>=60,"A-",IF(D5>=50,"B",IF(D5>=40,"C",IF(D5>=33,"D","F"))))))))) -> F | G5: =(IF(D5="","",IF(F5="F",0,IF(D5>=80,5,IF(D5>=70,4,IF(D5>=60,3.5,IF(D5>=50,3,IF(D5>=40,2,IF(D5>=33,1,0))))))))) -> 0
A6: ='Student Basic Info'!A6 -> 505 | D6: =IF(B6+C6=0, "", B6+C6) | E6: =IF(D6="","", IF(AND(B6 >=10,C6>=23),"Pass","Fail")) | F6: =(IF(D6="","",IF(E6="Fail","F",IF(D6>=80,"A+",IF(D6>=70,"A",IF(D6>=60,"A-",IF(D6>=50,"B",IF(D6>=40,"C",IF(D6>=33,"D","F"))))))))) | G6: =(IF(D6="","",IF(F6="F",0,IF(D6>=80,5,IF(D6>=70,4,IF(D6>=60,3.5,IF(D6>=50,3,IF(D6>=40,2,IF(D6>=33,1,0)))))))))
A7: ='Student Basic Info'!A7 -> 506 | D7: =IF(B7+C7=0, "", B7+C7) | E7: =IF(D7="","", IF(AND(B7 >=10,C7>=23),"Pass","Fail")) | F7: =(IF(D7="","",IF(E7="Fail","F",IF(D7>=80,"A+",IF(D7>=70,"A",IF(D7>=60,"A-",IF(D7>=50,"B",IF(D7>=40,"C",IF(D7>=33,"D","F"))))))))) | G7: =(IF(D7="","",IF(F7="F",0,IF(D7>=80,5,IF(D7>=70,4,IF(D7>=60,3.5,IF(D7>=50,3,IF(D7>=40,2,IF(D7>=33,1,0)))))))))
A8: ='Student Basic Info'!A8 -> 507 | B8: 21 | C8: 42 | D8: =IF(B8+C8=0, "", B8+C8) -> 63 | E8: =IF(D8="","", IF(AND(B8 >=10,C8>=23),"Pass","Fail")) -> Pass | F8: =(IF(D8="","",IF(E8="Fail","F",IF(D8>=80,"A+",IF(D8>=70,"A",IF(D8>=60,"A-",IF(D8>=50,"B",IF(D8>=40,"C",IF(D8>=33,"D","F"))))))))) -> A- | G8: =(IF(D8="","",IF(F8="F",0,IF(D8>=80,5,IF(D8>=70,4,IF(D8>=60,3.5,IF(D8>=50,3,IF(D8>=40,2,IF(D8>=33,1,0))))))))) -> 3.5
A9: ='Student Basic Info'!A9 -> 508 | B9: 20 | C9: 37 | D9: =IF(B9+C9=0, "", B9+C9) -> 57 | E9: =IF(D9="","", IF(AND(B9 >=10,C9>=23),"Pass","Fail")) -> Pass | F9: =(IF(D9="","",IF(E9="Fail","F",IF(D9>=80,"A+",IF(D9>=70,"A",IF(D9>=60,"A-",IF(D9>=50,"B",IF(D9>=40,"C",IF(D9>=33,"D","F"))))))))) -> B | G9: =(IF(D9="","",IF(F9="F",0,IF(D9>=80,5,IF(D9>=70,4,IF(D9>=60,3.5,IF(D9>=50,3,IF(D9>=40,2,IF(D9>=33,1,0))))))))) -> 3
A10: ='Student Basic Info'!A10 -> 509 | B10: 14 | C10: 15 | D10: =IF(B10+C10=0, "", B10+C10) -> 29 | E10: =IF(D10="","", IF(AND(B10 >=10,C10>=23),"Pass","Fail")) -> Fail | F10: =(IF(D10="","",IF(E10="Fail","F",IF(D10>=80,"A+",IF(D10>=70,"A",IF(D10>=60,"A-",IF(D10>=50,"B",IF(D10>=40,"C",IF(D10>=33,"D","F"))))))))) -> F | G10: =(IF(D10="","",IF(F10="F",0,IF(D10>=80,5,IF(D10>=70,4,IF(D10>=60,3.5,IF(D10>=50,3,IF(D10>=40,2,IF(D10>=33,1,0))))))))) -> 0
A11: ='Student Basic Info'!A11 -> 510 | D11: =IF(B11+C11=0, "", B11+C11) | E11: =IF(D11="","", IF(AND(B11 >=10,C11>=23),"Pass","Fail")) | F11: =(IF(D11="","",IF(E11="Fail","F",IF(D11>=80,"A+",IF(D11>=70,"A",IF(D11>=60,"A-",IF(D11>=50,"B",IF(D11>=40,"C",IF(D11>=33,"D","F"))))))))) | G11: =(IF(D11="","",IF(F11="F",0,IF(D11>=80,5,IF(D11>=70,4,IF(D11>=60,3.5,IF(D11>=50,3,IF(D11>=40,2,IF(D11>=33,1,0)))))))))
A12: ='Student Basic Info'!A12 -> 511 | B12: 18 | C12: 17 | D12: =IF(B12+C12=0, "", B12+C12) -> 35 | E12: =IF(D12="","", IF(AND(B12 >=10,C12>=23),"Pass","Fail")) -> Fail | F12: =(IF(D12="","",IF(E12="Fail","F",IF(D12>=80,"A+",IF(D12>=70,"A",IF(D12>=60,"A-",IF(D12>=50,"B",IF(D12>=40,"C",IF(D12>=33,"D","F"))))))))) -> F | G12: =(IF(D12="","",IF(F12="F",0,IF(D12>=80,5,IF(D12>=70,4,IF(D12>=60,3.5,IF(D12>=50,3,IF(D12>=40,2,IF(D12>=33,1,0))))))))) -> 0
A13: ='Student Basic Info'!A13 -> 512 | B13: 14 | C13: 23 | D13: =IF(B13+C13=0, "", B13+C13) -> 37 | E13: =IF(D13="","", IF(AND(B13 >=10,C13>=23),"Pass","Fail")) -> Pass | F13: =(IF(D13="","",IF(E13="Fail","F",IF(D13>=80,"A+",IF(D13>=70,"A",IF(D13>=60,"A-",IF(D13>=50,"B",IF(D13>=40,"C",IF(D13>=33,"D","F"))))))))) -> D | G13: =(IF(D13="","",IF(F13="F",0,IF(D13>=80,5,IF(D13>=70,4,IF(D13>=60,3.5,IF(D13>=50,3,IF(D13>=40,2,IF(D13>=33,1,0))))))))) -> 1
A14: ='Student Basic Info'!A14 -> 513 | B14: 17 | C14: 24 | D14: =IF(B14+C14=0, "", B14+C14) -> 41 | E14: =IF(D14="","", IF(AND(B14 >=10,C14>=23),"Pass","Fail")) -> Pass | F14: =(IF(D14="","",IF(E14="Fail","F",IF(D14>=80,"A+",IF(D14>=70,"A",IF(D14>=60,"A-",IF(D14>=50,"B",IF(D14>=40,"C",IF(D14>=33,"D","F"))))))))) -> C | G14: =(IF(D14="","",IF(F14="F",0,IF(D14>=80,5,IF(D14>=70,4,IF(D14>=60,3.5,IF(D14>=50,3,IF(D14>=40,2,IF(D14>=33,1,0))))))))) -> 2
A15: ='Student Basic Info'!A15 -> 514 | D15: =IF(B15+C15=0, "", B15+C15) | E15: =IF(D15="","", IF(AND(B15 >=10,C15>=23),"Pass","Fail")) | F15: =(IF(D15="","",IF(E15="Fail","F",IF(D15>=80,"A+",IF(D15>=70,"A",IF(D15>=60,"A-",IF(D15>=50,"B",IF(D15>=40,"C",IF(D15>=33,"D","F"))))))))) | G15: =(IF(D15="","",IF(F15="F",0,IF(D15>=80,5,IF(D15>=70,4,IF(D15>=60,3.5,IF(D15>=50,3,IF(D15>=40,2,IF(D15>=33,1,0)))))))))
A16: ='Student Basic Info'!A16 -> 515 | B16: 12 | C16: 17 | D16: =IF(B16+C16=0, "", B16+C16) -> 29 | E16: =IF(D16="","", IF(AND(B16 >=10,C16>=23),"Pass","Fail")) -> Fail | F16: =(IF(D16="","",IF(E16="Fail","F",IF(D16>=80,"A+",IF(D16>=70,"A",IF(D16>=60,"A-",IF(D16>=50,"B",IF(D16>=40,"C",IF(D16>=33,"D","F"))))))))) -> F | G16: =(IF(D16="","",IF(F16="F",0,IF(D16>=80,5,IF(D16>=70,4,IF(D16>=60,3.5,IF(D16>=50,3,IF(D16>=40,2,IF(D16>=33,1,0))))))))) -> 0
A17: ='Student Basic Info'!A17 -> 516 | B17: 22 | C17: 43 | D17: =IF(B17+C17=0, "", B17+C17) -> 65 | E17: =IF(D17="","", IF(AND(B17 >=10,C17>=23),"Pass","Fail")) -> Pass | F17: =(IF(D17="","",IF(E17="Fail","F",IF(D17>=80,"A+",IF(D17>=70,"A",IF(D17>=60,"A-",IF(D17>=50,"B",IF(D17>=40,"C",IF(D17>=33,"D","F"))))))))) -> A- | G17: =(IF(D17="","",IF(F17="F",0,IF(D17>=80,5,IF(D17>=70,4,IF(D17>=60,3.5,IF(D17>=50,3,IF(D17>=40,2,IF(D17>=33,1,0))))))))) -> 3.5
A18: ='Student Basic Info'!A18 -> 517 | D18: =IF(B18+C18=0, "", B18+C18) | E18: =IF(D18="","", IF(AND(B18 >=10,C18>=23),"Pass","Fail")) | F18: =(IF(D18="","",IF(E18="Fail","F",IF(D18>=80,"A+",IF(D18>=70,"A",IF(D18>=60,"A-",IF(D18>=50,"B",IF(D18>=40,"C",IF(D18>=33,"D","F"))))))))) | G18: =(IF(D18="","",IF(F18="F",0,IF(D18>=80,5,IF(D18>=70,4,IF(D18>=60,3.5,IF(D18>=50,3,IF(D18>=40,2,IF(D18>=33,1,0)))))))))
A19: ='Student Basic Info'!A19 -> 518 | D19: =IF(B19+C19=0, "", B19+C19) | E19: =IF(D19="","", IF(AND(B19 >=10,C19>=23),"Pass","Fail")) | F19: =(IF(D19="","",IF(E19="Fail","F",IF(D19>=80,"A+",IF(D19>=70,"A",IF(D19>=60,"A-",IF(D19>=50,"B",IF(D19>=40,"C",IF(D19>=33,"D","F"))))))))) | G19: =(IF(D19="","",IF(F19="F",0,IF(D19>=80,5,IF(D19>=70,4,IF(D19>=60,3.5,IF(D19>=50,3,IF(D19>=40,2,IF(D19>=33,1,0)))))))))
A20: ='Student Basic Info'!A20 -> 519 | B20: 22 | C20: 32 | D20: =IF(B20+C20=0, "", B20+C20) -> 54 | E20: =IF(D20="","", IF(AND(B20 >=10,C20>=23),"Pass","Fail")) -> Pass | F20: =(IF(D20="","",IF(E20="Fail","F",IF(D20>=80,"A+",IF(D20>=70,"A",IF(D20>=60,"A-",IF(D20>=50,"B",IF(D20>=40,"C",IF(D20>=33,"D","F"))))))))) -> B | G20: =(IF(D20="","",IF(F20="F",0,IF(D20>=80,5,IF(D20>=70,4,IF(D20>=60,3.5,IF(D20>=50,3,IF(D20>=40,2,IF(D20>=33,1,0))))))))) -> 3
A21: ='Student Basic Info'!A21 -> 520 | B21: 15 | C21: 4 | D21: =IF(B21+C21=0, "", B21+C21) -> 19 | E21: =IF(D21="","", IF(AND(B21 >=10,C21>=23),"Pass","Fail")) -> Fail | F21: =(IF(D21="","",IF(E21="Fail","F",IF(D21>=80,"A+",IF(D21>=70,"A",IF(D21>=60,"A-",IF(D21>=50,"B",IF(D21>=40,"C",IF(D21>=33,"D","F"))))))))) -> F | G21: =(IF(D21="","",IF(F21="F",0,IF(D21>=80,5,IF(D21>=70,4,IF(D21>=60,3.5,IF(D21>=50,3,IF(D21>=40,2,IF(D21>=33,1,0))))))))) -> 0
A22: ='Student Basic Info'!A22 -> 521 | D22: =IF(B22+C22=0, "", B22+C22) | E22: =IF(D22="","", IF(AND(B22 >=10,C22>=23),"Pass","Fail")) | F22: =(IF(D22="","",IF(E22="Fail","F",IF(D22>=80,"A+",IF(D22>=70,"A",IF(D22>=60,"A-",IF(D22>=50,"B",IF(D22>=40,"C",IF(D22>=33,"D","F"))))))))) | G22: =(IF(D22="","",IF(F22="F",0,IF(D22>=80,5,IF(D22>=70,4,IF(D22>=60,3.5,IF(D22>=50,3,IF(D22>=40,2,IF(D22>=33,1,0)))))))))
A23: ='Student Basic Info'!A23 -> 522 | B23: 24 | C23: 47 | D23: =IF(B23+C23=0, "", B23+C23) -> 71 | E23: =IF(D23="","", IF(AND(B23 >=10,C23>=23),"Pass","Fail")) -> Pass | F23: =(IF(D23="","",IF(E23="Fail","F",IF(D23>=80,"A+",IF(D23>=70,"A",IF(D23>=60,"A-",IF(D23>=50,"B",IF(D23>=40,"C",IF(D23>=33,"D","F"))))))))) -> A | G23: =(IF(D23="","",IF(F23="F",0,IF(D23>=80,5,IF(D23>=70,4,IF(D23>=60,3.5,IF(D23>=50,3,IF(D23>=40,2,IF(D23>=33,1,0))))))))) -> 4
A24: ='Student Basic Info'!A24 -> 523 | B24: 26 | C24: 19 | D24: =IF(B24+C24=0, "", B24+C24) -> 45 | E24: =IF(D24="","", IF(AND(B24 >=10,C24>=23),"Pass","Fail")) -> Fail | F24: =(IF(D24="","",IF(E24="Fail","F",IF(D24>=80,"A+",IF(D24>=70,"A",IF(D24>=60,"A-",IF(D24>=50,"B",IF(D24>=40,"C",IF(D24>=33,"D","F"))))))))) -> F | G24: =(IF(D24="","",IF(F24="F",0,IF(D24>=80,5,IF(D24>=70,4,IF(D24>=60,3.5,IF(D24>=50,3,IF(D24>=40,2,IF(D24>=33,1,0))))))))) -> 0
A25: ='Student Basic Info'!A25 -> 524 | B25: 25 | C25: 29 | D25: =IF(B25+C25=0, "", B25+C25) -> 54 | E25: =IF(D25="","", IF(AND(B25 >=10,C25>=23),"Pass","Fail")) -> Pass | F25: =(IF(D25="","",IF(E25="Fail","F",IF(D25>=80,"A+",IF(D25>=70,"A",IF(D25>=60,"A-",IF(D25>=50,"B",IF(D25>=40,"C",IF(D25>=33,"D","F"))))))))) -> B | G25: =(IF(D25="","",IF(F25="F",0,IF(D25>=80,5,IF(D25>=70,4,IF(D25>=60,3.5,IF(D25>=50,3,IF(D25>=40,2,IF(D25>=33,1,0))))))))) -> 3
A26: ='Student Basic Info'!A26 -> 525 | D26: =IF(B26+C26=0, "", B26+C26) | E26: =IF(D26="","", IF(AND(B26 >=10,C26>=23),"Pass","Fail")) | F26: =(IF(D26="","",IF(E26="Fail","F",IF(D26>=80,"A+",IF(D26>=70,"A",IF(D26>=60,"A-",IF(D26>=50,"B",IF(D26>=40,"C",IF(D26>=33,"D","F"))))))))) | G26: =(IF(D26="","",IF(F26="F",0,IF(D26>=80,5,IF(D26>=70,4,IF(D26>=60,3.5,IF(D26>=50,3,IF(D26>=40,2,IF(D26>=33,1,0)))))))))
A27: ='Student Basic Info'!A27 -> 526 | B27: 24 | C27: 35 | D27: =IF(B27+C27=0, "", B27+C27) -> 59 | E27: =IF(D27="","", IF(AND(B27 >=10,C27>=23),"Pass","Fail")) -> Pass | F27: =(IF(D27="","",IF(E27="Fail","F",IF(D27>=80,"A+",IF(D27>=70,"A",IF(D27>=60,"A-",IF(D27>=50,"B",IF(D27>=40,"C",IF(D27>=33,"D","F"))))))))) -> B | G27: =(IF(D27="","",IF(F27="F",0,IF(D27>=80,5,IF(D27>=70,4,IF(D27>=60,3.5,IF(D27>=50,3,IF(D27>=40,2,IF(D27>=33,1,0))))))))) -> 3
A28: ='Student Basic Info'!A28 -> 527 | D28: =IF(B28+C28=0, "", B28+C28) | E28: =IF(D28="","", IF(AND(B28 >=10,C28>=23),"Pass","Fail")) | F28: =(IF(D28="","",IF(E28="Fail","F",IF(D28>=80,"A+",IF(D28>=70,"A",IF(D28>=60,"A-",IF(D28>=50,"B",IF(D28>=40,"C",IF(D28>=33,"D","F"))))))))) | G28: =(IF(D28="","",IF(F28="F",0,IF(D28>=80,5,IF(D28>=70,4,IF(D28>=60,3.5,IF(D28>=50,3,IF(D28>=40,2,IF(D28>=33,1,0)))))))))
A29: ='Student Basic Info'!A29 -> 528 | B29: 25 | C29: 32 | D29: =IF(B29+C29=0, "", B29+C29) -> 57 | E29: =IF(D29="","", IF(AND(B29 >=10,C29>=23),"Pass","Fail")) -> Pass | F29: =(IF(D29="","",IF(E29="Fail","F",IF(D29>=80,"A+",IF(D29>=70,"A",IF(D29>=60,"A-",IF(D29>=50,"B",IF(D29>=40,"C",IF(D29>=33,"D","F"))))))))) -> B | G29: =(IF(D29="","",IF(F29="F",0,IF(D29>=80,5,IF(D29>=70,4,IF(D29>=60,3.5,IF(D29>=50,3,IF(D29>=40,2,IF(D29>=33,1,0))))))))) -> 3
A30: ='Student Basic Info'!A30 -> 529 | B30: 17 | C30: 20 | D30: =IF(B30+C30=0, "", B30+C30) -> 37 | E30: =IF(D30="","", IF(AND(B30 >=10,C30>=23),"Pass","Fail")) -> Fail | F30: =(IF(D30="","",IF(E30="Fail","F",IF(D30>=80,"A+",IF(D30>=70,"A",IF(D30>=60,"A-",IF(D30>=50,"B",IF(D30>=40,"C",IF(D30>=33,"D","F"))))))))) -> F | G30: =(IF(D30="","",IF(F30="F",0,IF(D30>=80,5,IF(D30>=70,4,IF(D30>=60,3.5,IF(D30>=50,3,IF(D30>=40,2,IF(D30>=33,1,0))))))))) -> 0
A31: ='Student Basic Info'!A31 -> 530 | D31: =IF(B31+C31=0, "", B31+C31) | E31: =IF(D31="","", IF(AND(B31 >=10,C31>=23),"Pass","Fail")) | F31: =(IF(D31="","",IF(E31="Fail","F",IF(D31>=80,"A+",IF(D31>=70,"A",IF(D31>=60,"A-",IF(D31>=50,"B",IF(D31>=40,"C",IF(D31>=33,"D","F"))))))))) | G31: =(IF(D31="","",IF(F31="F",0,IF(D31>=80,5,IF(D31>=70,4,IF(D31>=60,3.5,IF(D31>=50,3,IF(D31>=40,2,IF(D31>=33,1,0)))))))))
A32: ='Student Basic Info'!A32 -> 531 | B32: 17 | C32: 9 | D32: =IF(B32+C32=0, "", B32+C32) -> 26 | E32: =IF(D32="","", IF(AND(B32 >=10,C32>=23),"Pass","Fail")) -> Fail | F32: =(IF(D32="","",IF(E32="Fail","F",IF(D32>=80,"A+",IF(D32>=70,"A",IF(D32>=60,"A-",IF(D32>=50,"B",IF(D32>=40,"C",IF(D32>=33,"D","F"))))))))) -> F | G32: =(IF(D32="","",IF(F32="F",0,IF(D32>=80,5,IF(D32>=70,4,IF(D32>=60,3.5,IF(D32>=50,3,IF(D32>=40,2,IF(D32>=33,1,0))))))))) -> 0
A33: ='Student Basic Info'!A33 -> 532 | D33: =IF(B33+C33=0, "", B33+C33) | E33: =IF(D33="","", IF(AND(B33 >=10,C33>=23),"Pass","Fail")) | F33: =(IF(D33="","",IF(E33="Fail","F",IF(D33>=80,"A+",IF(D33>=70,"A",IF(D33>=60,"A-",IF(D33>=50,"B",IF(D33>=40,"C",IF(D33>=33,"D","F"))))))))) | G33: =(IF(D33="","",IF(F33="F",0,IF(D33>=80,5,IF(D33>=70,4,IF(D33>=60,3.5,IF(D33>=50,3,IF(D33>=40,2,IF(D33>=33,1,0)))))))))
A34: ='Student Basic Info'!A34 -> 533 | D34: =IF(B34+C34=0, "", B34+C34) | E34: =IF(D34="","", IF(AND(B34 >=10,C34>=23),"Pass","Fail")) | F34: =(IF(D34="","",IF(E34="Fail","F",IF(D34>=80,"A+",IF(D34>=70,"A",IF(D34>=60,"A-",IF(D34>=50,"B",IF(D34>=40,"C",IF(D34>=33,"D","F"))))))))) | G34: =(IF(D34="","",IF(F34="F",0,IF(D34>=80,5,IF(D34>=70,4,IF(D34>=60,3.5,IF(D34>=50,3,IF(D34>=40,2,IF(D34>=33,1,0)))))))))
A35: ='Student Basic Info'!A35 -> 534 | D35: =IF(B35+C35=0, "", B35+C35) | E35: =IF(D35="","", IF(AND(B35 >=10,C35>=23),"Pass","Fail")) | F35: =(IF(D35="","",IF(E35="Fail","F",IF(D35>=80,"A+",IF(D35>=70,"A",IF(D35>=60,"A-",IF(D35>=50,"B",IF(D35>=40,"C",IF(D35>=33,"D","F"))))))))) | G35: =(IF(D35="","",IF(F35="F",0,IF(D35>=80,5,IF(D35>=70,4,IF(D35>=60,3.5,IF(D35>=50,3,IF(D35>=40,2,IF(D35>=33,1,0)))))))))
A36: ='Student Basic Info'!A36 -> 535 | D36: =IF(B36+C36=0, "", B36+C36) | E36: =IF(D36="","", IF(AND(B36 >=10,C36>=23),"Pass","Fail")) | F36: =(IF(D36="","",IF(E36="Fail","F",IF(D36>=80,"A+",IF(D36>=70,"A",IF(D36>=60,"A-",IF(D36>=50,"B",IF(D36>=40,"C",IF(D36>=33,"D","F"))))))))) | G36: =(IF(D36="","",IF(F36="F",0,IF(D36>=80,5,IF(D36>=70,4,IF(D36>=60,3.5,IF(D36>=50,3,IF(D36>=40,2,IF(D36>=33,1,0)))))))))
A37: ='Student Basic Info'!A37 -> 536 | B37: 17 | C37: 18 | D37: =IF(B37+C37=0, "", B37+C37) -> 35 | E37: =IF(D37="","", IF(AND(B37 >=10,C37>=23),"Pass","Fail")) -> Fail | F37: =(IF(D37="","",IF(E37="Fail","F",IF(D37>=80,"A+",IF(D37>=70,"A",IF(D37>=60,"A-",IF(D37>=50,"B",IF(D37>=40,"C",IF(D37>=33,"D","F"))))))))) -> F | G37: =(IF(D37="","",IF(F37="F",0,IF(D37>=80,5,IF(D37>=70,4,IF(D37>=60,3.5,IF(D37>=50,3,IF(D37>=40,2,IF(D37>=33,1,0))))))))) -> 0
A38: ='Student Basic Info'!A38 -> 537 | B38: 16 | C38: 19 | D38: =IF(B38+C38=0, "", B38+C38) -> 35 | E38: =IF(D38="","", IF(AND(B38 >=10,C38>=23),"Pass","Fail")) -> Fail | F38: =(IF(D38="","",IF(E38="Fail","F",IF(D38>=80,"A+",IF(D38>=70,"A",IF(D38>=60,"A-",IF(D38>=50,"B",IF(D38>=40,"C",IF(D38>=33,"D","F"))))))))) -> F | G38: =(IF(D38="","",IF(F38="F",0,IF(D38>=80,5,IF(D38>=70,4,IF(D38>=60,3.5,IF(D38>=50,3,IF(D38>=40,2,IF(D38>=33,1,0))))))))) -> 0
A39: ='Student Basic Info'!A39 -> 538 | B39: 18 | C39: 25 | D39: =IF(B39+C39=0, "", B39+C39) -> 43 | E39: =IF(D39="","", IF(AND(B39 >=10,C39>=23),"Pass","Fail")) -> Pass | F39: =(IF(D39="","",IF(E39="Fail","F",IF(D39>=80,"A+",IF(D39>=70,"A",IF(D39>=60,"A-",IF(D39>=50,"B",IF(D39>=40,"C",IF(D39>=33,"D","F"))))))))) -> C | G39: =(IF(D39="","",IF(F39="F",0,IF(D39>=80,5,IF(D39>=70,4,IF(D39>=60,3.5,IF(D39>=50,3,IF(D39>=40,2,IF(D39>=33,1,0))))))))) -> 2
A40: ='Student Basic Info'!A40 -> 539 | B40: 14 | C40: 3 | D40: =IF(B40+C40=0, "", B40+C40) -> 17 | E40: =IF(D40="","", IF(AND(B40 >=10,C40>=23),"Pass","Fail")) -> Fail | F40: =(IF(D40="","",IF(E40="Fail","F",IF(D40>=80,"A+",IF(D40>=70,"A",IF(D40>=60,"A-",IF(D40>=50,"B",IF(D40>=40,"C",IF(D40>=33,"D","F"))))))))) -> F | G40: =(IF(D40="","",IF(F40="F",0,IF(D40>=80,5,IF(D40>=70,4,IF(D40>=60,3.5,IF(D40>=50,3,IF(D40>=40,2,IF(D40>=33,1,0))))))))) -> 0
A41: ='Student Basic Info'!A41 -> 540 | B41: 15 | C41: 14 | D41: =IF(B41+C41=0, "", B41+C41) -> 29 | E41: =IF(D41="","", IF(AND(B41 >=10,C41>=23),"Pass","Fail")) -> Fail | F41: =(IF(D41="","",IF(E41="Fail","F",IF(D41>=80,"A+",IF(D41>=70,"A",IF(D41>=60,"A-",IF(D41>=50,"B",IF(D41>=40,"C",IF(D41>=33,"D","F"))))))))) -> F | G41: =(IF(D41="","",IF(F41="F",0,IF(D41>=80,5,IF(D41>=70,4,IF(D41>=60,3.5,IF(D41>=50,3,IF(D41>=40,2,IF(D41>=33,1,0))))))))) -> 0
A42: ='Student Basic Info'!A42 -> 541 | D42: =IF(B42+C42=0, "", B42+C42) | E42: =IF(D42="","", IF(AND(B42 >=10,C42>=23),"Pass","Fail")) | F42: =(IF(D42="","",IF(E42="Fail","F",IF(D42>=80,"A+",IF(D42>=70,"A",IF(D42>=60,"A-",IF(D42>=50,"B",IF(D42>=40,"C",IF(D42>=33,"D","F"))))))))) | G42: =(IF(D42="","",IF(F42="F",0,IF(D42>=80,5,IF(D42>=70,4,IF(D42>=60,3.5,IF(D42>=50,3,IF(D42>=40,2,IF(D42>=33,1,0)))))))))
A43: ='Student Basic Info'!A43 -> 542 | B43: 17 | C43: 17 | D43: =IF(B43+C43=0, "", B43+C43) -> 34 | E43: =IF(D43="","", IF(AND(B43 >=10,C43>=23),"Pass","Fail")) -> Fail | F43: =(IF(D43="","",IF(E43="Fail","F",IF(D43>=80,"A+",IF(D43>=70,"A",IF(D43>=60,"A-",IF(D43>=50,"B",IF(D43>=40,"C",IF(D43>=33,"D","F"))))))))) -> F | G43: =(IF(D43="","",IF(F43="F",0,IF(D43>=80,5,IF(D43>=70,4,IF(D43>=60,3.5,IF(D43>=50,3,IF(D43>=40,2,IF(D43>=33,1,0))))))))) -> 0
A44: ='Student Basic Info'!A44 -> 543 | B44: 17 | C44: 8 | D44: =IF(B44+C44=0, "", B44+C44) -> 25 | E44: =IF(D44="","", IF(AND(B44 >=10,C44>=23),"Pass","Fail")) -> Fail | F44: =(IF(D44="","",IF(E44="Fail","F",IF(D44>=80,"A+",IF(D44>=70,"A",IF(D44>=60,"A-",IF(D44>=50,"B",IF(D44>=40,"C",IF(D44>=33,"D","F"))))))))) -> F | G44: =(IF(D44="","",IF(F44="F",0,IF(D44>=80,5,IF(D44>=70,4,IF(D44>=60,3.5,IF(D44>=50,3,IF(D44>=40,2,IF(D44>=33,1,0))))))))) -> 0
A45: ='Student Basic Info'!A45 -> 544 | B45: 17 | C45: 8 | D45: =IF(B45+C45=0, "", B45+C45) -> 25 | E45: =IF(D45="","", IF(AND(B45 >=10,C45>=23),"Pass","Fail")) -> Fail | F45: =(IF(D45="","",IF(E45="Fail","F",IF(D45>=80,"A+",IF(D45>=70,"A",IF(D45>=60,"A-",IF(D45>=50,"B",IF(D45>=40,"C",IF(D45>=33,"D","F"))))))))) -> F | G45: =(IF(D45="","",IF(F45="F",0,IF(D45>=80,5,IF(D45>=70,4,IF(D45>=60,3.5,IF(D45>=50,3,IF(D45>=40,2,IF(D45>=33,1,0))))))))) -> 0
A46: ='Student Basic Info'!A46 -> 545 | D46: =IF(B46+C46=0, "", B46+C46) | E46: =IF(D46="","", IF(AND(B46 >=10,C46>=23),"Pass","Fail")) | F46: =(IF(D46="","",IF(E46="Fail","F",IF(D46>=80,"A+",IF(D46>=70,"A",IF(D46>=60,"A-",IF(D46>=50,"B",IF(D46>=40,"C",IF(D46>=33,"D","F"))))))))) | G46: =(IF(D46="","",IF(F46="F",0,IF(D46>=80,5,IF(D46>=70,4,IF(D46>=60,3.5,IF(D46>=50,3,IF(D46>=40,2,IF(D46>=33,1,0)))))))))
A47: ='Student Basic Info'!A47 -> 546 | B47: 15 | C47: 8 | D47: =IF(B47+C47=0, "", B47+C47) -> 23 | E47: =IF(D47="","", IF(AND(B47 >=10,C47>=23),"Pass","Fail")) -> Fail | F47: =(IF(D47="","",IF(E47="Fail","F",IF(D47>=80,"A+",IF(D47>=70,"A",IF(D47>=60,"A-",IF(D47>=50,"B",IF(D47>=40,"C",IF(D47>=33,"D","F"))))))))) -> F | G47: =(IF(D47="","",IF(F47="F",0,IF(D47>=80,5,IF(D47>=70,4,IF(D47>=60,3.5,IF(D47>=50,3,IF(D47>=40,2,IF(D47>=33,1,0))))))))) -> 0
A48: ='Student Basic Info'!A48 -> 547 | D48: =IF(B48+C48=0, "", B48+C48) | E48: =IF(D48="","", IF(AND(B48 >=10,C48>=23),"Pass","Fail")) | F48: =(IF(D48="","",IF(E48="Fail","F",IF(D48>=80,"A+",IF(D48>=70,"A",IF(D48>=60,"A-",IF(D48>=50,"B",IF(D48>=40,"C",IF(D48>=33,"D","F"))))))))) | G48: =(IF(D48="","",IF(F48="F",0,IF(D48>=80,5,IF(D48>=70,4,IF(D48>=60,3.5,IF(D48>=50,3,IF(D48>=40,2,IF(D48>=33,1,0)))))))))
A49: ='Student Basic Info'!A49 -> 548 | D49: =IF(B49+C49=0, "", B49+C49) | E49: =IF(D49="","", IF(AND(B49 >=10,C49>=23),"Pass","Fail")) | F49: =(IF(D49="","",IF(E49="Fail","F",IF(D49>=80,"A+",IF(D49>=70,"A",IF(D49>=60,"A-",IF(D49>=50,"B",IF(D49>=40,"C",IF(D49>=33,"D","F"))))))))) | G49: =(IF(D49="","",IF(F49="F",0,IF(D49>=80,5,IF(D49>=70,4,IF(D49>=60,3.5,IF(D49>=50,3,IF(D49>=40,2,IF(D49>=33,1,0)))))))))
A50: ='Student Basic Info'!A50 -> 549 | B50: 19 | C50: 23 | D50: =IF(B50+C50=0, "", B50+C50) -> 42 | E50: =IF(D50="","", IF(AND(B50 >=10,C50>=23),"Pass","Fail")) -> Pass | F50: =(IF(D50="","",IF(E50="Fail","F",IF(D50>=80,"A+",IF(D50>=70,"A",IF(D50>=60,"A-",IF(D50>=50,"B",IF(D50>=40,"C",IF(D50>=33,"D","F"))))))))) -> C | G50: =(IF(D50="","",IF(F50="F",0,IF(D50>=80,5,IF(D50>=70,4,IF(D50>=60,3.5,IF(D50>=50,3,IF(D50>=40,2,IF(D50>=33,1,0))))))))) -> 2
A51: ='Student Basic Info'!A51 -> 550 | D51: =IF(B51+C51=0, "", B51+C51) | E51: =IF(D51="","", IF(AND(B51 >=10,C51>=23),"Pass","Fail")) | F51: =(IF(D51="","",IF(E51="Fail","F",IF(D51>=80,"A+",IF(D51>=70,"A",IF(D51>=60,"A-",IF(D51>=50,"B",IF(D51>=40,"C",IF(D51>=33,"D","F"))))))))) | G51: =(IF(D51="","",IF(F51="F",0,IF(D51>=80,5,IF(D51>=70,4,IF(D51>=60,3.5,IF(D51>=50,3,IF(D51>=40,2,IF(D51>=33,1,0)))))))))
A52: ='Student Basic Info'!A52 -> 551 | D52: =IF(B52+C52=0, "", B52+C52) | E52: =IF(D52="","", IF(AND(B52 >=10,C52>=23),"Pass","Fail")) | F52: =(IF(D52="","",IF(E52="Fail","F",IF(D52>=80,"A+",IF(D52>=70,"A",IF(D52>=60,"A-",IF(D52>=50,"B",IF(D52>=40,"C",IF(D52>=33,"D","F"))))))))) | G52: =(IF(D52="","",IF(F52="F",0,IF(D52>=80,5,IF(D52>=70,4,IF(D52>=60,3.5,IF(D52>=50,3,IF(D52>=40,2,IF(D52>=33,1,0)))))))))
A53: ='Student Basic Info'!A53 -> 552 | B53: 18 | C53: 12 | D53: =IF(B53+C53=0, "", B53+C53) -> 30 | E53: =IF(D53="","", IF(AND(B53 >=10,C53>=23),"Pass","Fail")) -> Fail | F53: =(IF(D53="","",IF(E53="Fail","F",IF(D53>=80,"A+",IF(D53>=70,"A",IF(D53>=60,"A-",IF(D53>=50,"B",IF(D53>=40,"C",IF(D53>=33,"D","F"))))))))) -> F | G53: =(IF(D53="","",IF(F53="F",0,IF(D53>=80,5,IF(D53>=70,4,IF(D53>=60,3.5,IF(D53>=50,3,IF(D53>=40,2,IF(D53>=33,1,0))))))))) -> 0
A54: ='Student Basic Info'!A54 -> 553 | D54: =IF(B54+C54=0, "", B54+C54) | E54: =IF(D54="","", IF(AND(B54 >=10,C54>=23),"Pass","Fail")) | F54: =(IF(D54="","",IF(E54="Fail","F",IF(D54>=80,"A+",IF(D54>=70,"A",IF(D54>=60,"A-",IF(D54>=50,"B",IF(D54>=40,"C",IF(D54>=33,"D","F"))))))))) | G54: =(IF(D54="","",IF(F54="F",0,IF(D54>=80,5,IF(D54>=70,4,IF(D54>=60,3.5,IF(D54>=50,3,IF(D54>=40,2,IF(D54>=33,1,0)))))))))
